#
# There is insufficient memory for the Java Runtime Environment to continue.
# Native memory allocation (mmap) failed to map 65536 bytes. Error detail: Failed to commit metaspace.
# Possible reasons:
#   The system is out of physical RAM or swap space
#   This process is running with CompressedOops enabled, and the Java Heap may be blocking the growth of the native heap
# Possible solutions:
#   Reduce memory load on the system
#   Increase physical memory or swap space
#   Check if swap backing store is full
#   Decrease Java heap size (-Xmx/-Xms)
#   Decrease number of Java threads
#   Decrease Java thread stack sizes (-Xss)
#   Set larger code cache with -XX:ReservedCodeCacheSize=
#   JVM is running with Unscaled Compressed Oops mode in which the Java heap is
#     placed in the first 4GB address space. The Java Heap base address is the
#     maximum limit for the native heap growth. Please use -XX:HeapBaseMinAddress
#     to set the Java Heap base and to place the Java Heap above 4GB virtual address.
# This output file may be truncated or incomplete.
#
#  Out of Memory Error (virtualSpaceNode.cpp:113), pid=13276, tid=17904
#
# JRE version: OpenJDK Runtime Environment (21.0.8) (build 21.0.8+-14196175-b1038.72)
# Java VM: OpenJDK 64-Bit Server VM (21.0.8+-14196175-b1038.72, mixed mode, tiered, compressed oops, compressed class ptrs, g1 gc, windows-amd64)
# No core dump will be written. Minidumps are not enabled by default on client versions of Windows
#

---------------  S U M M A R Y ------------

Command Line: org.jetbrains.kotlin.cli.jvm.K2JVMCompiler @S:\dev\CaribTap\flutter-ulistings-app\flutter_universal_listings\build\firebase_storage\20260212_9757933386175380447.compiler.options

Host: Intel(R) Core(TM) i5-6300HQ CPU @ 2.30GHz, 4 cores, 7G,  Windows 11 , 64 bit Build 22000 (10.0.22000.1516)
Time: Thu Feb 12 15:19:21 2026 SA Western Standard Time elapsed time: 1.944967 seconds (0d 0h 0m 1s)

---------------  T H R E A D  ---------------

Current thread (0x0000020b37288b50):  JavaThread "main"             [_thread_in_vm, id=17904, stack(0x00000095c6300000,0x00000095c6400000) (1024K)]

Stack: [0x00000095c6300000,0x00000095c6400000]
Native frames: (J=compiled Java code, j=interpreted, Vv=VM code, C=native code)
V  [jvm.dll+0x6d68d9]
V  [jvm.dll+0x866693]
V  [jvm.dll+0x868c4e]
V  [jvm.dll+0x869333]
V  [jvm.dll+0x280566]
V  [jvm.dll+0x86155e]
V  [jvm.dll+0x679fd5]
V  [jvm.dll+0x1e45d1]
V  [jvm.dll+0x1e439e]
V  [jvm.dll+0x67c928]
V  [jvm.dll+0x67c762]
V  [jvm.dll+0x67a9ce]
V  [jvm.dll+0x6849f7]
V  [jvm.dll+0x21633c]
V  [jvm.dll+0x216885]
V  [jvm.dll+0x217266]
V  [jvm.dll+0x20c21a]
V  [jvm.dll+0x5b72a5]
V  [jvm.dll+0x7de6a3]
V  [jvm.dll+0x7de7eb]
V  [jvm.dll+0x4725b7]
V  [jvm.dll+0x477f08]
C  [java.dll+0x17ec]

Java frames: (J=compiled Java code, j=interpreted, Vv=VM code)
J 307  java.lang.ClassLoader.defineClass1(Ljava/lang/ClassLoader;Ljava/lang/String;[BIILjava/security/ProtectionDomain;Ljava/lang/String;)Ljava/lang/Class; java.base@21.0.8 (0 bytes) @ 0x0000020b441e9c09 [0x0000020b441e9b40+0x00000000000000c9]
j  java.lang.ClassLoader.defineClass(Ljava/lang/String;[BIILjava/security/ProtectionDomain;)Ljava/lang/Class;+27 java.base@21.0.8
j  java.security.SecureClassLoader.defineClass(Ljava/lang/String;[BIILjava/security/CodeSource;)Ljava/lang/Class;+12 java.base@21.0.8
J 650 c1 jdk.internal.loader.BuiltinClassLoader.defineClass(Ljava/lang/String;Ljdk/internal/loader/Resource;)Ljava/lang/Class; java.base@21.0.8 (121 bytes) @ 0x0000020b3c80041c [0x0000020b3c7ff200+0x000000000000121c]
J 527 c1 jdk.internal.loader.BuiltinClassLoader.findClassOnClassPathOrNull(Ljava/lang/String;)Ljava/lang/Class; java.base@21.0.8 (134 bytes) @ 0x0000020b3c7bd274 [0x0000020b3c7bc580+0x0000000000000cf4]
J 262 c1 jdk.internal.loader.BuiltinClassLoader.loadClassOrNull(Ljava/lang/String;Z)Ljava/lang/Class; java.base@21.0.8 (143 bytes) @ 0x0000020b3c74decc [0x0000020b3c74d5c0+0x000000000000090c]
J 613 c1 jdk.internal.loader.ClassLoaders$AppClassLoader.loadClass(Ljava/lang/String;Z)Ljava/lang/Class; java.base@21.0.8 (40 bytes) @ 0x0000020b3c7e87dc [0x0000020b3c7e8600+0x00000000000001dc]
J 612 c1 java.lang.ClassLoader.loadClass(Ljava/lang/String;)Ljava/lang/Class; java.base@21.0.8 (7 bytes) @ 0x0000020b3c7e82c4 [0x0000020b3c7e81c0+0x0000000000000104]
v  ~StubRoutines::call_stub 0x0000020b43c3100d
j  org.jetbrains.kotlin.storage.LockBasedStorageManager.<clinit>()V+33
v  ~StubRoutines::call_stub 0x0000020b43c3100d
j  org.jetbrains.kotlin.load.java.NullabilityAnnotationStatesImpl.<init>(Ljava/util/Map;)V+16
j  org.jetbrains.kotlin.load.java.JavaNullabilityAnnotationSettingsKt.<clinit>()V+551
v  ~StubRoutines::call_stub 0x0000020b43c3100d
j  org.jetbrains.kotlin.load.java.JavaTypeEnhancementState.<clinit>()V+18
v  ~StubRoutines::call_stub 0x0000020b43c3100d
j  org.jetbrains.kotlin.config.JvmAnalysisFlags$Delegates$JavaTypeEnhancementStateWarnByDefault.provideDelegate(Ljava/lang/Object;Lkotlin/reflect/KProperty;)Lorg/jetbrains/kotlin/config/AnalysisFlag$Delegate;+16
j  org.jetbrains.kotlin.config.JvmAnalysisFlags.<clinit>()V+285
v  ~StubRoutines::call_stub 0x0000020b43c3100d
j  org.jetbrains.kotlin.cli.common.arguments.K2JVMCompilerArguments.configureAnalysisFlags(Lorg/jetbrains/kotlin/cli/common/messages/MessageCollector;Lorg/jetbrains/kotlin/config/LanguageVersion;)Ljava/util/Map;+22
j  org.jetbrains.kotlin.cli.common.arguments.CommonCompilerArguments.toLanguageVersionSettings(Lorg/jetbrains/kotlin/cli/common/messages/MessageCollector;Ljava/util/Map;)Lorg/jetbrains/kotlin/config/LanguageVersionSettings;+64
j  org.jetbrains.kotlin.cli.common.arguments.CommonCompilerArguments.toLanguageVersionSettings(Lorg/jetbrains/kotlin/cli/common/messages/MessageCollector;)Lorg/jetbrains/kotlin/config/LanguageVersionSettings;+12
j  org.jetbrains.kotlin.cli.common.ArgumentsKt.setupLanguageVersionSettings(Lorg/jetbrains/kotlin/config/CompilerConfiguration;Lorg/jetbrains/kotlin/cli/common/arguments/CommonCompilerArguments;)V+30
j  org.jetbrains.kotlin.cli.common.ArgumentsKt.setupCommonArguments(Lorg/jetbrains/kotlin/config/CompilerConfiguration;Lorg/jetbrains/kotlin/cli/common/arguments/CommonCompilerArguments;Lkotlin/jvm/functions/Function1;)V+415
j  org.jetbrains.kotlin.cli.common.CLICompiler.setupCommonArguments(Lorg/jetbrains/kotlin/config/CompilerConfiguration;Lorg/jetbrains/kotlin/cli/common/arguments/CommonCompilerArguments;)V+13
j  org.jetbrains.kotlin.cli.common.CLICompiler.execImpl(Lorg/jetbrains/kotlin/cli/common/messages/MessageCollector;Lorg/jetbrains/kotlin/config/Services;Lorg/jetbrains/kotlin/cli/common/arguments/CommonCompilerArguments;)Lorg/jetbrains/kotlin/cli/common/ExitCode;+103
j  org.jetbrains.kotlin.cli.common.CLICompiler.exec(Lorg/jetbrains/kotlin/cli/common/messages/MessageCollector;Lorg/jetbrains/kotlin/config/Services;Lorg/jetbrains/kotlin/cli/common/arguments/CommonCompilerArguments;)Lorg/jetbrains/kotlin/cli/common/ExitCode;+89
j  org.jetbrains.kotlin.cli.common.CLICompiler.exec(Ljava/io/PrintStream;Lorg/jetbrains/kotlin/config/Services;Lorg/jetbrains/kotlin/cli/common/messages/MessageRenderer;[Ljava/lang/String;)Lorg/jetbrains/kotlin/cli/common/ExitCode;+259
j  org.jetbrains.kotlin.cli.common.CLICompiler.exec(Ljava/io/PrintStream;Lorg/jetbrains/kotlin/cli/common/messages/MessageRenderer;[Ljava/lang/String;)Lorg/jetbrains/kotlin/cli/common/ExitCode;+26
j  org.jetbrains.kotlin.cli.common.CLICompiler$Companion.doMainNoExit(Lorg/jetbrains/kotlin/cli/common/CLICompiler;[Ljava/lang/String;Lorg/jetbrains/kotlin/cli/common/messages/MessageRenderer;)Lorg/jetbrains/kotlin/cli/common/ExitCode;+39
j  org.jetbrains.kotlin.cli.common.CLICompiler$Companion.doMainNoExit$default(Lorg/jetbrains/kotlin/cli/common/CLICompiler$Companion;Lorg/jetbrains/kotlin/cli/common/CLICompiler;[Ljava/lang/String;Lorg/jetbrains/kotlin/cli/common/messages/MessageRenderer;ILjava/lang/Object;)Lorg/jetbrains/kotlin/cli/common/ExitCode;+16
j  org.jetbrains.kotlin.cli.common.CLICompiler$Companion.doMain(Lorg/jetbrains/kotlin/cli/common/CLICompiler;[Ljava/lang/String;)V+54
j  org.jetbrains.kotlin.cli.jvm.K2JVMCompiler$Companion.main([Ljava/lang/String;)V+20
j  org.jetbrains.kotlin.cli.jvm.K2JVMCompiler.main([Ljava/lang/String;)V+4
v  ~StubRoutines::call_stub 0x0000020b43c3100d

Compiled method (n/a) 2133  307     n 0       java.lang.ClassLoader::defineClass1 (native)
 total in heap  [0x0000020b441e9990,0x0000020b441e9fe8] = 1624
 relocation     [0x0000020b441e9af0,0x0000020b441e9b28] = 56
 main code      [0x0000020b441e9b40,0x0000020b441e9fe7] = 1191
 stub code      [0x0000020b441e9fe7,0x0000020b441e9fe8] = 1

[Constant Pool (empty)]

[MachCode]
[Entry Point]
  # {method} {0x0000020b51025088} 'defineClass1' '(Ljava/lang/ClassLoader;Ljava/lang/String;[BIILjava/security/ProtectionDomain;Ljava/lang/String;)Ljava/lang/Class;' in 'java/lang/ClassLoader'
  # parm0:    rdx:rdx   = 'java/lang/ClassLoader'
  # parm1:    r8:r8     = 'java/lang/String'
  # parm2:    r9:r9     = '[B'
  # parm3:    rdi       = int
  # parm4:    rsi       = int
  # parm5:    rcx:rcx   = 'java/security/ProtectionDomain'
  # parm6:    [sp+0xa0]   = 'java/lang/String'  (sp of caller)
  0x0000020b441e9b40: 448b 5208 | 49c1 e203 | 493b c20f | 8407 0000 

  0x0000020b441e9b50: ;   {runtime_call ic_miss_stub}
  0x0000020b441e9b50: 00e9 2a4c | a9ff 6690 
[Verified Entry Point]
  0x0000020b441e9b58: 8984 2400 | 80ff ff55 | 488b ec48 | 81ec 9000 | 0000 6690 | 4181 7f20 | 0100 0000 

  0x0000020b441e9b74: ;   {runtime_call StubRoutines (final stubs)}
  0x0000020b441e9b74: 7405 e8a5 | ffa7 ff48 | 837d 1000 | 488d 4510 | 480f 4445 | 1048 8944 | 2440 4889 | 4c24 7048 
  0x0000020b441e9b94: 83f9 0048 | 8d44 2470 | 480f 4444 | 2470 4889 | 4424 3848 | 8974 2430 | 4889 7c24 | 284c 894c 
  0x0000020b441e9bb4: 2458 4983 | f900 488d | 4424 5848 | 0f44 4424 | 5848 8944 | 2420 4c89 | 4424 5049 | 83f8 004c 
  0x0000020b441e9bd4: 8d4c 2450 | 4c0f 444c | 2450 4889 | 5424 4848 | 83fa 004c | 8d44 2448 | 4c0f 4444 

  0x0000020b441e9bf0: ;   {oop(a 'java/lang/Class'{0x000000008bdc8310} = 'java/lang/ClassLoader')}
  0x0000020b441e9bf0: 2448 49be | 1083 dc8b | 0000 0000 | 4c89 7424 | 784c 8d74 | 2478 498b | d6c5 f877 

  0x0000020b441e9c0c: ;   {internal_word}
  0x0000020b441e9c0c: 49ba 099c | 1e44 0b02 | 0000 4d89 | 97a0 0300 | 0049 89a7 | 9803 0000 

  0x0000020b441e9c24: ;   {external_word}
  0x0000020b441e9c24: 49ba 18fa | 8d26 fc7f | 0000 4180 | 3a00 0f84 | 4e00 0000 | 5241 5041 

  0x0000020b441e9c3c: ;   {metadata({method} {0x0000020b51025088} 'defineClass1' '(Ljava/lang/ClassLoader;Ljava/lang/String;[BIILjava/security/ProtectionDomain;Ljava/lang/String;)Ljava/lang/Class;' in 'java/lang/ClassLoader')}
  0x0000020b441e9c3c: 5148 ba80 | 5002 510b | 0200 0049 | 8bcf 4883 | ec20 40f6 | c40f 0f84 | 1900 0000 | 4883 ec08 
  0x0000020b441e9c5c: ;   {runtime_call}
  0x0000020b441e9c5c: 48b8 90d7 | 4726 fc7f | 0000 ffd0 | 4883 c408 | e90c 0000 

  0x0000020b441e9c70: ;   {runtime_call}
  0x0000020b441e9c70: 0048 b890 | d747 26fc | 7f00 00ff | d048 83c4 | 2041 5941 | 585a 498d | 8fb8 0300 | 0041 c787 
  0x0000020b441e9c90: 4404 0000 | 0400 0000 

  0x0000020b441e9c98: ;   {runtime_call}
  0x0000020b441e9c98: 48b8 ac16 | 374f fc7f | 0000 ffd0 | c5f8 7741 | c787 4404 | 0000 0500 | 0000 f083 | 4424 c000 
  0x0000020b441e9cb8: 493b af48 | 0400 000f | 870e 0000 | 0041 83bf | 4004 0000 | 000f 842b | 0000 00c5 | f877 4889 
  0x0000020b441e9cd8: 45f8 498b | cf4c 8be4 | 4883 ec20 | 4883 e4f0 

  0x0000020b441e9ce8: ;   {runtime_call}
  0x0000020b441e9ce8: 48b8 2014 | 1326 fc7f | 0000 ffd0 | 498b e44d | 33e4 488b | 45f8 41c7 | 8744 0400 | 0008 0000 
  0x0000020b441e9d08: 0041 83bf | c004 0000 | 020f 84a3 

  0x0000020b441e9d14: ;   {external_word}
  0x0000020b441e9d14: 0200 0049 | ba18 fa8d | 26fc 7f00 | 0041 803a | 000f 844c | 0000 0048 

  0x0000020b441e9d2c: ;   {metadata({method} {0x0000020b51025088} 'defineClass1' '(Ljava/lang/ClassLoader;Ljava/lang/String;[BIILjava/security/ProtectionDomain;Ljava/lang/String;)Ljava/lang/Class;' in 'java/lang/ClassLoader')}
  0x0000020b441e9d2c: 8945 f848 | ba80 5002 | 510b 0200 | 0049 8bcf | 4883 ec20 | 40f6 c40f | 0f84 1900 | 0000 4883 
  0x0000020b441e9d4c: ;   {runtime_call}
  0x0000020b441e9d4c: ec08 48b8 | 90d7 4726 | fc7f 0000 | ffd0 4883 | c408 e90c 

  0x0000020b441e9d60: ;   {runtime_call}
  0x0000020b441e9d60: 0000 0048 | b890 d747 | 26fc 7f00 | 00ff d048 | 83c4 2048 | 8b45 f849 | c787 9803 | 0000 0000 
  0x0000020b441e9d80: 0000 49c7 | 87a0 0300 | 0000 0000 | 00c5 f877 | 4885 c00f | 84fe 0100 | 00a8 030f | 8508 0000 
  0x0000020b441e9da0: 0048 8b00 | e9ee 0100 | 00a8 010f | 8509 0000 | 0048 8b40 | fee9 dd01 | 0000 488b | 40ff 4180 
  0x0000020b441e9dc0: 7f40 000f | 84ce 0100 | 0048 83f8 | 000f 84c4 | 0100 0049 | 8b4f 2848 | 83f9 000f | 8414 0000 
  0x0000020b441e9de0: 0048 83e9 | 0849 894f | 2849 034f | 3848 8901 | e9a2 0100 | 0048 81ec | d000 0000 | 4889 0424 
  0x0000020b441e9e00: 4889 4c24 | 0848 8954 | 2410 4889 | 7424 1848 | 897c 2420 | 4c89 4424 | 284c 894c | 2430 4c89 
  0x0000020b441e9e20: 5424 384c | 895c 2440 | c5fb 1144 | 2450 c5fb | 114c 2458 | c5fb 1154 | 2460 c5fb | 115c 2468 
  0x0000020b441e9e40: c5fb 1164 | 2470 c5fb | 116c 2478 | c5fb 11b4 | 2480 0000 | 00c5 fb11 | bc24 8800 | 0000 c57b 
  0x0000020b441e9e60: ;   {no_reloc}
  0x0000020b441e9e60: 1184 2490 | 0000 00c5 | 7b11 8c24 | 9800 0000 | c57b 1194 | 24a0 0000 | 00c5 7b11 | 9c24 a800 
  0x0000020b441e9e80: 0000 c57b | 11a4 24b0 | 0000 00c5 | 7b11 ac24 | b800 0000 | c57b 11b4 | 24c0 0000 | 00c5 7b11 
  0x0000020b441e9ea0: bc24 c800 | 0000 498b | d748 8bc8 | 4883 ec20 | 40f6 c40f | 0f84 1900 | 0000 4883 

  0x0000020b441e9ebc: ;   {runtime_call}
  0x0000020b441e9ebc: ec08 48b8 | 1022 0626 | fc7f 0000 | ffd0 4883 | c408 e90c 

  0x0000020b441e9ed0: ;   {runtime_call}
  0x0000020b441e9ed0: 0000 0048 | b810 2206 | 26fc 7f00 | 00ff d048 | 83c4 20c5 | 7b10 bc24 | c800 0000 | c57b 10b4 
  0x0000020b441e9ef0: 24c0 0000 | 00c5 7b10 | ac24 b800 | 0000 c57b | 10a4 24b0 | 0000 00c5 | 7b10 9c24 | a800 0000 
  0x0000020b441e9f10: c57b 1094 | 24a0 0000 | 00c5 7b10 | 8c24 9800 | 0000 c57b | 1084 2490 | 0000 00c5 | fb10 bc24 
  0x0000020b441e9f30: 8800 0000 | c5fb 10b4 | 2480 0000 | 00c5 fb10 | 6c24 78c5 | fb10 6424 | 70c5 fb10 | 5c24 68c5 
  0x0000020b441e9f50: fb10 5424 | 60c5 fb10 | 4c24 58c5 | fb10 4424 | 504c 8b5c | 2440 4c8b | 5424 384c | 8b4c 2430 
  0x0000020b441e9f70: 4c8b 4424 | 2848 8b7c | 2420 488b | 7424 1848 | 8b54 2410 | 488b 4c24 | 0848 8b04 | 2448 81c4 
  0x0000020b441e9f90: d000 0000 | c5f8 7749 | 8b8f 2804 | 0000 c781 | 0001 0000 | 0000 0000 | c949 837f | 0800 0f85 
  0x0000020b441e9fb0: 0100 0000 

  0x0000020b441e9fb4: ;   {runtime_call StubRoutines (initial stubs)}
  0x0000020b441e9fb4: c3e9 466f | a4ff c5f8 | 7748 8945 | f84c 8be4 | 4883 ec20 | 4883 e4f0 

  0x0000020b441e9fcc: ;   {runtime_call}
  0x0000020b441e9fcc: 48b8 e00e | 4826 fc7f | 0000 ffd0 | 498b e44d | 33e4 488b | 45f8 e930 | fdff fff4 
[/MachCode]


Compiled method (c1) 2185  650       3       jdk.internal.loader.BuiltinClassLoader::defineClass (121 bytes)
 total in heap  [0x0000020b3c7fee10,0x0000020b3c8014a0] = 9872
 relocation     [0x0000020b3c7fef70,0x0000020b3c7ff1f8] = 648
 main code      [0x0000020b3c7ff200,0x0000020b3c800870] = 5744
 stub code      [0x0000020b3c800870,0x0000020b3c8009c0] = 336
 oops           [0x0000020b3c8009c0,0x0000020b3c8009c8] = 8
 metadata       [0x0000020b3c8009c8,0x0000020b3c800ab8] = 240
 scopes data    [0x0000020b3c800ab8,0x0000020b3c800ec8] = 1040
 scopes pcs     [0x0000020b3c800ec8,0x0000020b3c8012c8] = 1024
 dependencies   [0x0000020b3c8012c8,0x0000020b3c801318] = 80
 handler table  [0x0000020b3c801318,0x0000020b3c801420] = 264
 nul chk table  [0x0000020b3c801420,0x0000020b3c8014a0] = 128

[Constant Pool (empty)]

[MachCode]
[Entry Point]
  # {method} {0x0000020b511026d8} 'defineClass' '(Ljava/lang/String;Ljdk/internal/loader/Resource;)Ljava/lang/Class;' in 'jdk/internal/loader/BuiltinClassLoader'
  # this:     rdx:rdx   = 'jdk/internal/loader/BuiltinClassLoader'
  # parm0:    r8:r8     = 'java/lang/String'
  # parm1:    r9:r9     = 'jdk/internal/loader/Resource'
  #           [sp+0x140]  (sp of caller)
  0x0000020b3c7ff200: 448b 5208 | 49c1 e203 

  0x0000020b3c7ff208: ;   {runtime_call ic_miss_stub}
  0x0000020b3c7ff208: 4c3b d00f | 856f f547 | 0766 6666 | 0f1f 8400 | 0000 0000 | 6666 6690 
[Verified Entry Point]
  0x0000020b3c7ff220: 8984 2400 | 80ff ff55 | 4881 ec30 | 0100 0090 | 4181 7f20 | 0100 0000 

  0x0000020b3c7ff238: ;   {runtime_call StubRoutines (final stubs)}
  0x0000020b3c7ff238: 7405 e8e1 | a846 0748 | 8994 24d0 | 0000 004c | 8984 24c0 | 0000 004c | 898c 24c8 

  0x0000020b3c7ff254: ;   {metadata(method data for {method} {0x0000020b511026d8} 'defineClass' '(Ljava/lang/String;Ljdk/internal/loader/Resource;)Ljava/lang/Class;' in 'jdk/internal/loader/BuiltinClassLoader')}
  0x0000020b3c7ff254: 0000 0048 | b948 9391 | 510b 0200 | 008b b1cc | 0000 0083 | c602 89b1 | cc00 0000 | 81e6 fe07 
  0x0000020b3c7ff274: 0000 85f6 | 0f84 0c12 | 0000 493b | 0149 8bc9 

  0x0000020b3c7ff284: ;   {metadata(method data for {method} {0x0000020b511026d8} 'defineClass' '(Ljava/lang/String;Ljdk/internal/loader/Resource;)Ljava/lang/Class;' in 'jdk/internal/loader/BuiltinClassLoader')}
  0x0000020b3c7ff284: 48be 4893 | 9151 0b02 | 0000 4883 | 8628 0100 

  0x0000020b3c7ff294: ;   {metadata(method data for {method} {0x0000020b5147d2b0} 'getCodeSourceURL' '()Ljava/net/URL;' in 'jdk/internal/loader/URLClassPath$JarLoader$2')}
  0x0000020b3c7ff294: 0001 48b9 | f022 9751 | 0b02 0000 | 8bb1 cc00 | 0000 83c6 | 0289 b1cc | 0000 0081 | e6fe ff1f 
  0x0000020b3c7ff2b4: 0085 f60f | 84f3 1100 | 0041 8b49 | 208b 711c | 4889 b424 | d800 0000 

  0x0000020b3c7ff2cc: ; implicit exception: dispatches to 0x0000020b3c8004d6
  0x0000020b3c7ff2cc: 493b 0049 

  0x0000020b3c7ff2d0: ;   {metadata(method data for {method} {0x0000020b511026d8} 'defineClass' '(Ljava/lang/String;Ljdk/internal/loader/Resource;)Ljava/lang/Class;' in 'jdk/internal/loader/BuiltinClassLoader')}
  0x0000020b3c7ff2d0: 8bc8 48bf | 4893 9151 | 0b02 0000 | 4883 8748 | 0100 0001 

  0x0000020b3c7ff2e4: ;   {metadata(method data for {method} {0x0000020b5100b730} 'lastIndexOf' '(I)I' in 'java/lang/String')}
  0x0000020b3c7ff2e4: 48b9 d831 | 4f51 0b02 | 0000 8bb9 | cc00 0000 | 83c7 0289 | b9cc 0000 | 0081 e7fe | ff1f 0085 
  0x0000020b3c7ff304: ff0f 84d0 | 1100 0049 

  0x0000020b3c7ff30c: ;   {metadata(method data for {method} {0x0000020b5100b730} 'lastIndexOf' '(I)I' in 'java/lang/String')}
  0x0000020b3c7ff30c: 8bc8 48bf | d831 4f51 | 0b02 0000 | 4883 8710 | 0100 0001 

  0x0000020b3c7ff320: ;   {metadata(method data for {method} {0x0000020b51009d30} 'length' '()I' in 'java/lang/String')}
  0x0000020b3c7ff320: 48b9 e87b | 3651 0b02 | 0000 8bb9 | cc00 0000 | 83c7 0289 | b9cc 0000 | 0081 e7fe | ff1f 0085 
  0x0000020b3c7ff340: ff0f 84b5 | 1100 0041 | 8b78 148b | 5f0c 498b 

  0x0000020b3c7ff350: ;   {metadata(method data for {method} {0x0000020b51009d30} 'length' '()I' in 'java/lang/String')}
  0x0000020b3c7ff350: c848 b8e8 | 7b36 510b | 0200 0048 | 8380 1001 

  0x0000020b3c7ff360: ;   {metadata(method data for {method} {0x0000020b5100f8a0} 'coder' '()B' in 'java/lang/String')}
  0x0000020b3c7ff360: 0000 0148 | b988 a833 | 510b 0200 | 008b 81cc | 0000 0083 | c002 8981 | cc00 0000 | 25fe ff1f 
  0x0000020b3c7ff380: 0085 c00f | 8499 1100 

  0x0000020b3c7ff388: ;   {metadata(method data for {method} {0x0000020b5100f8a0} 'coder' '()B' in 'java/lang/String')}
  0x0000020b3c7ff388: 0048 b988 | a833 510b | 0200 00ff | 8120 0100 | 0041 0fbe 

  0x0000020b3c7ff39c: ;   {metadata(method data for {method} {0x0000020b5100f8a0} 'coder' '()B' in 'java/lang/String')}
  0x0000020b3c7ff39c: 4010 48b9 | 88a8 3351 | 0b02 0000 | ff81 3001 | 0000 488b | c8c1 e118 | c1f9 18d3 | fbff cb49 
  0x0000020b3c7ff3bc: ;   {metadata(method data for {method} {0x0000020b5100b730} 'lastIndexOf' '(I)I' in 'java/lang/String')}
  0x0000020b3c7ff3bc: 8bc8 49bb | d831 4f51 | 0b02 0000 | 4983 8348 | 0100 0001 

  0x0000020b3c7ff3d0: ;   {metadata(method data for {method} {0x0000020b5100b7f8} 'lastIndexOf' '(II)I' in 'java/lang/String')}
  0x0000020b3c7ff3d0: 48b9 202c | 4f51 0b02 | 0000 448b | 99cc 0000 | 0041 83c3 | 0244 8999 | cc00 0000 | 4181 e3fe 
  0x0000020b3c7ff3f0: ff1f 0045 | 85db 0f84 | 4711 0000 

  0x0000020b3c7ff3fc: ;   {metadata(method data for {method} {0x0000020b5100b7f8} 'lastIndexOf' '(II)I' in 'java/lang/String')}
  0x0000020b3c7ff3fc: 498b c849 | bb20 2c4f | 510b 0200 | 0049 8383 | 1001 0000 

  0x0000020b3c7ff410: ;   {metadata(method data for {method} {0x0000020b5100fa20} 'isLatin1' '()Z' in 'java/lang/String')}
  0x0000020b3c7ff410: 0148 b918 | cf31 510b | 0200 0044 | 8b99 cc00 | 0000 4183 | c302 4489 | 99cc 0000 | 0041 81e3 
  0x0000020b3c7ff430: feff 1f00 | 4585 db0f | 8427 1100 

  0x0000020b3c7ff43c: ;   {metadata(method data for {method} {0x0000020b5100fa20} 'isLatin1' '()Z' in 'java/lang/String')}
  0x0000020b3c7ff43c: 0048 b918 | cf31 510b | 0200 00ff | 8120 0100 

  0x0000020b3c7ff44c: ;   {metadata(method data for {method} {0x0000020b5100fa20} 'isLatin1' '()Z' in 'java/lang/String')}
  0x0000020b3c7ff44c: 0085 c048 | b818 cf31 | 510b 0200 | 0048 c7c1 | 3001 0000 | 7507 48c7 | c140 0100 | 004c 8b1c 
  0x0000020b3c7ff46c: 084d 8d5b | 014c 891c | 080f 851a 

  0x0000020b3c7ff478: ;   {metadata(method data for {method} {0x0000020b5100fa20} 'isLatin1' '()Z' in 'java/lang/String')}
  0x0000020b3c7ff478: 0000 0048 | b818 cf31 | 510b 0200 | 00ff 8050 | 0100 00b8 | 0100 0000 | e905 0000 | 00b8 0000 
  0x0000020b3c7ff498: 0000 83e0 

  0x0000020b3c7ff49c: ;   {metadata(method data for {method} {0x0000020b5100b7f8} 'lastIndexOf' '(II)I' in 'java/lang/String')}
  0x0000020b3c7ff49c: 0185 c048 | b820 2c4f | 510b 0200 | 0048 c7c1 | 4801 0000 | 7407 48c7 | c158 0100 | 004c 8b1c 
  0x0000020b3c7ff4bc: 084d 8d5b | 014c 891c | 080f 8446 

  0x0000020b3c7ff4c8: ;   {metadata(method data for {method} {0x0000020b5100b7f8} 'lastIndexOf' '(II)I' in 'java/lang/String')}
  0x0000020b3c7ff4c8: 0000 0048 | b820 2c4f | 510b 0200 | 0048 8380 | 6801 0000 | 0148 8bd7 | 41b8 2e00 | 0000 4c8b 
  0x0000020b3c7ff4e8: cb66 0f1f 

  0x0000020b3c7ff4ec: ;   {static_call}
  0x0000020b3c7ff4ec: 4400 00e8 

  0x0000020b3c7ff4f0: ; ImmutableOopMap {[192]=Oop [200]=Oop [208]=Oop [216]=Oop }
                      ;*invokestatic lastIndexOf {reexecute=0 rethrow=0 return_oop=0}
                      ; - java.lang.String::lastIndexOf@13
                      ; - java.lang.String::lastIndexOf@8
                      ; - jdk.internal.loader.BuiltinClassLoader::defineClass@8
  0x0000020b3c7ff4f0: ac4f a007 

  0x0000020b3c7ff4f4: ;   {other}
  0x0000020b3c7ff4f4: 0f1f 8400 | e406 0000 

  0x0000020b3c7ff4fc: ;   {metadata(method data for {method} {0x0000020b5100b7f8} 'lastIndexOf' '(II)I' in 'java/lang/String')}
  0x0000020b3c7ff4fc: 48ba 202c | 4f51 0b02 | 0000 ff82 | 7801 0000 | e92b 0000 

  0x0000020b3c7ff510: ;   {metadata(method data for {method} {0x0000020b5100b7f8} 'lastIndexOf' '(II)I' in 'java/lang/String')}
  0x0000020b3c7ff510: 0048 ba20 | 2c4f 510b | 0200 0048 | 8382 9001 | 0000 0148 | 8bd7 41b8 | 2e00 0000 

  0x0000020b3c7ff52c: ;   {static_call}
  0x0000020b3c7ff52c: 4c8b cbe8 

  0x0000020b3c7ff530: ; ImmutableOopMap {[192]=Oop [200]=Oop [208]=Oop [216]=Oop }
                      ;*invokestatic lastIndexOf {reexecute=0 rethrow=0 return_oop=0}
                      ; - java.lang.String::lastIndexOf@25
                      ; - java.lang.String::lastIndexOf@8
                      ; - jdk.internal.loader.BuiltinClassLoader::defineClass@8
  0x0000020b3c7ff530: 4cfb 4707 

  0x0000020b3c7ff534: ;   {other}
  0x0000020b3c7ff534: 0f1f 8400 | 2407 0001 

  0x0000020b3c7ff53c: ;   {metadata(method data for {method} {0x0000020b511026d8} 'defineClass' '(Ljava/lang/String;Ljdk/internal/loader/Resource;)Ljava/lang/Class;' in 'jdk/internal/loader/BuiltinClassLoader')}
  0x0000020b3c7ff53c: 83f8 ff49 | b848 9391 | 510b 0200 | 0049 c7c1 | 8001 0000 | 7407 49c7 | c190 0100 | 004b 8b14 
  0x0000020b3c7ff55c: 0848 8d52 | 014b 8914 | 080f 8481 | 0500 004c | 8b84 24c0 

  0x0000020b3c7ff570: ;   {metadata(method data for {method} {0x0000020b511026d8} 'defineClass' '(Ljava/lang/String;Ljdk/internal/loader/Resource;)Ljava/lang/Class;' in 'jdk/internal/loader/BuiltinClassLoader')}
  0x0000020b3c7ff570: 0000 0049 | b948 9391 | 510b 0200 | 0049 8381 | a001 0000 | 0141 b800 | 0000 004c | 8bc8 488b 
  0x0000020b3c7ff590: 9424 c000 

  0x0000020b3c7ff594: ;   {optimized virtual_call}
  0x0000020b3c7ff594: 0000 90e8 

  0x0000020b3c7ff598: ; ImmutableOopMap {[192]=Oop [200]=Oop [208]=Oop [216]=Oop }
                      ;*invokevirtual substring {reexecute=0 rethrow=0 return_oop=0}
                      ; - jdk.internal.loader.BuiltinClassLoader::defineClass@23
  0x0000020b3c7ff598: c45d f2ff 

  0x0000020b3c7ff59c: ;   {other}
  0x0000020b3c7ff59c: 0f1f 8400 | 8c07 0002 | 4c8b 8c24 | c800 0000 

  0x0000020b3c7ff5ac: ;   {metadata(method data for {method} {0x0000020b511026d8} 'defineClass' '(Ljava/lang/String;Ljdk/internal/loader/Resource;)Ljava/lang/Class;' in 'jdk/internal/loader/BuiltinClassLoader')}
  0x0000020b3c7ff5ac: 48be 4893 | 9151 0b02 | 0000 4883 | 86f0 0100 

  0x0000020b3c7ff5bc: ;   {metadata(method data for {method} {0x0000020b5147d4f0} 'getManifest' '()Ljava/util/jar/Manifest;' in 'jdk/internal/loader/URLClassPath$JarLoader$2')}
  0x0000020b3c7ff5bc: 0001 48be | 3024 9751 | 0b02 0000 | 8bbe cc00 | 0000 83c7 | 0289 becc | 0000 0081 | e7fe ff1f 
  0x0000020b3c7ff5dc: 0085 ff0f | 84a0 0f00 

  0x0000020b3c7ff5e4: ;   {metadata(method data for {method} {0x0000020b5147d4f0} 'getManifest' '()Ljava/util/jar/Manifest;' in 'jdk/internal/loader/URLClassPath$JarLoader$2')}
  0x0000020b3c7ff5e4: 0048 be30 | 2497 510b | 0200 0048 | 8386 1001 

  0x0000020b3c7ff5f4: ;   {metadata(method data for {method} {0x0000020b51188a48} 'javaUtilJarAccess' '()Ljdk/internal/access/JavaUtilJarAccess;' in 'jdk/internal/access/SharedSecrets')}
  0x0000020b3c7ff5f4: 0000 0148 | be88 0667 | 510b 0200 | 008b becc | 0000 0083 | c702 89be | cc00 0000 | 81e7 feff 
  0x0000020b3c7ff614: 1f00 85ff | 0f84 880f 

  0x0000020b3c7ff61c: ;   {oop(a 'java/lang/Class'{0x000000008be03e60} = 'jdk/internal/access/SharedSecrets')}
  0x0000020b3c7ff61c: 0000 48be | 603e e08b | 0000 0000 | 8bb6 d400 | 0000 4885 

  0x0000020b3c7ff630: ;   {metadata(method data for {method} {0x0000020b51188a48} 'javaUtilJarAccess' '()Ljdk/internal/access/JavaUtilJarAccess;' in 'jdk/internal/access/SharedSecrets')}
  0x0000020b3c7ff630: f648 bf88 | 0667 510b | 0200 0048 | c7c3 1001 | 0000 7507 | 48c7 c320 | 0100 0048 | 8b14 1f48 
  0x0000020b3c7ff650: 8d52 0148 | 8914 1f48 | 8984 24e0 | 0000 000f | 8575 0200 

  0x0000020b3c7ff664: ;   {metadata(method data for {method} {0x0000020b51188a48} 'javaUtilJarAccess' '()Ljdk/internal/access/JavaUtilJarAccess;' in 'jdk/internal/access/SharedSecrets')}
  0x0000020b3c7ff664: 0048 be88 | 0667 510b | 0200 0048 | 8386 3001 

  0x0000020b3c7ff674: ;   {metadata(method data for {method} {0x0000020b5118b9c0} 'ensureClassInitialized' '(Ljava/lang/Class;)V' in 'jdk/internal/access/SharedSecrets')}
  0x0000020b3c7ff674: 0000 0148 | be00 0867 | 510b 0200 | 008b becc | 0000 0083 | c702 89be | cc00 0000 | 81e7 feff 
  0x0000020b3c7ff694: 1f00 85ff | 0f84 290f 

  0x0000020b3c7ff69c: ;   {metadata(method data for {method} {0x0000020b5118b9c0} 'ensureClassInitialized' '(Ljava/lang/Class;)V' in 'jdk/internal/access/SharedSecrets')}
  0x0000020b3c7ff69c: 0000 48be | 0008 6751 | 0b02 0000 | 4883 8610 | 0100 0001 

  0x0000020b3c7ff6b0: ;   {metadata(method data for {method} {0x0000020b512bf1f8} 'lookup' '()Ljava/lang/invoke/MethodHandles$Lookup;' in 'java/lang/invoke/MethodHandles')}
  0x0000020b3c7ff6b0: 48be b009 | 6751 0b02 | 0000 8bbe | cc00 0000 | 83c7 0289 | becc 0000 | 0081 e7fe | ff1f 0085 
  0x0000020b3c7ff6d0: ff0f 8411 

  0x0000020b3c7ff6d4: ;   {metadata(method data for {method} {0x0000020b512bf1f8} 'lookup' '()Ljava/lang/invoke/MethodHandles$Lookup;' in 'java/lang/invoke/MethodHandles')}
  0x0000020b3c7ff6d4: 0f00 0048 | beb0 0967 | 510b 0200 | 0048 8386 | 1001 0000 | 0166 0f1f 

  0x0000020b3c7ff6ec: ;   {static_call}
  0x0000020b3c7ff6ec: 4400 00e8 

  0x0000020b3c7ff6f0: ; ImmutableOopMap {[192]=Oop [200]=Oop [208]=Oop [216]=Oop [224]=Oop }
                      ;*invokestatic getCallerClass {reexecute=0 rethrow=0 return_oop=0}
                      ; - java.lang.invoke.MethodHandles::lookup@0
                      ; - jdk.internal.access.SharedSecrets::ensureClassInitialized@0
                      ; - jdk.internal.access.SharedSecrets::javaUtilJarAccess@10
                      ; - jdk.internal.loader.URLClassPath$JarLoader$2::getManifest@0
                      ; - jdk.internal.loader.BuiltinClassLoader::defineClass@29
  0x0000020b3c7ff6f0: 8cf9 4707 

  0x0000020b3c7ff6f4: ;   {other}
  0x0000020b3c7ff6f4: 0f1f 8400 | e408 0003 | 4c8b c04d 

  0x0000020b3c7ff700: ;   {metadata(method data for {method} {0x0000020b512bf1f8} 'lookup' '()Ljava/lang/invoke/MethodHandles$Lookup;' in 'java/lang/invoke/MethodHandles')}
  0x0000020b3c7ff700: 85c0 48ba | b009 6751 | 0b02 0000 | 48c7 c630 | 0100 0074 | 0748 c7c6 | 2001 0000 | 488b 3c32 
  0x0000020b3c7ff720: 488d 7f01 | 4889 3c32 | 0f84 1301 

  0x0000020b3c7ff72c: ;   {metadata('java/lang/invoke/MethodHandles$Lookup')}
  0x0000020b3c7ff72c: 0000 48ba | b01d 0200 | 0100 0000 | 498b 87b8 | 0100 0048 | 8d78 2049 | 3bbf c801 | 0000 0f87 
  0x0000020b3c7ff74c: b90e 0000 | 4989 bfb8 | 0100 0048 | c700 0100 | 0000 488b | ca48 c1e9 | 0389 4808 | 4833 c989 
  0x0000020b3c7ff76c: 480c 4833 | c948 8948 | 1048 8948 | 184c 8bc8 

  0x0000020b3c7ff77c: ;   {metadata(method data for {method} {0x0000020b512bf1f8} 'lookup' '()Ljava/lang/invoke/MethodHandles$Lookup;' in 'java/lang/invoke/MethodHandles')}
  0x0000020b3c7ff77c: 48bf b009 | 6751 0b02 | 0000 4883 | 8750 0100 

  0x0000020b3c7ff78c: ;   {metadata(method data for {method} {0x0000020b512ce058} '<init>' '(Ljava/lang/Class;)V' in 'java/lang/invoke/MethodHandles$Lookup')}
  0x0000020b3c7ff78c: 0001 49b9 | 480b 6751 | 0b02 0000 | 418b b9cc | 0000 0083 | c702 4189 | b9cc 0000 | 0081 e7fe 
  0x0000020b3c7ff7ac: ff1f 0085 | ff0f 845f | 0e00 004c 

  0x0000020b3c7ff7b8: ;   {metadata(method data for {method} {0x0000020b512ce058} '<init>' '(Ljava/lang/Class;)V' in 'java/lang/invoke/MethodHandles$Lookup')}
  0x0000020b3c7ff7b8: 8bc8 48bf | 480b 6751 | 0b02 0000 | 4883 8710 | 0100 0001 

  0x0000020b3c7ff7cc: ;   {oop(nullptr)}
  0x0000020b3c7ff7cc: 49b9 0000 | 0000 0000 | 0000 bf5f | 0000 0048 | 8bd0 4889 | 8424 e800 

  0x0000020b3c7ff7e4: ;   {optimized virtual_call}
  0x0000020b3c7ff7e4: 0000 90e8 

  0x0000020b3c7ff7e8: ; ImmutableOopMap {[192]=Oop [200]=Oop [208]=Oop [216]=Oop [224]=Oop [232]=Oop }
                      ;*invokespecial <init> {reexecute=0 rethrow=0 return_oop=0}
                      ; - java.lang.invoke.MethodHandles$Lookup::<init>@5
                      ; - java.lang.invoke.MethodHandles::lookup@23
                      ; - jdk.internal.access.SharedSecrets::ensureClassInitialized@0
                      ; - jdk.internal.access.SharedSecrets::javaUtilJarAccess@10
                      ; - jdk.internal.loader.URLClassPath$JarLoader$2::getManifest@0
                      ; - jdk.internal.loader.BuiltinClassLoader::defineClass@29
  0x0000020b3c7ff7e8: 94f2 4707 

  0x0000020b3c7ff7ec: ;   {other}
  0x0000020b3c7ff7ec: 0f1f 8400 | dc09 0004 | 488b 8424 | e800 0000 

  0x0000020b3c7ff7fc: ;   {metadata(method data for {method} {0x0000020b5118b9c0} 'ensureClassInitialized' '(Ljava/lang/Class;)V' in 'jdk/internal/access/SharedSecrets')}
  0x0000020b3c7ff7fc: 4c8b c048 | ba00 0867 | 510b 0200 | 0048 8382 | 2001 0000 

  0x0000020b3c7ff810: ;   {oop(a 'java/lang/Class'{0x000000008be03f60} = 'java/util/jar/JarFile')}
  0x0000020b3c7ff810: 0149 b860 | 3fe0 8b00 | 0000 0048 

  0x0000020b3c7ff81c: ;   {optimized virtual_call}
  0x0000020b3c7ff81c: 8bd0 90e8 

  0x0000020b3c7ff820: ; ImmutableOopMap {[192]=Oop [200]=Oop [208]=Oop [216]=Oop [224]=Oop }
                      ;*invokevirtual ensureInitialized {reexecute=0 rethrow=0 return_oop=0}
                      ; - jdk.internal.access.SharedSecrets::ensureClassInitialized@4
                      ; - jdk.internal.access.SharedSecrets::javaUtilJarAccess@10
                      ; - jdk.internal.loader.URLClassPath$JarLoader$2::getManifest@0
                      ; - jdk.internal.loader.BuiltinClassLoader::defineClass@29
  0x0000020b3c7ff820: 5cf2 4707 

  0x0000020b3c7ff824: ;   {other}
  0x0000020b3c7ff824: 0f1f 8400 | 140a 0005 

  0x0000020b3c7ff82c: ;   {metadata(method data for {method} {0x0000020b5118b9c0} 'ensureClassInitialized' '(Ljava/lang/Class;)V' in 'jdk/internal/access/SharedSecrets')}
  0x0000020b3c7ff82c: 48ba 0008 | 6751 0b02 | 0000 ff82 | 5801 0000 | e986 0000 | 000f 1f80 | 0000 0000 

  0x0000020b3c7ff848: ;   {no_reloc}
  0x0000020b3c7ff848: e9f9 0d00 | 0000 0000 | 0000 e9f9 | 0d00 004c 

  0x0000020b3c7ff858: ;   {metadata(method data for {method} {0x0000020b512bf1f8} 'lookup' '()Ljava/lang/invoke/MethodHandles$Lookup;' in 'java/lang/invoke/MethodHandles')}
  0x0000020b3c7ff858: 8bc0 48ba | b009 6751 | 0b02 0000 | 4883 8240 | 0100 0001 

  0x0000020b3c7ff86c: ;   {oop("no caller frame"{0x000000008be04010})}
  0x0000020b3c7ff86c: 49b8 1040 | e08b 0000 | 0000 488b | d048 8984 | 24f0 0000 | 0066 0f1f 

  0x0000020b3c7ff884: ;   {optimized virtual_call}
  0x0000020b3c7ff884: 4400 00e8 

  0x0000020b3c7ff888: ; ImmutableOopMap {[192]=Oop [200]=Oop [208]=Oop [216]=Oop [224]=Oop [240]=Oop }
                      ;*invokespecial <init> {reexecute=0 rethrow=0 return_oop=0}
                      ; - java.lang.invoke.MethodHandles::lookup@14
                      ; - jdk.internal.access.SharedSecrets::ensureClassInitialized@0
                      ; - jdk.internal.access.SharedSecrets::javaUtilJarAccess@10
                      ; - jdk.internal.loader.URLClassPath$JarLoader$2::getManifest@0
                      ; - jdk.internal.loader.BuiltinClassLoader::defineClass@29
  0x0000020b3c7ff888: f4f1 4707 

  0x0000020b3c7ff88c: ;   {other}
  0x0000020b3c7ff88c: 0f1f 8400 | 7c0a 0006 | 488b 8424 

  0x0000020b3c7ff898: ; ImmutableOopMap {rax=Oop [192]=Oop [200]=Oop [208]=Oop [216]=Oop [224]=Oop }
                      ;*athrow {reexecute=1 rethrow=0 return_oop=0}
                      ; - (reexecute) java.lang.invoke.MethodHandles::lookup@17
                      ; - jdk.internal.access.SharedSecrets::ensureClassInitialized@0
                      ; - jdk.internal.access.SharedSecrets::javaUtilJarAccess@10
                      ; - jdk.internal.loader.URLClassPath$JarLoader$2::getManifest@0
                      ; - jdk.internal.loader.BuiltinClassLoader::defineClass@29
  0x0000020b3c7ff898: f000 0000 

  0x0000020b3c7ff89c: ;   {section_word}
  0x0000020b3c7ff89c: 48ba 9cf8 | 7f3c 0b02 

  0x0000020b3c7ff8a4: ;   {runtime_call handle_exception_nofpu Runtime1 stub}
  0x0000020b3c7ff8a4: 0000 e8d5 | b854 0790 | 498b 87f8 | 0400 004d | 33d2 4d89 | 97f8 0400 | 004d 33d2 | 4d89 9700 
  0x0000020b3c7ff8c4: ;   {oop(a 'java/lang/Class'{0x000000008be03e60} = 'jdk/internal/access/SharedSecrets')}
  0x0000020b3c7ff8c4: 0500 0048 | ba60 3ee0 | 8b00 0000 | 008b 92d4 | 0000 0048 | 8bf2 4c8b | 8c24 c800 | 0000 418b 
  0x0000020b3c7ff8e4: 5120 8b52 | 1848 85f6 | 0f84 2000 

  0x0000020b3c7ff8f0: ;   {metadata('java/util/jar/JavaUtilJarAccessImpl')}
  0x0000020b3c7ff8f0: 0000 48b9 | 10df 0300 | 0100 0000 | 8b46 0848 | c1e0 0348 | 3b48 380f | 8555 0d00 | 00e9 0000 
  0x0000020b3c7ff910: 0000 488b | fe48 3b06 

  0x0000020b3c7ff918: ;   {metadata(method data for {method} {0x0000020b5147d4f0} 'getManifest' '()Ljava/util/jar/Manifest;' in 'jdk/internal/loader/URLClassPath$JarLoader$2')}
  0x0000020b3c7ff918: 48bf 3024 | 9751 0b02 

  0x0000020b3c7ff920: ;   {metadata('java/util/jar/JavaUtilJarAccessImpl')}
  0x0000020b3c7ff920: 0000 49ba | 10df 0300 | 0100 0000 | 4c89 9730 | 0100 0048 | 8387 3801 

  0x0000020b3c7ff938: ;   {metadata(method data for {method} {0x0000020b513c2ef8} 'ensureInitialization' '(Ljava/util/jar/JarFile;)V' in 'java/util/jar/JavaUtilJarAccessImpl')}
  0x0000020b3c7ff938: 0000 0148 | be00 2697 | 510b 0200 | 008b becc | 0000 0083 | c702 89be | cc00 0000 | 81e7 feff 
  0x0000020b3c7ff958: 1f00 85ff | 0f84 0a0d | 0000 483b | 0248 8bf2 

  0x0000020b3c7ff968: ;   {metadata(method data for {method} {0x0000020b513c2ef8} 'ensureInitialization' '(Ljava/util/jar/JarFile;)V' in 'java/util/jar/JavaUtilJarAccessImpl')}
  0x0000020b3c7ff968: 48bf 0026 | 9751 0b02 

  0x0000020b3c7ff970: ;   {metadata('java/util/jar/JarFile')}
  0x0000020b3c7ff970: 0000 49ba | f0d9 0300 | 0100 0000 | 4c89 9720 | 0100 0048 | 8387 2801 | 0000 010f 

  0x0000020b3c7ff98c: ;   {optimized virtual_call}
  0x0000020b3c7ff98c: 1f40 00e8 

  0x0000020b3c7ff990: ; ImmutableOopMap {[192]=Oop [200]=Oop [208]=Oop [216]=Oop [224]=Oop }
                      ;*invokevirtual ensureInitialization {reexecute=0 rethrow=0 return_oop=0}
                      ; - java.util.jar.JavaUtilJarAccessImpl::ensureInitialization@1
                      ; - jdk.internal.loader.URLClassPath$JarLoader$2::getManifest@10
                      ; - jdk.internal.loader.BuiltinClassLoader::defineClass@29
  0x0000020b3c7ff990: f10e 0000 

  0x0000020b3c7ff994: ;   {other}
  0x0000020b3c7ff994: 0f1f 8400 | 840b 0008 | 4c8b 8c24 | c800 0000 | 418b 5120 

  0x0000020b3c7ff9a8: ; implicit exception: dispatches to 0x0000020b3c800692
  0x0000020b3c7ff9a8: 8b52 1848 | 3b02 488b 

  0x0000020b3c7ff9b0: ;   {metadata(method data for {method} {0x0000020b5147d4f0} 'getManifest' '()Ljava/util/jar/Manifest;' in 'jdk/internal/loader/URLClassPath$JarLoader$2')}
  0x0000020b3c7ff9b0: f248 bf30 | 2497 510b 

  0x0000020b3c7ff9b8: ;   {metadata('java/util/jar/JarFile')}
  0x0000020b3c7ff9b8: 0200 0049 | baf0 d903 | 0001 0000 | 004c 8997 | 6801 0000 | 4883 8770 | 0100 0001 

  0x0000020b3c7ff9d4: ;   {metadata(method data for {method} {0x0000020b513bf5a0} 'getManifest' '()Ljava/util/jar/Manifest;' in 'java/util/jar/JarFile')}
  0x0000020b3c7ff9d4: 48be 7079 | 6551 0b02 | 0000 8bbe | cc00 0000 | 83c7 0289 | becc 0000 | 0081 e7fe | ff1f 0085 
  0x0000020b3c7ff9f4: ff0f 84a1 | 0c00 0048 

  0x0000020b3c7ff9fc: ;   {metadata(method data for {method} {0x0000020b513bf5a0} 'getManifest' '()Ljava/util/jar/Manifest;' in 'java/util/jar/JarFile')}
  0x0000020b3c7ff9fc: 8bf2 48bf | 7079 6551 | 0b02 0000 | 4883 8710 | 0100 0001 | 0f1f 8000 

  0x0000020b3c7ffa14: ;   {optimized virtual_call}
  0x0000020b3c7ffa14: 0000 00e8 

  0x0000020b3c7ffa18: ; ImmutableOopMap {[192]=Oop [200]=Oop [208]=Oop [216]=Oop [224]=Oop }
                      ;*invokevirtual getManifestFromReference {reexecute=0 rethrow=0 return_oop=0}
                      ; - java.util.jar.JarFile::getManifest@1
                      ; - jdk.internal.loader.URLClassPath$JarLoader$2::getManifest@22
                      ; - jdk.internal.loader.BuiltinClassLoader::defineClass@29
  0x0000020b3c7ffa18: e468 ffff 

  0x0000020b3c7ffa1c: ;   {other}
  0x0000020b3c7ffa1c: 0f1f 8400 | 0c0c 0009 | 4c8b 8424 | e000 0000 | 488b 9424 | d000 0000 

  0x0000020b3c7ffa34: ;   {metadata(method data for {method} {0x0000020b511026d8} 'defineClass' '(Ljava/lang/String;Ljdk/internal/loader/Resource;)Ljava/lang/Class;' in 'jdk/internal/loader/BuiltinClassLoader')}
  0x0000020b3c7ffa34: 49b9 4893 | 9151 0b02 | 0000 8b52 | 0848 c1e2 | 0349 3b91 | 2002 0000 | 750d 4983 | 8128 0200 
  0x0000020b3c7ffa54: 0001 e960 | 0000 0049 | 3b91 3002 | 0000 750d | 4983 8138 | 0200 0001 | e94a 0000 | 0049 83b9 
  0x0000020b3c7ffa74: 2002 0000 | 0075 1749 | 8991 2002 | 0000 49c7 | 8128 0200 | 0001 0000 | 00e9 2900 | 0000 4983 
  0x0000020b3c7ffa94: b930 0200 | 0000 7517 | 4989 9130 | 0200 0049 | c781 3802 | 0000 0100 | 0000 e908 | 0000 0049 
  0x0000020b3c7ffab4: 8381 1002 | 0000 014c | 8bc8 488b | bc24 d800 | 0000 488b | 9424 d000 | 0000 0f1f | 8000 0000 
  0x0000020b3c7ffad4: 0048 b8b0 | 45af 500b 

  0x0000020b3c7ffadc: ;   {virtual_call}
  0x0000020b3c7ffadc: 0200 00e8 

  0x0000020b3c7ffae0: ; ImmutableOopMap {[192]=Oop [200]=Oop [208]=Oop [216]=Oop }
                      ;*invokevirtual defineOrCheckPackage {reexecute=0 rethrow=0 return_oop=0}
                      ; - jdk.internal.loader.BuiltinClassLoader::defineClass@40
  0x0000020b3c7ffae0: 5924 4707 

  0x0000020b3c7ffae4: ;   {other}
  0x0000020b3c7ffae4: 0f1f 8400 | d40c 000a | 4c8b 8c24 | c800 0000 

  0x0000020b3c7ffaf4: ;   {metadata(method data for {method} {0x0000020b511026d8} 'defineClass' '(Ljava/lang/String;Ljdk/internal/loader/Resource;)Ljava/lang/Class;' in 'jdk/internal/loader/BuiltinClassLoader')}
  0x0000020b3c7ffaf4: 498b c149 | b848 9391 | 510b 0200 | 008b 4008 | 48c1 e003 | 493b 8058 | 0200 0075 | 0d49 8380 
  0x0000020b3c7ffb14: 6002 0000 | 01e9 6000 | 0000 493b | 8068 0200 | 0075 0d49 | 8380 7002 | 0000 01e9 | 4a00 0000 
  0x0000020b3c7ffb34: 4983 b858 | 0200 0000 | 7517 4989 | 8058 0200 | 0049 c780 | 6002 0000 | 0100 0000 | e929 0000 
  0x0000020b3c7ffb54: 0049 83b8 | 6802 0000 | 0075 1749 | 8980 6802 | 0000 49c7 | 8070 0200 | 0001 0000 | 00e9 0800 
  0x0000020b3c7ffb74: 0000 4983 | 8048 0200 

  0x0000020b3c7ffb7c: ;   {metadata(method data for {method} {0x0000020b5147e598} 'getByteBuffer' '()Ljava/nio/ByteBuffer;' in 'jdk/internal/loader/Resource')}
  0x0000020b3c7ffb7c: 0001 48b8 | 002a 9751 | 0b02 0000 | 448b 80cc | 0000 0041 | 83c0 0244 | 8980 cc00 | 0000 4181 
  0x0000020b3c7ffb9c: e0fe ff1f | 0045 85c0 | 0f84 130b | 0000 498b 

  0x0000020b3c7ffbac: ;   {metadata(method data for {method} {0x0000020b5147e598} 'getByteBuffer' '()Ljava/nio/ByteBuffer;' in 'jdk/internal/loader/Resource')}
  0x0000020b3c7ffbac: c149 b800 | 2a97 510b | 0200 0049 | 8380 1001 | 0000 014c | 8d84 2418 | 0100 004d | 8948 0849 
  0x0000020b3c7ffbcc: 8b01 4883 | c801 4989 | 00f0 4d0f | b101 0f84 | 1200 0000 | 482b c448 | 2507 f0ff | ff49 8900 
  0x0000020b3c7ffbec: 0f85 ec0a | 0000 49ff | 8748 0500 

  0x0000020b3c7ffbf8: ;   {metadata(method data for {method} {0x0000020b5147e230} 'cachedInputStream' '()Ljava/io/InputStream;' in 'jdk/internal/loader/Resource')}
  0x0000020b3c7ffbf8: 0049 b808 | 4067 510b | 0200 0041 | 8b90 cc00 | 0000 83c2 | 0241 8990 | cc00 0000 | 81e2 feff 
  0x0000020b3c7ffc18: 1f00 85d2 | 0f84 cf0a | 0000 458b | 410c 4d85 

  0x0000020b3c7ffc28: ;   {metadata(method data for {method} {0x0000020b5147e230} 'cachedInputStream' '()Ljava/io/InputStream;' in 'jdk/internal/loader/Resource')}
  0x0000020b3c7ffc28: c049 b808 | 4067 510b | 0200 0048 | c7c2 1001 | 0000 7507 | 48c7 c220 | 0100 0049 | 8b34 1048 
  0x0000020b3c7ffc48: 8d76 0149 | 8934 100f | 859f 0000 | 004d 8bc1 

  0x0000020b3c7ffc58: ;   {metadata(method data for {method} {0x0000020b5147e230} 'cachedInputStream' '()Ljava/io/InputStream;' in 'jdk/internal/loader/Resource')}
  0x0000020b3c7ffc58: 48ba 0840 | 6751 0b02 | 0000 4883 | 8248 0100 

  0x0000020b3c7ffc68: ;   {metadata(method data for {method} {0x0000020b5147d370} 'getInputStream' '()Ljava/io/InputStream;' in 'jdk/internal/loader/URLClassPath$JarLoader$2')}
  0x0000020b3c7ffc68: 0001 49b8 | b041 6751 | 0b02 0000 | 418b 90cc | 0000 0083 | c202 4189 | 90cc 0000 | 0081 e2fe 
  0x0000020b3c7ffc88: ff1f 0085 | d20f 847f | 0a00 0045 | 8b41 2041 | 8b50 1845 | 8b41 1c48 | 3b02 488b 

  0x0000020b3c7ffca4: ;   {metadata(method data for {method} {0x0000020b5147d370} 'getInputStream' '()Ljava/io/InputStream;' in 'jdk/internal/loader/URLClassPath$JarLoader$2')}
  0x0000020b3c7ffca4: f248 bfb0 | 4167 510b | 0200 0048 | 8387 2801 

  0x0000020b3c7ffcb4: ;   {optimized virtual_call}
  0x0000020b3c7ffcb4: 0000 01e8 

  0x0000020b3c7ffcb8: ; ImmutableOopMap {[192]=Oop [200]=Oop [208]=Oop [216]=Oop [288]=Oop }
                      ;*invokevirtual getInputStream {reexecute=0 rethrow=0 return_oop=0}
                      ; - jdk.internal.loader.URLClassPath$JarLoader$2::getInputStream@11
                      ; - jdk.internal.loader.Resource::cachedInputStream@9
                      ; - jdk.internal.loader.Resource::getByteBuffer@1
                      ; - jdk.internal.loader.BuiltinClassLoader::defineClass@45
  0x0000020b3c7ffcb8: e90b 0000 

  0x0000020b3c7ffcbc: ;   {other}
  0x0000020b3c7ffcbc: 0f1f 8400 | ac0e 000b | 410f be57 | 4085 d24c | 8b8c 24c8 | 0000 000f | 8564 0a00 | 004c 8bd0 
  0x0000020b3c7ffcdc: 4589 510c | 498b d148 | 33d0 48c1 | ea14 4883 | fa00 0f85 | 650a 0000 | 418b 510c | 488d 8424 
  0x0000020b3c7ffcfc: 1801 0000 | 488b 3048 | 85f6 0f84 | 0f00 0000 | 488b 7808 | f048 0fb1 | 370f 8556 | 0a00 0049 
  0x0000020b3c7ffd1c: ff8f 4805 | 0000 4885 

  0x0000020b3c7ffd24: ;   {metadata(method data for {method} {0x0000020b5147e598} 'getByteBuffer' '()Ljava/nio/ByteBuffer;' in 'jdk/internal/loader/Resource')}
  0x0000020b3c7ffd24: d275 1648 | bb00 2a97 | 510b 0200 | 0080 8b41 | 0100 0001 | e9d5 0000 

  0x0000020b3c7ffd3c: ;   {metadata('sun/nio/ByteBuffered')}
  0x0000020b3c7ffd3c: 0048 b828 | be00 0001 | 0000 008b | 5a08 48c1 | e303 483b | 4320 0f84 | 1a00 0000 | 483b d80f 
  0x0000020b3c7ffd5c: 8411 0000 

  0x0000020b3c7ffd60: ;   {runtime_call slow_subtype_check Runtime1 stub}
  0x0000020b3c7ffd60: 0053 50e8 | 18c6 5407 | 5b5b 85db | 0f84 8400 

  0x0000020b3c7ffd70: ;   {metadata(method data for {method} {0x0000020b5147e598} 'getByteBuffer' '()Ljava/nio/ByteBuffer;' in 'jdk/internal/loader/Resource')}
  0x0000020b3c7ffd70: 0000 48bb | 002a 9751 | 0b02 0000 | 8b42 0848 | c1e0 0348 | 3b83 5801 | 0000 750d | 4883 8360 
  0x0000020b3c7ffd90: 0100 0001 | e97e 0000 | 0048 3b83 | 6801 0000 | 750d 4883 | 8370 0100 | 0001 e968 | 0000 0048 
  0x0000020b3c7ffdb0: 83bb 5801 | 0000 0075 | 1748 8983 | 5801 0000 | 48c7 8360 | 0100 0001 | 0000 00e9 | 4700 0000 
  0x0000020b3c7ffdd0: 4883 bb68 | 0100 0000 | 7517 4889 | 8368 0100 | 0048 c783 | 7001 0000 | 0100 0000 | e926 0000 
  0x0000020b3c7ffdf0: 00e9 2100 

  0x0000020b3c7ffdf4: ;   {metadata(method data for {method} {0x0000020b5147e598} 'getByteBuffer' '()Ljava/nio/ByteBuffer;' in 'jdk/internal/loader/Resource')}
  0x0000020b3c7ffdf4: 0000 48bb | 002a 9751 | 0b02 0000 | 4883 ab48 | 0100 0001 | e905 0000 | 00e9 0500 | 0000 4833 
  0x0000020b3c7ffe14: f6eb 0748 | c7c6 0100 | 0000 85f6 

  0x0000020b3c7ffe20: ;   {metadata(method data for {method} {0x0000020b5147e598} 'getByteBuffer' '()Ljava/nio/ByteBuffer;' in 'jdk/internal/loader/Resource')}
  0x0000020b3c7ffe20: 48be 002a | 9751 0b02 | 0000 48c7 | c780 0100 | 0074 0748 | c7c7 9001 | 0000 488b | 1c3e 488d 
  0x0000020b3c7ffe40: 5b01 4889 | 1c3e 0f84 | 9d01 0000 | 4885 d275 

  0x0000020b3c7ffe50: ;   {metadata(method data for {method} {0x0000020b5147e598} 'getByteBuffer' '()Ljava/nio/ByteBuffer;' in 'jdk/internal/loader/Resource')}
  0x0000020b3c7ffe50: 1648 bf00 | 2a97 510b | 0200 0080 | 8f99 0100 | 0001 e9d5 

  0x0000020b3c7ffe64: ;   {metadata('sun/nio/ByteBuffered')}
  0x0000020b3c7ffe64: 0000 0048 | bb28 be00 | 0001 0000 | 008b 7a08 | 48c1 e703 | 483b 5f20 | 0f84 1a00 | 0000 483b 
  0x0000020b3c7ffe84: fb0f 8411 | 0000 0057 

  0x0000020b3c7ffe8c: ;   {runtime_call slow_subtype_check Runtime1 stub}
  0x0000020b3c7ffe8c: 53e8 eec4 | 5407 5f5f | 85ff 0f84 | 8400 0000 

  0x0000020b3c7ffe9c: ;   {metadata(method data for {method} {0x0000020b5147e598} 'getByteBuffer' '()Ljava/nio/ByteBuffer;' in 'jdk/internal/loader/Resource')}
  0x0000020b3c7ffe9c: 48bf 002a | 9751 0b02 | 0000 8b5a | 0848 c1e3 | 0348 3b9f | b001 0000 | 750d 4883 | 87b8 0100 
  0x0000020b3c7ffebc: 0001 e979 | 0000 0048 | 3b9f c001 | 0000 750d | 4883 87c8 | 0100 0001 | e963 0000 | 0048 83bf 
  0x0000020b3c7ffedc: b001 0000 | 0075 1748 | 899f b001 | 0000 48c7 | 87b8 0100 | 0001 0000 | 00e9 4200 | 0000 4883 
  0x0000020b3c7ffefc: bfc0 0100 | 0000 7517 | 4889 9fc0 | 0100 0048 | c787 c801 | 0000 0100 | 0000 e921 | 0000 00e9 
  0x0000020b3c7fff1c: 1c00 0000 

  0x0000020b3c7fff20: ;   {metadata(method data for {method} {0x0000020b5147e598} 'getByteBuffer' '()Ljava/nio/ByteBuffer;' in 'jdk/internal/loader/Resource')}
  0x0000020b3c7fff20: 48bf 002a | 9751 0b02 | 0000 4883 | afa0 0100 | 0001 e950 | 0800 00e9 | 0000 0000 

  0x0000020b3c7fff3c: ; implicit exception: dispatches to 0x0000020b3c800790
  0x0000020b3c7fff3c: 483b 0248 

  0x0000020b3c7fff40: ;   {metadata(method data for {method} {0x0000020b5147e598} 'getByteBuffer' '()Ljava/nio/ByteBuffer;' in 'jdk/internal/loader/Resource')}
  0x0000020b3c7fff40: 8bf2 48bf | 002a 9751 | 0b02 0000 | 8b76 0848 | c1e6 0348 | 3bb7 e801 | 0000 750d | 4883 87f0 
  0x0000020b3c7fff60: 0100 0001 | e960 0000 | 0048 3bb7 | f801 0000 | 750d 4883 | 8700 0200 | 0001 e94a | 0000 0048 
  0x0000020b3c7fff80: 83bf e801 | 0000 0075 | 1748 89b7 | e801 0000 | 48c7 87f0 | 0100 0001 | 0000 00e9 | 2900 0000 
  0x0000020b3c7fffa0: 4883 bff8 | 0100 0000 | 7517 4889 | b7f8 0100 | 0048 c787 | 0002 0000 | 0100 0000 | e908 0000 
  0x0000020b3c7fffc0: 0048 8387 | d801 0000 | 010f 1f40 | 0048 b8ff | ffff ffff 

  0x0000020b3c7fffd4: ;   {virtual_call}
  0x0000020b3c7fffd4: ffff ffe8 

  0x0000020b3c7fffd8: ; ImmutableOopMap {[192]=Oop [200]=Oop [208]=Oop [216]=Oop }
                      ;*invokeinterface getByteBuffer {reexecute=0 rethrow=0 return_oop=0}
                      ; - jdk.internal.loader.Resource::getByteBuffer@16
                      ; - jdk.internal.loader.BuiltinClassLoader::defineClass@45
  0x0000020b3c7fffd8: a4ed 4707 

  0x0000020b3c7fffdc: ;   {other}
  0x0000020b3c7fffdc: 0f1f 8400 | cc11 000c | e90a 0000 

  0x0000020b3c7fffe8: ;   {oop(nullptr)}
  0x0000020b3c7fffe8: 0048 b800 | 0000 0000 | 0000 0048 

  0x0000020b3c7ffff4: ;   {metadata(method data for {method} {0x0000020b511026d8} 'defineClass' '(Ljava/lang/String;Ljdk/internal/loader/Resource;)Ljava/lang/Class;' in 'jdk/internal/loader/BuiltinClassLoader')}
  0x0000020b3c7ffff4: 85c0 48ba | 4893 9151 | 0b02 0000 | 48c7 c680 | 0200 0074 | 0748 c7c6 | 9002 0000 | 488b 3c32 
  0x0000020b3c800014: 488d 7f01 | 4889 3c32 | 0f84 f001 | 0000 4889 | 8424 f800 | 0000 4c8b | 8c24 c800 | 0000 498b 
  0x0000020b3c800034: ;   {metadata(method data for {method} {0x0000020b511026d8} 'defineClass' '(Ljava/lang/String;Ljdk/internal/loader/Resource;)Ljava/lang/Class;' in 'jdk/internal/loader/BuiltinClassLoader')}
  0x0000020b3c800034: d148 be48 | 9391 510b 

  0x0000020b3c80003c: ;   {metadata('jdk/internal/loader/URLClassPath$JarLoader$2')}
  0x0000020b3c80003c: 0200 0049 | ba98 9d00 | 0001 0000 | 004c 8996 | b002 0000 | 4883 86b8 | 0200 0001 

  0x0000020b3c800058: ;   {metadata(method data for {method} {0x0000020b5147d650} 'getCodeSigners' '()[Ljava/security/CodeSigner;' in 'jdk/internal/loader/URLClassPath$JarLoader$2')}
  0x0000020b3c800058: 48ba 502c | 9751 0b02 | 0000 8bb2 | cc00 0000 | 83c6 0289 | b2cc 0000 | 0081 e6fe | ff1f 0085 
  0x0000020b3c800078: f60f 8416 | 0700 0041 | 8b51 1c48 | 3b02 488b 

  0x0000020b3c800088: ;   {metadata(method data for {method} {0x0000020b5147d650} 'getCodeSigners' '()[Ljava/security/CodeSigner;' in 'jdk/internal/loader/URLClassPath$JarLoader$2')}
  0x0000020b3c800088: f248 bf50 | 2c97 510b | 0200 008b | 7608 48c1 | e603 483b | b720 0100 | 0075 0d48 | 8387 2801 
  0x0000020b3c8000a8: 0000 01e9 | 6000 0000 | 483b b730 | 0100 0075 | 0d48 8387 | 3801 0000 | 01e9 4a00 | 0000 4883 
  0x0000020b3c8000c8: bf20 0100 | 0000 7517 | 4889 b720 | 0100 0048 | c787 2801 | 0000 0100 | 0000 e929 | 0000 0048 
  0x0000020b3c8000e8: 83bf 3001 | 0000 0075 | 1748 89b7 | 3001 0000 | 48c7 8738 | 0100 0001 | 0000 00e9 | 0800 0000 
  0x0000020b3c800108: 4883 8710 | 0100 0001 | 0f1f 4400 | 0048 b8ff | ffff ffff 

  0x0000020b3c80011c: ;   {virtual_call}
  0x0000020b3c80011c: ffff ffe8 

  0x0000020b3c800120: ; ImmutableOopMap {[192]=Oop [208]=Oop [216]=Oop [248]=Oop }
                      ;*invokevirtual getCodeSigners {reexecute=0 rethrow=0 return_oop=0}
                      ; - jdk.internal.loader.URLClassPath$JarLoader$2::getCodeSigners@4
                      ; - jdk.internal.loader.BuiltinClassLoader::defineClass@56
  0x0000020b3c800120: 5cec 4707 

  0x0000020b3c800124: ;   {other}
  0x0000020b3c800124: 0f1f 8400 | 1413 000d 

  0x0000020b3c80012c: ;   {metadata('java/security/CodeSource')}
  0x0000020b3c80012c: 4c8b c848 | baf0 6005 | 0001 0000 | 0049 8b87 | b801 0000 | 488d 7828 | 493b bfc8 | 0100 000f 
  0x0000020b3c80014c: 876a 0600 | 0049 89bf | b801 0000 | 48c7 0001 | 0000 0048 | 8bca 48c1 | e903 8948 | 0848 33c9 
  0x0000020b3c80016c: 8948 0c48 | 33c9 4889 | 4810 4889 | 4818 4889 | 4820 4c8b 

  0x0000020b3c800180: ;   {metadata(method data for {method} {0x0000020b511026d8} 'defineClass' '(Ljava/lang/String;Ljdk/internal/loader/Resource;)Ljava/lang/Class;' in 'jdk/internal/loader/BuiltinClassLoader')}
  0x0000020b3c800180: c048 ba48 | 9391 510b | 0200 0048 | 8382 d802 | 0000 014c | 8b84 24d8 | 0000 0048 | 8bd0 4889 
  0x0000020b3c8001a0: 8424 0001 

  0x0000020b3c8001a4: ;   {optimized virtual_call}
  0x0000020b3c8001a4: 0000 90e8 

  0x0000020b3c8001a8: ; ImmutableOopMap {[192]=Oop [208]=Oop [248]=Oop [256]=Oop }
                      ;*invokespecial <init> {reexecute=0 rethrow=0 return_oop=0}
                      ; - jdk.internal.loader.BuiltinClassLoader::defineClass@68
  0x0000020b3c8001a8: d4e8 4707 

  0x0000020b3c8001ac: ;   {other}
  0x0000020b3c8001ac: 0f1f 8400 | 9c13 000e | 488b 9424 | d000 0000 

  0x0000020b3c8001bc: ;   {metadata(method data for {method} {0x0000020b511026d8} 'defineClass' '(Ljava/lang/String;Ljdk/internal/loader/Resource;)Ljava/lang/Class;' in 'jdk/internal/loader/BuiltinClassLoader')}
  0x0000020b3c8001bc: 49b8 4893 | 9151 0b02 | 0000 4983 | 80e8 0200 | 0001 4c8b | 8424 c000 | 0000 4c8b | 8c24 f800 
  0x0000020b3c8001dc: 0000 488b | bc24 0001 | 0000 488b | 9424 d000 

  0x0000020b3c8001ec: ;   {optimized virtual_call}
  0x0000020b3c8001ec: 0000 90e8 

  0x0000020b3c8001f0: ; ImmutableOopMap {}
                      ;*invokevirtual defineClass {reexecute=0 rethrow=0 return_oop=0}
                      ; - jdk.internal.loader.BuiltinClassLoader::defineClass@79
  0x0000020b3c8001f0: 8ce8 4707 

  0x0000020b3c8001f4: ;   {other}
  0x0000020b3c8001f4: 0f1f 8400 | e413 000f | 4881 c430 | 0100 005d 

  0x0000020b3c800204: ;   {poll_return}
  0x0000020b3c800204: 493b a748 | 0400 000f | 87b7 0500 | 00c3 4c8b | 8c24 c800 | 0000 498b 

  0x0000020b3c80021c: ;   {metadata(method data for {method} {0x0000020b511026d8} 'defineClass' '(Ljava/lang/String;Ljdk/internal/loader/Resource;)Ljava/lang/Class;' in 'jdk/internal/loader/BuiltinClassLoader')}
  0x0000020b3c80021c: f948 bb48 | 9391 510b | 0200 0048 | 8383 3803 | 0000 0149 | 8bd1 0f1f 

  0x0000020b3c800234: ;   {optimized virtual_call}
  0x0000020b3c800234: 4400 00e8 

  0x0000020b3c800238: ; ImmutableOopMap {[192]=Oop [200]=Oop [208]=Oop [216]=Oop }
                      ;*invokevirtual getBytes {reexecute=0 rethrow=0 return_oop=0}
                      ; - jdk.internal.loader.BuiltinClassLoader::defineClass@84
  0x0000020b3c800238: 9906 0000 

  0x0000020b3c80023c: ;   {other}
  0x0000020b3c80023c: 0f1f 8400 | 2c14 0010 | 4c8b 8c24 | c800 0000 

  0x0000020b3c80024c: ;   {metadata(method data for {method} {0x0000020b511026d8} 'defineClass' '(Ljava/lang/String;Ljdk/internal/loader/Resource;)Ljava/lang/Class;' in 'jdk/internal/loader/BuiltinClassLoader')}
  0x0000020b3c80024c: 48ba 4893 | 9151 0b02 | 0000 4883 | 8270 0300 

  0x0000020b3c80025c: ;   {metadata(method data for {method} {0x0000020b5147d650} 'getCodeSigners' '()[Ljava/security/CodeSigner;' in 'jdk/internal/loader/URLClassPath$JarLoader$2')}
  0x0000020b3c80025c: 0001 48ba | 502c 9751 | 0b02 0000 | 8bb2 cc00 | 0000 83c6 | 0289 b2cc | 0000 0081 | e6fe ff1f 
  0x0000020b3c80027c: 0085 f60f | 8459 0500 | 004c 8b8c | 24c8 0000 | 0041 8b51 | 1c48 3b02 

  0x0000020b3c800294: ;   {metadata(method data for {method} {0x0000020b5147d650} 'getCodeSigners' '()[Ljava/security/CodeSigner;' in 'jdk/internal/loader/URLClassPath$JarLoader$2')}
  0x0000020b3c800294: 488b f248 | bf50 2c97 | 510b 0200 | 008b 7608 | 48c1 e603 | 483b b720 | 0100 0075 | 0d48 8387 
  0x0000020b3c8002b4: 2801 0000 | 01e9 6000 | 0000 483b | b730 0100 | 0075 0d48 | 8387 3801 | 0000 01e9 | 4a00 0000 
  0x0000020b3c8002d4: 4883 bf20 | 0100 0000 | 7517 4889 | b720 0100 | 0048 c787 | 2801 0000 | 0100 0000 | e929 0000 
  0x0000020b3c8002f4: 0048 83bf | 3001 0000 | 0075 1748 | 89b7 3001 | 0000 48c7 | 8738 0100 | 0001 0000 | 00e9 0800 
  0x0000020b3c800314: 0000 4883 | 8710 0100 | 0001 4889 | 8424 0801 | 0000 0f1f | 8000 0000 | 0048 b870 | 3daf 500b 
  0x0000020b3c800334: ;   {virtual_call}
  0x0000020b3c800334: 0200 00e8 

  0x0000020b3c800338: ; ImmutableOopMap {[192]=Oop [208]=Oop [216]=Oop [264]=Oop }
                      ;*invokevirtual getCodeSigners {reexecute=0 rethrow=0 return_oop=0}
                      ; - jdk.internal.loader.URLClassPath$JarLoader$2::getCodeSigners@4
                      ; - jdk.internal.loader.BuiltinClassLoader::defineClass@90
  0x0000020b3c800338: f530 4807 

  0x0000020b3c80033c: ;   {other}
  0x0000020b3c80033c: 0f1f 8400 | 2c15 0011 

  0x0000020b3c800344: ;   {metadata('java/security/CodeSource')}
  0x0000020b3c800344: 4c8b c848 | baf0 6005 | 0001 0000 | 0049 8b87 | b801 0000 | 488d 7828 | 493b bfc8 | 0100 000f 
  0x0000020b3c800364: 879b 0400 | 0049 89bf | b801 0000 | 48c7 0001 | 0000 0048 | 8bca 48c1 | e903 8948 | 0848 33c9 
  0x0000020b3c800384: 8948 0c48 | 33c9 4889 | 4810 4889 | 4818 4889 | 4820 4c8b 

  0x0000020b3c800398: ;   {metadata(method data for {method} {0x0000020b511026d8} 'defineClass' '(Ljava/lang/String;Ljdk/internal/loader/Resource;)Ljava/lang/Class;' in 'jdk/internal/loader/BuiltinClassLoader')}
  0x0000020b3c800398: c048 ba48 | 9391 510b | 0200 0048 | 8382 9003 | 0000 014c | 8b84 24d8 | 0000 0048 | 8bd0 4889 
  0x0000020b3c8003b8: 8424 1001 

  0x0000020b3c8003bc: ;   {optimized virtual_call}
  0x0000020b3c8003bc: 0000 90e8 

  0x0000020b3c8003c0: ; ImmutableOopMap {[192]=Oop [208]=Oop [264]=Oop [272]=Oop }
                      ;*invokespecial <init> {reexecute=0 rethrow=0 return_oop=0}
                      ; - jdk.internal.loader.BuiltinClassLoader::defineClass@102
  0x0000020b3c8003c0: 9905 0000 

  0x0000020b3c8003c4: ;   {other}
  0x0000020b3c8003c4: 0f1f 8400 | b415 0012 | 488b 8424 | 0801 0000 

  0x0000020b3c8003d4: ; implicit exception: dispatches to 0x0000020b3c800811
  0x0000020b3c8003d4: 8b70 0c48 | 8b94 24d0 

  0x0000020b3c8003dc: ;   {metadata(method data for {method} {0x0000020b511026d8} 'defineClass' '(Ljava/lang/String;Ljdk/internal/loader/Resource;)Ljava/lang/Class;' in 'jdk/internal/loader/BuiltinClassLoader')}
  0x0000020b3c8003dc: 0000 0049 | b848 9391 | 510b 0200 | 0049 8380 | a003 0000 | 014c 8b84 | 24c0 0000 | 004c 8bc8 
  0x0000020b3c8003fc: bf00 0000 | 0048 8b8c | 2410 0100 | 0048 8b94 | 24d0 0000 | 0066 0f1f 

  0x0000020b3c800414: ;   {optimized virtual_call}
  0x0000020b3c800414: 4400 00e8 

  0x0000020b3c800418: ; ImmutableOopMap {}
                      ;*invokevirtual defineClass {reexecute=0 rethrow=0 return_oop=0}
                      ; - jdk.internal.loader.BuiltinClassLoader::defineClass@117
  0x0000020b3c800418: 5f05 0000 

  0x0000020b3c80041c: ;   {other}
  0x0000020b3c80041c: 0f1f 8400 | 0c16 0013 | 4881 c430 | 0100 005d 

  0x0000020b3c80042c: ;   {poll_return}
  0x0000020b3c80042c: 493b a748 | 0400 000f | 87dd 0300 | 00c3 498b | 87f8 0400 | 004d 33d2 | 4d89 97f8 | 0400 004d 
  0x0000020b3c80044c: 33d2 4d89 | 9700 0500 | 0048 8bf0 | 488d 8424 | 1801 0000 | 488b 3848 | 85ff 0f84 | 0f00 0000 
  0x0000020b3c80046c: 488b 5808 | f048 0fb1 | 3b0f 85b1 | 0300 0049 | ff8f 4805 | 0000 488b | c6e9 d503 

  0x0000020b3c800488: ;   {metadata({method} {0x0000020b511026d8} 'defineClass' '(Ljava/lang/String;Ljdk/internal/loader/Resource;)Ljava/lang/Class;' in 'jdk/internal/loader/BuiltinClassLoader')}
  0x0000020b3c800488: 0000 49ba | d026 1051 | 0b02 0000 | 4c89 5424 | 0848 c704 | 24ff ffff 

  0x0000020b3c8004a0: ;   {runtime_call counter_overflow Runtime1 stub}
  0x0000020b3c8004a0: ffe8 dae5 

  0x0000020b3c8004a4: ; ImmutableOopMap {rdx=Oop r8=Oop r9=Oop [192]=Oop [200]=Oop [208]=Oop }
                      ;*synchronization entry
                      ; - jdk.internal.loader.BuiltinClassLoader::defineClass@-1
  0x0000020b3c8004a4: 5407 e9d3 

  0x0000020b3c8004a8: ;   {runtime_call throw_null_pointer_exception Runtime1 stub}
  0x0000020b3c8004a8: edff ffe8 

  0x0000020b3c8004ac: ; ImmutableOopMap {rdx=Oop r8=Oop r9=Oop [192]=Oop [200]=Oop [208]=Oop }
                      ;*invokevirtual getCodeSourceURL {reexecute=0 rethrow=0 return_oop=0}
                      ; - jdk.internal.loader.BuiltinClassLoader::defineClass@1
  0x0000020b3c8004ac: d094 5407 

  0x0000020b3c8004b0: ;   {metadata({method} {0x0000020b5147d2b0} 'getCodeSourceURL' '()Ljava/net/URL;' in 'jdk/internal/loader/URLClassPath$JarLoader$2')}
  0x0000020b3c8004b0: 49ba a8d2 | 4751 0b02 | 0000 4c89 | 5424 0848 | c704 24ff 

  0x0000020b3c8004c4: ;   {runtime_call counter_overflow Runtime1 stub}
  0x0000020b3c8004c4: ffff ffe8 

  0x0000020b3c8004c8: ; ImmutableOopMap {rdx=Oop r8=Oop r9=Oop [192]=Oop [200]=Oop [208]=Oop }
                      ;*synchronization entry
                      ; - jdk.internal.loader.URLClassPath$JarLoader$2::getCodeSourceURL@-1
                      ; - jdk.internal.loader.BuiltinClassLoader::defineClass@1
  0x0000020b3c8004c8: b4e5 5407 | e9ec edff 

  0x0000020b3c8004d0: ;   {runtime_call throw_null_pointer_exception Runtime1 stub}
  0x0000020b3c8004d0: ffe8 aa94 

  0x0000020b3c8004d4: ; ImmutableOopMap {rdx=Oop r8=Oop r9=Oop [192]=Oop [200]=Oop [208]=Oop }
                      ;*getfield csu {reexecute=1 rethrow=0 return_oop=0}
                      ; - (reexecute) jdk.internal.loader.URLClassPath$JarLoader$2::getCodeSourceURL@4
                      ; - jdk.internal.loader.BuiltinClassLoader::defineClass@1
                      ;   {runtime_call throw_null_pointer_exception Runtime1 stub}
  0x0000020b3c8004d4: 5407 e8a5 

  0x0000020b3c8004d8: ; ImmutableOopMap {rdx=Oop r8=Oop r9=Oop rsi=Oop [192]=Oop [200]=Oop [208]=Oop [216]=Oop }
                      ;*invokevirtual lastIndexOf {reexecute=0 rethrow=0 return_oop=0}
                      ; - jdk.internal.loader.BuiltinClassLoader::defineClass@8
                      ;   {metadata({method} {0x0000020b5100b730} 'lastIndexOf' '(I)I' in 'java/lang/String')}
  0x0000020b3c8004d8: 9454 0749 | ba28 b700 | 510b 0200 | 004c 8954 | 2408 48c7 | 0424 ffff 

  0x0000020b3c8004f0: ;   {runtime_call counter_overflow Runtime1 stub}
  0x0000020b3c8004f0: ffff e889 

  0x0000020b3c8004f4: ; ImmutableOopMap {rdx=Oop r8=Oop r9=Oop rsi=Oop [192]=Oop [200]=Oop [208]=Oop [216]=Oop }
                      ;*synchronization entry
                      ; - java.lang.String::lastIndexOf@-1
                      ; - jdk.internal.loader.BuiltinClassLoader::defineClass@8
  0x0000020b3c8004f4: e554 07e9 | 0fee ffff 

  0x0000020b3c8004fc: ;   {metadata({method} {0x0000020b51009d30} 'length' '()I' in 'java/lang/String')}
  0x0000020b3c8004fc: 49ba 289d | 0051 0b02 | 0000 4c89 | 5424 0848 | c704 24ff 

  0x0000020b3c800510: ;   {runtime_call counter_overflow Runtime1 stub}
  0x0000020b3c800510: ffff ffe8 

  0x0000020b3c800514: ; ImmutableOopMap {rdx=Oop r8=Oop r9=Oop rsi=Oop [192]=Oop [200]=Oop [208]=Oop [216]=Oop }
                      ;*synchronization entry
                      ; - java.lang.String::length@-1
                      ; - java.lang.String::lastIndexOf@3
                      ; - jdk.internal.loader.BuiltinClassLoader::defineClass@8
  0x0000020b3c800514: 68e5 5407 | e92a eeff 

  0x0000020b3c80051c: ;   {runtime_call throw_null_pointer_exception Runtime1 stub}
  0x0000020b3c80051c: ffe8 5e94 

  0x0000020b3c800520: ; ImmutableOopMap {rdx=Oop r8=Oop r9=Oop rsi=Oop rdi=Oop [192]=Oop [200]=Oop [208]=Oop [216]=Oop }
                      ;*arraylength {reexecute=0 rethrow=0 return_oop=0}
                      ; - java.lang.String::length@4
                      ; - java.lang.String::lastIndexOf@3
                      ; - jdk.internal.loader.BuiltinClassLoader::defineClass@8
                      ;   {metadata({method} {0x0000020b5100f8a0} 'coder' '()B' in 'java/lang/String')}
  0x0000020b3c800520: 5407 49ba | 98f8 0051 | 0b02 0000 | 4c89 5424 | 0848 c704 | 24ff ffff 

  0x0000020b3c800538: ;   {runtime_call counter_overflow Runtime1 stub}
  0x0000020b3c800538: ffe8 42e5 

  0x0000020b3c80053c: ; ImmutableOopMap {rdx=Oop r8=Oop r9=Oop rsi=Oop rdi=Oop [192]=Oop [200]=Oop [208]=Oop [216]=Oop }
                      ;*synchronization entry
                      ; - java.lang.String::coder@-1
                      ; - java.lang.String::length@6
                      ; - java.lang.String::lastIndexOf@3
                      ; - jdk.internal.loader.BuiltinClassLoader::defineClass@8
  0x0000020b3c80053c: 5407 e946 

  0x0000020b3c800540: ;   {metadata({method} {0x0000020b5100b7f8} 'lastIndexOf' '(II)I' in 'java/lang/String')}
  0x0000020b3c800540: eeff ff49 | baf0 b700 | 510b 0200 | 004c 8954 | 2408 48c7 | 0424 ffff 

  0x0000020b3c800558: ;   {runtime_call counter_overflow Runtime1 stub}
  0x0000020b3c800558: ffff e821 

  0x0000020b3c80055c: ; ImmutableOopMap {rdx=Oop r8=Oop r9=Oop rsi=Oop rdi=Oop [192]=Oop [200]=Oop [208]=Oop [216]=Oop }
                      ;*synchronization entry
                      ; - java.lang.String::lastIndexOf@-1
                      ; - java.lang.String::lastIndexOf@8
                      ; - jdk.internal.loader.BuiltinClassLoader::defineClass@8
  0x0000020b3c80055c: e554 07e9 | 98ee ffff 

  0x0000020b3c800564: ;   {metadata({method} {0x0000020b5100fa20} 'isLatin1' '()Z' in 'java/lang/String')}
  0x0000020b3c800564: 49ba 18fa | 0051 0b02 | 0000 4c89 | 5424 0848 | c704 24ff 

  0x0000020b3c800578: ;   {runtime_call counter_overflow Runtime1 stub}
  0x0000020b3c800578: ffff ffe8 

  0x0000020b3c80057c: ; ImmutableOopMap {rdx=Oop r8=Oop r9=Oop rsi=Oop rdi=Oop [192]=Oop [200]=Oop [208]=Oop [216]=Oop }
                      ;*synchronization entry
                      ; - java.lang.String::isLatin1@-1
                      ; - java.lang.String::lastIndexOf@1
                      ; - java.lang.String::lastIndexOf@8
                      ; - jdk.internal.loader.BuiltinClassLoader::defineClass@8
  0x0000020b3c80057c: 00e5 5407 | e9b8 eeff 

  0x0000020b3c800584: ;   {metadata({method} {0x0000020b5147d4f0} 'getManifest' '()Ljava/util/jar/Manifest;' in 'jdk/internal/loader/URLClassPath$JarLoader$2')}
  0x0000020b3c800584: ff49 bae8 | d447 510b | 0200 004c | 8954 2408 | 48c7 0424 | ffff ffff 

  0x0000020b3c80059c: ;   {runtime_call counter_overflow Runtime1 stub}
  0x0000020b3c80059c: e8df e454 

  0x0000020b3c8005a0: ; ImmutableOopMap {rax=Oop [192]=Oop [200]=Oop [208]=Oop [216]=Oop }
                      ;*synchronization entry
                      ; - jdk.internal.loader.URLClassPath$JarLoader$2::getManifest@-1
                      ; - jdk.internal.loader.BuiltinClassLoader::defineClass@29
  0x0000020b3c8005a0: 07e9 3ff0 

  0x0000020b3c8005a4: ;   {metadata({method} {0x0000020b51188a48} 'javaUtilJarAccess' '()Ljdk/internal/access/JavaUtilJarAccess;' in 'jdk/internal/access/SharedSecrets')}
  0x0000020b3c8005a4: ffff 49ba | 408a 1851 | 0b02 0000 | 4c89 5424 | 0848 c704 | 24ff ffff 

  0x0000020b3c8005bc: ;   {runtime_call counter_overflow Runtime1 stub}
  0x0000020b3c8005bc: ffe8 bee4 

  0x0000020b3c8005c0: ; ImmutableOopMap {rax=Oop [192]=Oop [200]=Oop [208]=Oop [216]=Oop }
                      ;*synchronization entry
                      ; - jdk.internal.access.SharedSecrets::javaUtilJarAccess@-1
                      ; - jdk.internal.loader.URLClassPath$JarLoader$2::getManifest@0
                      ; - jdk.internal.loader.BuiltinClassLoader::defineClass@29
  0x0000020b3c8005c0: 5407 e957 

  0x0000020b3c8005c4: ;   {metadata({method} {0x0000020b5118b9c0} 'ensureClassInitialized' '(Ljava/lang/Class;)V' in 'jdk/internal/access/SharedSecrets')}
  0x0000020b3c8005c4: f0ff ff49 | bab8 b918 | 510b 0200 | 004c 8954 | 2408 48c7 | 0424 ffff 

  0x0000020b3c8005dc: ;   {runtime_call counter_overflow Runtime1 stub}
  0x0000020b3c8005dc: ffff e89d 

  0x0000020b3c8005e0: ; ImmutableOopMap {[192]=Oop [200]=Oop [208]=Oop [216]=Oop [224]=Oop }
                      ;*synchronization entry
                      ; - jdk.internal.access.SharedSecrets::ensureClassInitialized@-1
                      ; - jdk.internal.access.SharedSecrets::javaUtilJarAccess@10
                      ; - jdk.internal.loader.URLClassPath$JarLoader$2::getManifest@0
                      ; - jdk.internal.loader.BuiltinClassLoader::defineClass@29
  0x0000020b3c8005e0: e454 07e9 | b6f0 ffff 

  0x0000020b3c8005e8: ;   {metadata({method} {0x0000020b512bf1f8} 'lookup' '()Ljava/lang/invoke/MethodHandles$Lookup;' in 'java/lang/invoke/MethodHandles')}
  0x0000020b3c8005e8: 49ba f0f1 | 2b51 0b02 | 0000 4c89 | 5424 0848 | c704 24ff 

  0x0000020b3c8005fc: ;   {runtime_call counter_overflow Runtime1 stub}
  0x0000020b3c8005fc: ffff ffe8 

  0x0000020b3c800600: ; ImmutableOopMap {[192]=Oop [200]=Oop [208]=Oop [216]=Oop [224]=Oop }
                      ;*synchronization entry
                      ; - java.lang.invoke.MethodHandles::lookup@-1
                      ; - jdk.internal.access.SharedSecrets::ensureClassInitialized@0
                      ; - jdk.internal.access.SharedSecrets::javaUtilJarAccess@10
                      ; - jdk.internal.loader.URLClassPath$JarLoader$2::getManifest@0
                      ; - jdk.internal.loader.BuiltinClassLoader::defineClass@29
  0x0000020b3c800600: 7ce4 5407 | e9ce f0ff | ff48 8bd2 

  0x0000020b3c80060c: ;   {runtime_call fast_new_instance Runtime1 stub}
  0x0000020b3c80060c: e86f 9c54 

  0x0000020b3c800610: ; ImmutableOopMap {r8=Oop [192]=Oop [200]=Oop [208]=Oop [216]=Oop [224]=Oop }
                      ;*new {reexecute=0 rethrow=0 return_oop=0}
                      ; - java.lang.invoke.MethodHandles::lookup@18
                      ; - jdk.internal.access.SharedSecrets::ensureClassInitialized@0
                      ; - jdk.internal.access.SharedSecrets::javaUtilJarAccess@10
                      ; - jdk.internal.loader.URLClassPath$JarLoader$2::getManifest@0
                      ; - jdk.internal.loader.BuiltinClassLoader::defineClass@29
  0x0000020b3c800610: 07e9 63f1 

  0x0000020b3c800614: ;   {metadata({method} {0x0000020b512ce058} '<init>' '(Ljava/lang/Class;)V' in 'java/lang/invoke/MethodHandles$Lookup')}
  0x0000020b3c800614: ffff 49ba | 50e0 2c51 | 0b02 0000 | 4c89 5424 | 0848 c704 | 24ff ffff 

  0x0000020b3c80062c: ;   {runtime_call counter_overflow Runtime1 stub}
  0x0000020b3c80062c: ffe8 4ee4 

  0x0000020b3c800630: ; ImmutableOopMap {r8=Oop rax=Oop [192]=Oop [200]=Oop [208]=Oop [216]=Oop [224]=Oop }
                      ;*synchronization entry
                      ; - java.lang.invoke.MethodHandles$Lookup::<init>@-1
                      ; - java.lang.invoke.MethodHandles::lookup@23
                      ; - jdk.internal.access.SharedSecrets::ensureClassInitialized@0
                      ; - jdk.internal.access.SharedSecrets::javaUtilJarAccess@10
                      ; - jdk.internal.loader.URLClassPath$JarLoader$2::getManifest@0
                      ; - jdk.internal.loader.BuiltinClassLoader::defineClass@29
  0x0000020b3c800630: 5407 e980 

  0x0000020b3c800634: ;   {metadata(nullptr)}
  0x0000020b3c800634: f1ff ff48 | ba00 0000 | 0000 0000 | 00b8 000f 

  0x0000020b3c800644: ;   {runtime_call load_klass_patching Runtime1 stub}
  0x0000020b3c800644: 050a e8b5 

  0x0000020b3c800648: ; ImmutableOopMap {[192]=Oop [200]=Oop [208]=Oop [216]=Oop [224]=Oop }
                      ;*new {reexecute=1 rethrow=0 return_oop=0}
                      ; - (reexecute) java.lang.invoke.MethodHandles::lookup@8
                      ; - jdk.internal.access.SharedSecrets::ensureClassInitialized@0
                      ; - jdk.internal.access.SharedSecrets::javaUtilJarAccess@10
                      ; - jdk.internal.loader.URLClassPath$JarLoader$2::getManifest@0
                      ; - jdk.internal.loader.BuiltinClassLoader::defineClass@29
  0x0000020b3c800648: d354 07e9 | f8f1 ffff 

  0x0000020b3c800650: ;   {runtime_call new_instance Runtime1 stub}
  0x0000020b3c800650: 488b d2e8 

  0x0000020b3c800654: ; ImmutableOopMap {[192]=Oop [200]=Oop [208]=Oop [216]=Oop [224]=Oop }
                      ;*new {reexecute=0 rethrow=0 return_oop=0}
                      ; - java.lang.invoke.MethodHandles::lookup@8
                      ; - jdk.internal.access.SharedSecrets::ensureClassInitialized@0
                      ; - jdk.internal.access.SharedSecrets::javaUtilJarAccess@10
                      ; - jdk.internal.loader.URLClassPath$JarLoader$2::getManifest@0
                      ; - jdk.internal.loader.BuiltinClassLoader::defineClass@29
  0x0000020b3c800654: 2899 5407 | e9fa f1ff 

  0x0000020b3c80065c: ;   {runtime_call throw_null_pointer_exception Runtime1 stub}
  0x0000020b3c80065c: ffe8 1e93 

  0x0000020b3c800660: ; ImmutableOopMap {rsi=Oop r9=Oop [192]=Oop [200]=Oop [208]=Oop [216]=Oop [224]=Oop }
                      ;*getfield jar {reexecute=1 rethrow=0 return_oop=0}
                      ; - (reexecute) jdk.internal.loader.URLClassPath$JarLoader$2::getManifest@7
                      ; - jdk.internal.loader.BuiltinClassLoader::defineClass@29
                      ;   {runtime_call throw_incompatible_class_change_error Runtime1 stub}
  0x0000020b3c800660: 5407 e819 

  0x0000020b3c800664: ; ImmutableOopMap {rsi=Oop r9=Oop rdx=Oop [192]=Oop [200]=Oop [208]=Oop [216]=Oop [224]=Oop }
                      ;*invokeinterface ensureInitialization {reexecute=0 rethrow=0 return_oop=0}
                      ; - jdk.internal.loader.URLClassPath$JarLoader$2::getManifest@10
                      ; - jdk.internal.loader.BuiltinClassLoader::defineClass@29
                      ;   {runtime_call throw_null_pointer_exception Runtime1 stub}
  0x0000020b3c800664: ba54 07e8 

  0x0000020b3c800668: ; ImmutableOopMap {rsi=Oop r9=Oop rdx=Oop [192]=Oop [200]=Oop [208]=Oop [216]=Oop [224]=Oop }
                      ;*invokeinterface ensureInitialization {reexecute=0 rethrow=0 return_oop=0}
                      ; - jdk.internal.loader.URLClassPath$JarLoader$2::getManifest@10
                      ; - jdk.internal.loader.BuiltinClassLoader::defineClass@29
  0x0000020b3c800668: 1493 5407 

  0x0000020b3c80066c: ;   {metadata({method} {0x0000020b513c2ef8} 'ensureInitialization' '(Ljava/util/jar/JarFile;)V' in 'java/util/jar/JavaUtilJarAccessImpl')}
  0x0000020b3c80066c: 49ba f02e | 3c51 0b02 | 0000 4c89 | 5424 0848 | c704 24ff 

  0x0000020b3c800680: ;   {runtime_call counter_overflow Runtime1 stub}
  0x0000020b3c800680: ffff ffe8 

  0x0000020b3c800684: ; ImmutableOopMap {r9=Oop rdx=Oop [192]=Oop [200]=Oop [208]=Oop [216]=Oop [224]=Oop }
                      ;*synchronization entry
                      ; - java.util.jar.JavaUtilJarAccessImpl::ensureInitialization@-1
                      ; - jdk.internal.loader.URLClassPath$JarLoader$2::getManifest@10
                      ; - jdk.internal.loader.BuiltinClassLoader::defineClass@29
  0x0000020b3c800684: f8e3 5407 | e9d5 f2ff 

  0x0000020b3c80068c: ;   {runtime_call throw_null_pointer_exception Runtime1 stub}
  0x0000020b3c80068c: ffe8 ee92 

  0x0000020b3c800690: ; ImmutableOopMap {r9=Oop rdx=Oop [192]=Oop [200]=Oop [208]=Oop [216]=Oop [224]=Oop }
                      ;*invokevirtual ensureInitialization {reexecute=0 rethrow=0 return_oop=0}
                      ; - java.util.jar.JavaUtilJarAccessImpl::ensureInitialization@1
                      ; - jdk.internal.loader.URLClassPath$JarLoader$2::getManifest@10
                      ; - jdk.internal.loader.BuiltinClassLoader::defineClass@29
                      ;   {runtime_call throw_null_pointer_exception Runtime1 stub}
  0x0000020b3c800690: 5407 e8e9 

  0x0000020b3c800694: ; ImmutableOopMap {r9=Oop [192]=Oop [200]=Oop [208]=Oop [216]=Oop [224]=Oop }
                      ;*getfield jar {reexecute=1 rethrow=0 return_oop=0}
                      ; - (reexecute) jdk.internal.loader.URLClassPath$JarLoader$2::getManifest@19
                      ; - jdk.internal.loader.BuiltinClassLoader::defineClass@29
                      ;   {runtime_call throw_null_pointer_exception Runtime1 stub}
  0x0000020b3c800694: 9254 07e8 

  0x0000020b3c800698: ; ImmutableOopMap {r9=Oop rdx=Oop [192]=Oop [200]=Oop [208]=Oop [216]=Oop [224]=Oop }
                      ;*invokevirtual getManifest {reexecute=0 rethrow=0 return_oop=0}
                      ; - jdk.internal.loader.URLClassPath$JarLoader$2::getManifest@22
                      ; - jdk.internal.loader.BuiltinClassLoader::defineClass@29
  0x0000020b3c800698: e492 5407 

  0x0000020b3c80069c: ;   {metadata({method} {0x0000020b513bf5a0} 'getManifest' '()Ljava/util/jar/Manifest;' in 'java/util/jar/JarFile')}
  0x0000020b3c80069c: 49ba 98f5 | 3b51 0b02 | 0000 4c89 | 5424 0848 | c704 24ff 

  0x0000020b3c8006b0: ;   {runtime_call counter_overflow Runtime1 stub}
  0x0000020b3c8006b0: ffff ffe8 

  0x0000020b3c8006b4: ; ImmutableOopMap {r9=Oop rdx=Oop [192]=Oop [200]=Oop [208]=Oop [216]=Oop [224]=Oop }
                      ;*synchronization entry
                      ; - java.util.jar.JarFile::getManifest@-1
                      ; - jdk.internal.loader.URLClassPath$JarLoader$2::getManifest@22
                      ; - jdk.internal.loader.BuiltinClassLoader::defineClass@29
  0x0000020b3c8006b4: c8e3 5407 | e93e f3ff 

  0x0000020b3c8006bc: ;   {metadata({method} {0x0000020b5147e598} 'getByteBuffer' '()Ljava/nio/ByteBuffer;' in 'jdk/internal/loader/Resource')}
  0x0000020b3c8006bc: ff49 ba90 | e547 510b | 0200 004c | 8954 2408 | 48c7 0424 | ffff ffff 

  0x0000020b3c8006d4: ;   {runtime_call counter_overflow Runtime1 stub}
  0x0000020b3c8006d4: e8a7 e354 

  0x0000020b3c8006d8: ; ImmutableOopMap {r9=Oop [192]=Oop [200]=Oop [208]=Oop [216]=Oop }
                      ;*synchronization entry
                      ; - jdk.internal.loader.Resource::getByteBuffer@-1
                      ; - jdk.internal.loader.BuiltinClassLoader::defineClass@45
  0x0000020b3c8006d8: 07e9 ccf4 | ffff 4c89 | 4c24 084c 

  0x0000020b3c8006e4: ;   {runtime_call monitorenter_nofpu Runtime1 stub}
  0x0000020b3c8006e4: 8904 24e8 

  0x0000020b3c8006e8: ; ImmutableOopMap {r9=Oop [192]=Oop [200]=Oop [208]=Oop [216]=Oop [288]=Oop }
                      ;*synchronization entry
                      ; - jdk.internal.loader.Resource::cachedInputStream@-1
                      ; - jdk.internal.loader.Resource::getByteBuffer@1
                      ; - jdk.internal.loader.BuiltinClassLoader::defineClass@45
  0x0000020b3c8006e8: 94c2 5407 | e908 f5ff 

  0x0000020b3c8006f0: ;   {metadata({method} {0x0000020b5147e230} 'cachedInputStream' '()Ljava/io/InputStream;' in 'jdk/internal/loader/Resource')}
  0x0000020b3c8006f0: ff49 ba28 | e247 510b | 0200 004c | 8954 2408 | 48c7 0424 | ffff ffff 

  0x0000020b3c800708: ;   {runtime_call counter_overflow Runtime1 stub}
  0x0000020b3c800708: e873 e354 

  0x0000020b3c80070c: ; ImmutableOopMap {r9=Oop [192]=Oop [200]=Oop [208]=Oop [216]=Oop [288]=Oop }
                      ;*synchronization entry
                      ; - jdk.internal.loader.Resource::cachedInputStream@-1
                      ; - jdk.internal.loader.Resource::getByteBuffer@1
                      ; - jdk.internal.loader.BuiltinClassLoader::defineClass@45
  0x0000020b3c80070c: 07e9 10f5 

  0x0000020b3c800710: ;   {metadata({method} {0x0000020b5147d370} 'getInputStream' '()Ljava/io/InputStream;' in 'jdk/internal/loader/URLClassPath$JarLoader$2')}
  0x0000020b3c800710: ffff 49ba | 68d3 4751 | 0b02 0000 | 4c89 5424 | 0848 c704 | 24ff ffff 

  0x0000020b3c800728: ;   {runtime_call counter_overflow Runtime1 stub}
  0x0000020b3c800728: ffe8 52e3 

  0x0000020b3c80072c: ; ImmutableOopMap {r9=Oop [192]=Oop [200]=Oop [208]=Oop [216]=Oop [288]=Oop }
                      ;*synchronization entry
                      ; - jdk.internal.loader.URLClassPath$JarLoader$2::getInputStream@-1
                      ; - jdk.internal.loader.Resource::cachedInputStream@9
                      ; - jdk.internal.loader.Resource::getByteBuffer@1
                      ; - jdk.internal.loader.BuiltinClassLoader::defineClass@45
  0x0000020b3c80072c: 5407 e960 

  0x0000020b3c800730: ;   {runtime_call throw_null_pointer_exception Runtime1 stub}
  0x0000020b3c800730: f5ff ffe8 

  0x0000020b3c800734: ; ImmutableOopMap {r9=Oop [192]=Oop [200]=Oop [208]=Oop [216]=Oop [288]=Oop }
                      ;*getfield jar {reexecute=1 rethrow=0 return_oop=0}
                      ; - (reexecute) jdk.internal.loader.URLClassPath$JarLoader$2::getInputStream@4
                      ; - jdk.internal.loader.Resource::cachedInputStream@9
                      ; - jdk.internal.loader.Resource::getByteBuffer@1
                      ; - jdk.internal.loader.BuiltinClassLoader::defineClass@45
  0x0000020b3c800734: 4892 5407 

  0x0000020b3c800738: ;   {runtime_call throw_null_pointer_exception Runtime1 stub}
  0x0000020b3c800738: e843 9254 

  0x0000020b3c80073c: ; ImmutableOopMap {r9=Oop rdx=Oop r8=Oop [192]=Oop [200]=Oop [208]=Oop [216]=Oop [288]=Oop }
                      ;*invokevirtual getInputStream {reexecute=0 rethrow=0 return_oop=0}
                      ; - jdk.internal.loader.URLClassPath$JarLoader$2::getInputStream@11
                      ; - jdk.internal.loader.Resource::cachedInputStream@9
                      ; - jdk.internal.loader.Resource::getByteBuffer@1
                      ; - jdk.internal.loader.BuiltinClassLoader::defineClass@45
  0x0000020b3c80073c: 0741 8b51 | 0c48 83fa | 000f 848e | f5ff ff48 

  0x0000020b3c80074c: ;   {runtime_call g1_pre_barrier_slow}
  0x0000020b3c80074c: 8914 24e8 | 2ce9 5407 | e980 f5ff | ff48 83f8 | 000f 8491 | f5ff ff4c 

  0x0000020b3c800764: ;   {runtime_call g1_post_barrier_slow}
  0x0000020b3c800764: 890c 24e8 | 14ec 5407 | e983 f5ff | ff48 8d84 | 2418 0100 | 0048 8904 

  0x0000020b3c80077c: ;   {runtime_call monitorexit_nofpu Runtime1 stub}
  0x0000020b3c80077c: 24e8 fec7 | 5407 e99b | f5ff ff48 

  0x0000020b3c800788: ;   {runtime_call throw_class_cast_exception Runtime1 stub}
  0x0000020b3c800788: 8914 24e8 

  0x0000020b3c80078c: ; ImmutableOopMap {[192]=Oop [200]=Oop [208]=Oop [216]=Oop }
                      ;*checkcast {reexecute=0 rethrow=0 return_oop=0}
                      ; - jdk.internal.loader.Resource::getByteBuffer@13
                      ; - jdk.internal.loader.BuiltinClassLoader::defineClass@45
  0x0000020b3c80078c: f0b5 5407 

  0x0000020b3c800790: ;   {runtime_call throw_null_pointer_exception Runtime1 stub}
  0x0000020b3c800790: e8eb 9154 

  0x0000020b3c800794: ; ImmutableOopMap {rdx=Oop [192]=Oop [200]=Oop [208]=Oop [216]=Oop }
                      ;*invokeinterface getByteBuffer {reexecute=0 rethrow=0 return_oop=0}
                      ; - jdk.internal.loader.Resource::getByteBuffer@16
                      ; - jdk.internal.loader.BuiltinClassLoader::defineClass@45
                      ;   {metadata({method} {0x0000020b5147d650} 'getCodeSigners' '()[Ljava/security/CodeSigner;' in 'jdk/internal/loader/URLClassPath$JarLoader$2')}
  0x0000020b3c800794: 0749 ba48 | d647 510b | 0200 004c | 8954 2408 | 48c7 0424 | ffff ffff 

  0x0000020b3c8007ac: ;   {runtime_call counter_overflow Runtime1 stub}
  0x0000020b3c8007ac: e8cf e254 

  0x0000020b3c8007b0: ; ImmutableOopMap {r9=Oop [192]=Oop [200]=Oop [208]=Oop [216]=Oop [248]=Oop }
                      ;*synchronization entry
                      ; - jdk.internal.loader.URLClassPath$JarLoader$2::getCodeSigners@-1
                      ; - jdk.internal.loader.BuiltinClassLoader::defineClass@56
  0x0000020b3c8007b0: 07e9 c9f8 

  0x0000020b3c8007b4: ;   {runtime_call throw_null_pointer_exception Runtime1 stub}
  0x0000020b3c8007b4: ffff e8c5 

  0x0000020b3c8007b8: ; ImmutableOopMap {rdx=Oop [192]=Oop [208]=Oop [216]=Oop [248]=Oop }
                      ;*invokevirtual getCodeSigners {reexecute=0 rethrow=0 return_oop=0}
                      ; - jdk.internal.loader.URLClassPath$JarLoader$2::getCodeSigners@4
                      ; - jdk.internal.loader.BuiltinClassLoader::defineClass@56
  0x0000020b3c8007b8: 9154 0748 

  0x0000020b3c8007bc: ;   {runtime_call fast_new_instance Runtime1 stub}
  0x0000020b3c8007bc: 8bd2 e8bd 

  0x0000020b3c8007c0: ; ImmutableOopMap {r9=Oop [192]=Oop [208]=Oop [216]=Oop [248]=Oop }
                      ;*new {reexecute=0 rethrow=0 return_oop=0}
                      ; - jdk.internal.loader.BuiltinClassLoader::defineClass@61
  0x0000020b3c8007c0: 9a54 07e9 | b6f9 ffff 

  0x0000020b3c8007c8: ;   {internal_word}
  0x0000020b3c8007c8: 49ba 0402 | 803c 0b02 | 0000 4d89 | 9760 0400 

  0x0000020b3c8007d8: ;   {runtime_call SafepointBlob}
  0x0000020b3c8007d8: 00e9 224f 

  0x0000020b3c8007dc: ;   {metadata({method} {0x0000020b5147d650} 'getCodeSigners' '()[Ljava/security/CodeSigner;' in 'jdk/internal/loader/URLClassPath$JarLoader$2')}
  0x0000020b3c8007dc: 4807 49ba | 48d6 4751 | 0b02 0000 | 4c89 5424 | 0848 c704 | 24ff ffff 

  0x0000020b3c8007f4: ;   {runtime_call counter_overflow Runtime1 stub}
  0x0000020b3c8007f4: ffe8 86e2 

  0x0000020b3c8007f8: ; ImmutableOopMap {rax=Oop [192]=Oop [200]=Oop [208]=Oop [216]=Oop }
                      ;*synchronization entry
                      ; - jdk.internal.loader.URLClassPath$JarLoader$2::getCodeSigners@-1
                      ; - jdk.internal.loader.BuiltinClassLoader::defineClass@90
  0x0000020b3c8007f8: 5407 e986 

  0x0000020b3c8007fc: ;   {runtime_call throw_null_pointer_exception Runtime1 stub}
  0x0000020b3c8007fc: faff ffe8 

  0x0000020b3c800800: ; ImmutableOopMap {rax=Oop rdx=Oop [192]=Oop [208]=Oop [216]=Oop }
                      ;*invokevirtual getCodeSigners {reexecute=0 rethrow=0 return_oop=0}
                      ; - jdk.internal.loader.URLClassPath$JarLoader$2::getCodeSigners@4
                      ; - jdk.internal.loader.BuiltinClassLoader::defineClass@90
  0x0000020b3c800800: 7c91 5407 

  0x0000020b3c800804: ;   {runtime_call fast_new_instance Runtime1 stub}
  0x0000020b3c800804: 488b d2e8 

  0x0000020b3c800808: ; ImmutableOopMap {r9=Oop [192]=Oop [208]=Oop [216]=Oop [264]=Oop }
                      ;*new {reexecute=0 rethrow=0 return_oop=0}
                      ; - jdk.internal.loader.BuiltinClassLoader::defineClass@95
  0x0000020b3c800808: 749a 5407 | e985 fbff 

  0x0000020b3c800810: ;   {runtime_call throw_null_pointer_exception Runtime1 stub}
  0x0000020b3c800810: ffe8 6a91 

  0x0000020b3c800814: ; ImmutableOopMap {rax=Oop [192]=Oop [208]=Oop [272]=Oop }
                      ;*arraylength {reexecute=0 rethrow=0 return_oop=0}
                      ; - jdk.internal.loader.BuiltinClassLoader::defineClass@114
                      ;   {internal_word}
  0x0000020b3c800814: 5407 49ba | 2c04 803c | 0b02 0000 | 4d89 9760 

  0x0000020b3c800824: ;   {runtime_call SafepointBlob}
  0x0000020b3c800824: 0400 00e9 | d44e 4807 | 488d 8424 | 1801 0000 | 4889 0424 

  0x0000020b3c800838: ;   {runtime_call monitorexit_nofpu Runtime1 stub}
  0x0000020b3c800838: e843 c754 | 07e9 40fc | ffff 498b | 87f8 0400 | 0049 c787 | f804 0000 | 0000 0000 | 49c7 8700 
  0x0000020b3c800858: 0500 0000 | 0000 0048 | 81c4 3001 

  0x0000020b3c800864: ;   {runtime_call unwind_exception Runtime1 stub}
  0x0000020b3c800864: 0000 5de9 | 1482 5407 | f4f4 f4f4 
[Stub Code]
  0x0000020b3c800870: ;   {no_reloc}
  0x0000020b3c800870: 0f1f 4400 

  0x0000020b3c800874: ;   {static_stub}
  0x0000020b3c800874: 0048 bb00 | 0000 0000 

  0x0000020b3c80087c: ;   {runtime_call nmethod}
  0x0000020b3c80087c: 0000 00e9 | fbff ffff 

  0x0000020b3c800884: ;   {static_stub}
  0x0000020b3c800884: 9048 bb58 | 0d3c 510b 

  0x0000020b3c80088c: ;   {runtime_call I2C/C2I adapters}
  0x0000020b3c80088c: 0200 00e9 | c62b 4807 

  0x0000020b3c800894: ;   {static_stub}
  0x0000020b3c800894: 9048 bb00 | 0000 0000 

  0x0000020b3c80089c: ;   {runtime_call nmethod}
  0x0000020b3c80089c: 0000 00e9 | fbff ffff 

  0x0000020b3c8008a4: ;   {static_stub}
  0x0000020b3c8008a4: 9048 bb38 | 053c 510b 

  0x0000020b3c8008ac: ;   {runtime_call I2C/C2I adapters}
  0x0000020b3c8008ac: 0200 00e9 | 2a39 4807 

  0x0000020b3c8008b4: ;   {static_stub}
  0x0000020b3c8008b4: 9048 bb00 | 0000 0000 

  0x0000020b3c8008bc: ;   {runtime_call nmethod}
  0x0000020b3c8008bc: 0000 00e9 | fbff ffff 

  0x0000020b3c8008c4: ;   {static_stub}
  0x0000020b3c8008c4: 9048 bb00 | 0000 0000 

  0x0000020b3c8008cc: ;   {runtime_call nmethod}
  0x0000020b3c8008cc: 0000 00e9 | fbff ffff 

  0x0000020b3c8008d4: ;   {static_stub}
  0x0000020b3c8008d4: 9048 bbd8 | d747 510b 

  0x0000020b3c8008dc: ;   {runtime_call I2C/C2I adapters}
  0x0000020b3c8008dc: 0200 00e9 | 762b 4807 

  0x0000020b3c8008e4: ;   {static_stub}
  0x0000020b3c8008e4: 9048 bb00 | 0000 0000 

  0x0000020b3c8008ec: ;   {runtime_call nmethod}
  0x0000020b3c8008ec: 0000 00e9 | fbff ffff 

  0x0000020b3c8008f4: ;   {static_stub}
  0x0000020b3c8008f4: 48bb 0000 | 0000 0000 

  0x0000020b3c8008fc: ;   {runtime_call nmethod}
  0x0000020b3c8008fc: 0000 e9fb 

  0x0000020b3c800900: ;   {static_stub}
  0x0000020b3c800900: ffff ff48 | bb00 0000 | 0000 0000 

  0x0000020b3c80090c: ;   {runtime_call nmethod}
  0x0000020b3c80090c: 00e9 fbff 

  0x0000020b3c800910: ;   {static_stub}
  0x0000020b3c800910: ffff 48bb | 0000 0000 | 0000 0000 

  0x0000020b3c80091c: ;   {runtime_call nmethod}
  0x0000020b3c80091c: e9fb ffff 

  0x0000020b3c800920: ;   {static_stub}
  0x0000020b3c800920: ff48 bb00 | 0000 0000 

  0x0000020b3c800928: ;   {runtime_call nmethod}
  0x0000020b3c800928: 0000 00e9 | fbff ffff 

  0x0000020b3c800930: ;   {static_stub}
  0x0000020b3c800930: 48bb 0000 | 0000 0000 

  0x0000020b3c800938: ;   {runtime_call nmethod}
  0x0000020b3c800938: 0000 e9fb 

  0x0000020b3c80093c: ;   {static_stub}
  0x0000020b3c80093c: ffff ff48 | bb00 0000 | 0000 0000 

  0x0000020b3c800948: ;   {runtime_call nmethod}
  0x0000020b3c800948: 00e9 fbff 

  0x0000020b3c80094c: ;   {static_stub}
  0x0000020b3c80094c: ffff 48bb | 0000 0000 | 0000 0000 

  0x0000020b3c800958: ;   {runtime_call nmethod}
  0x0000020b3c800958: e9fb ffff 

  0x0000020b3c80095c: ;   {static_stub}
  0x0000020b3c80095c: ff48 bb10 | 6310 510b 

  0x0000020b3c800964: ;   {runtime_call I2C/C2I adapters}
  0x0000020b3c800964: 0200 00e9 | f6a3 4707 

  0x0000020b3c80096c: ;   {static_stub}
  0x0000020b3c80096c: 48bb 0000 | 0000 0000 

  0x0000020b3c800974: ;   {runtime_call nmethod}
  0x0000020b3c800974: 0000 e9fb 

  0x0000020b3c800978: ;   {static_stub}
  0x0000020b3c800978: ffff ff48 | bbf0 d703 | 510b 0200 

  0x0000020b3c800984: ;   {runtime_call I2C/C2I adapters}
  0x0000020b3c800984: 00e9 620c 

  0x0000020b3c800988: ;   {runtime_call handle_exception_from_callee Runtime1 stub}
  0x0000020b3c800988: 4707 e8f1 

  0x0000020b3c80098c: ;   {external_word}
  0x0000020b3c80098c: ad54 0748 | b970 6168 | 26fc 7f00 | 0048 83e4 

  0x0000020b3c80099c: ;   {runtime_call}
  0x0000020b3c80099c: f048 b810 | cd36 26fc | 7f00 00ff 

  0x0000020b3c8009a8: ;   {section_word}
  0x0000020b3c8009a8: d0f4 49ba | aa09 803c | 0b02 0000 

  0x0000020b3c8009b4: ;   {runtime_call DeoptimizationBlob}
  0x0000020b3c8009b4: 4152 e9e5 | 3f48 07f4 | f4f4 f4f4 
[/MachCode]


Compiled method (c1) 2339  527   !   3       jdk.internal.loader.BuiltinClassLoader::findClassOnClassPathOrNull (134 bytes)
 total in heap  [0x0000020b3c7bc190,0x0000020b3c7be540] = 9136
 relocation     [0x0000020b3c7bc2f0,0x0000020b3c7bc570] = 640
 main code      [0x0000020b3c7bc580,0x0000020b3c7bdaf8] = 5496
 stub code      [0x0000020b3c7bdaf8,0x0000020b3c7bdbf8] = 256
 oops           [0x0000020b3c7bdbf8,0x0000020b3c7bdc00] = 8
 metadata       [0x0000020b3c7bdc00,0x0000020b3c7bdc80] = 128
 scopes data    [0x0000020b3c7bdc80,0x0000020b3c7be0a8] = 1064
 scopes pcs     [0x0000020b3c7be0a8,0x0000020b3c7be448] = 928
 dependencies   [0x0000020b3c7be448,0x0000020b3c7be470] = 40
 handler table  [0x0000020b3c7be470,0x0000020b3c7be4f8] = 136
 nul chk table  [0x0000020b3c7be4f8,0x0000020b3c7be540] = 72

[Constant Pool (empty)]

[MachCode]
[Entry Point]
  # {method} {0x0000020b51102348} 'findClassOnClassPathOrNull' '(Ljava/lang/String;)Ljava/lang/Class;' in 'jdk/internal/loader/BuiltinClassLoader'
  # this:     rdx:rdx   = 'jdk/internal/loader/BuiltinClassLoader'
  # parm0:    r8:r8     = 'java/lang/String'
  #           [sp+0x140]  (sp of caller)
  0x0000020b3c7bc580: 448b 5208 | 49c1 e203 

  0x0000020b3c7bc588: ;   {runtime_call ic_miss_stub}
  0x0000020b3c7bc588: 4c3b d00f | 85ef 214c | 0766 6666 | 0f1f 8400 | 0000 0000 | 6666 6690 
[Verified Entry Point]
  0x0000020b3c7bc5a0: 8984 2400 | 80ff ff55 | 4881 ec30 | 0100 0090 | 4181 7f20 | 0100 0000 

  0x0000020b3c7bc5b8: ;   {runtime_call StubRoutines (final stubs)}
  0x0000020b3c7bc5b8: 7405 e861 | d54a 0748 | 8994 24c0 | 0000 004c | 8984 24c8 

  0x0000020b3c7bc5cc: ;   {metadata(method data for {method} {0x0000020b51102348} 'findClassOnClassPathOrNull' '(Ljava/lang/String;)Ljava/lang/Class;' in 'jdk/internal/loader/BuiltinClassLoader')}
  0x0000020b3c7bc5cc: 0000 0049 | b920 5b66 | 510b 0200 | 0041 8bb1 | cc00 0000 | 83c6 0241 | 89b1 cc00 | 0000 81e6 
  0x0000020b3c7bc5ec: fe07 0000 | 85f6 0f84 | a910 0000 

  0x0000020b3c7bc5f8: ; implicit exception: dispatches to 0x0000020b3c7bd6c2
  0x0000020b3c7bc5f8: 493b 004d 

  0x0000020b3c7bc5fc: ;   {metadata(method data for {method} {0x0000020b51102348} 'findClassOnClassPathOrNull' '(Ljava/lang/String;)Ljava/lang/Class;' in 'jdk/internal/loader/BuiltinClassLoader')}
  0x0000020b3c7bc5fc: 8bc8 48be | 205b 6651 | 0b02 0000 | 4883 8610 | 0100 0001 | 498b f041 | b82e 0000 | 0041 b92f 
  0x0000020b3c7bc61c: 0000 0048 | 8bd6 0f1f 

  0x0000020b3c7bc624: ;   {optimized virtual_call}
  0x0000020b3c7bc624: 4400 00e8 

  0x0000020b3c7bc628: ; ImmutableOopMap {[192]=Oop [200]=Oop }
                      ;*invokevirtual replace {reexecute=0 rethrow=0 return_oop=0}
                      ; - jdk.internal.loader.BuiltinClassLoader::findClassOnClassPathOrNull@5
  0x0000020b3c7bc628: d424 f9ff 

  0x0000020b3c7bc62c: ;   {other}
  0x0000020b3c7bc62c: 0f1f 8400 | 9c04 0000 

  0x0000020b3c7bc634: ; implicit exception: dispatches to 0x0000020b3c7bd6c7
  0x0000020b3c7bc634: 483b 0048 

  0x0000020b3c7bc638: ;   {metadata(method data for {method} {0x0000020b51102348} 'findClassOnClassPathOrNull' '(Ljava/lang/String;)Ljava/lang/Class;' in 'jdk/internal/loader/BuiltinClassLoader')}
  0x0000020b3c7bc638: 8bd0 48be | 205b 6651 | 0b02 0000 | 4883 8648 | 0100 0001 

  0x0000020b3c7bc64c: ;   {metadata(method data for {method} {0x0000020b5100c1b0} 'concat' '(Ljava/lang/String;)Ljava/lang/String;' in 'java/lang/String')}
  0x0000020b3c7bc64c: 48ba 1029 | 6651 0b02 | 0000 8bb2 | cc00 0000 | 83c6 0289 | b2cc 0000 | 0081 e6fe | ff1f 0085 
  0x0000020b3c7bc66c: f60f 8459 

  0x0000020b3c7bc670: ;   {oop(".class"{0x000000008be04038})}
  0x0000020b3c7bc670: 1000 0048 | ba38 40e0 | 8b00 0000 

  0x0000020b3c7bc67c: ;   {metadata(method data for {method} {0x0000020b5100c1b0} 'concat' '(Ljava/lang/String;)Ljava/lang/String;' in 'java/lang/String')}
  0x0000020b3c7bc67c: 0048 be10 | 2966 510b | 0200 0048 | 8386 1001 

  0x0000020b3c7bc68c: ;   {metadata(method data for {method} {0x0000020b51009de8} 'isEmpty' '()Z' in 'java/lang/String')}
  0x0000020b3c7bc68c: 0000 0148 | bab0 1b49 | 510b 0200 | 008b b2cc | 0000 0083 | c602 89b2 | cc00 0000 | 81e6 feff 
  0x0000020b3c7bc6ac: 1f00 85f6 | 0f84 3710 

  0x0000020b3c7bc6b4: ;   {metadata(method data for {method} {0x0000020b51009de8} 'isEmpty' '()Z' in 'java/lang/String')}
  0x0000020b3c7bc6b4: 0000 48ba | b01b 4951 | 0b02 0000 | ff82 1001 

  0x0000020b3c7bc6c4: ;   {metadata(method data for {method} {0x0000020b5100c1b0} 'concat' '(Ljava/lang/String;)Ljava/lang/String;' in 'java/lang/String')}
  0x0000020b3c7bc6c4: 0000 48ba | 1029 6651 | 0b02 0000 | ff82 4801 

  0x0000020b3c7bc6d4: ;   {metadata(method data for {method} {0x0000020b5100c1b0} 'concat' '(Ljava/lang/String;)Ljava/lang/String;' in 'java/lang/String')}
  0x0000020b3c7bc6d4: 0000 48ba | 1029 6651 | 0b02 0000 | 4883 8268 | 0100 0001 

  0x0000020b3c7bc6e8: ;   {metadata(method data for {method} {0x0000020b511c47c8} 'simpleConcat' '(Ljava/lang/Object;Ljava/lang/Object;)Ljava/lang/String;' in 'java/lang/StringConcatHelper')}
  0x0000020b3c7bc6e8: 48ba d02a | 6651 0b02 | 0000 8bb2 | cc00 0000 | 83c6 0289 | b2cc 0000 | 0081 e6fe | ff1f 0085 
  0x0000020b3c7bc708: f60f 84ff 

  0x0000020b3c7bc70c: ;   {metadata(method data for {method} {0x0000020b511c47c8} 'simpleConcat' '(Ljava/lang/Object;Ljava/lang/Object;)Ljava/lang/String;' in 'java/lang/StringConcatHelper')}
  0x0000020b3c7bc70c: 0f00 0048 | bad0 2a66 | 510b 0200 | 0048 8382 | 1001 0000 

  0x0000020b3c7bc720: ;   {metadata(method data for {method} {0x0000020b511c4980} 'stringOf' '(Ljava/lang/Object;)Ljava/lang/String;' in 'java/lang/StringConcatHelper')}
  0x0000020b3c7bc720: 0148 baa0 | 334f 510b | 0200 008b | b2cc 0000 | 0083 c602 | 89b2 cc00 | 0000 81e6 | feff 1f00 
  0x0000020b3c7bc740: 85f6 0f84 | e70f 0000 

  0x0000020b3c7bc748: ;   {metadata(method data for {method} {0x0000020b511c4980} 'stringOf' '(Ljava/lang/Object;)Ljava/lang/String;' in 'java/lang/StringConcatHelper')}
  0x0000020b3c7bc748: 4885 c048 | baa0 334f | 510b 0200 | 0048 c7c6 | 1001 0000 | 7407 48c7 | c620 0100 | 0048 8b3c 
  0x0000020b3c7bc768: 3248 8d7f | 0148 893c | 320f 846b | 0000 0048 

  0x0000020b3c7bc778: ;   {metadata(method data for {method} {0x0000020b511c4980} 'stringOf' '(Ljava/lang/Object;)Ljava/lang/String;' in 'java/lang/StringConcatHelper')}
  0x0000020b3c7bc778: 8bd0 48be | a033 4f51 | 0b02 0000 | 4883 8630 | 0100 0001 

  0x0000020b3c7bc78c: ;   {metadata(method data for {method} {0x0000020b5100e340} 'toString' '()Ljava/lang/String;' in 'java/lang/String')}
  0x0000020b3c7bc78c: 48ba 8035 | 4f51 0b02 | 0000 8bb2 | cc00 0000 | 83c6 0289 | b2cc 0000 | 0081 e6fe | ff1f 0085 
  0x0000020b3c7bc7ac: f60f 849d | 0f00 0048 

  0x0000020b3c7bc7b4: ;   {metadata(method data for {method} {0x0000020b511c4980} 'stringOf' '(Ljava/lang/Object;)Ljava/lang/String;' in 'java/lang/StringConcatHelper')}
  0x0000020b3c7bc7b4: 85c0 48ba | a033 4f51 | 0b02 0000 | 48c7 c668 | 0100 0075 | 0748 c7c6 | 7801 0000 | 488b 3c32 
  0x0000020b3c7bc7d4: 488d 7f01 | 4889 3c32 | 0f85 1a00 

  0x0000020b3c7bc7e0: ;   {metadata(method data for {method} {0x0000020b511c4980} 'stringOf' '(Ljava/lang/Object;)Ljava/lang/String;' in 'java/lang/StringConcatHelper')}
  0x0000020b3c7bc7e0: 0000 48ba | a033 4f51 | 0b02 0000 | ff82 8801 

  0x0000020b3c7bc7f0: ;   {oop("null"{0x000000008be04050})}
  0x0000020b3c7bc7f0: 0000 48b8 | 5040 e08b | 0000 0000 

  0x0000020b3c7bc7fc: ;   {metadata(method data for {method} {0x0000020b511c47c8} 'simpleConcat' '(Ljava/lang/Object;Ljava/lang/Object;)Ljava/lang/String;' in 'java/lang/StringConcatHelper')}
  0x0000020b3c7bc7fc: 48ba d02a | 6651 0b02 | 0000 4883 | 8220 0100 

  0x0000020b3c7bc80c: ;   {metadata(method data for {method} {0x0000020b511c4980} 'stringOf' '(Ljava/lang/Object;)Ljava/lang/String;' in 'java/lang/StringConcatHelper')}
  0x0000020b3c7bc80c: 0001 48ba | a033 4f51 | 0b02 0000 | 8bb2 cc00 | 0000 83c6 | 0289 b2cc | 0000 0081 | e6fe ff1f 
  0x0000020b3c7bc82c: 0085 f60f | 843c 0f00 

  0x0000020b3c7bc834: ;   {metadata(method data for {method} {0x0000020b511c4980} 'stringOf' '(Ljava/lang/Object;)Ljava/lang/String;' in 'java/lang/StringConcatHelper')}
  0x0000020b3c7bc834: 0048 baa0 | 334f 510b | 0200 00ff | 8220 0100 

  0x0000020b3c7bc844: ;   {oop(".class"{0x000000008be04038})}
  0x0000020b3c7bc844: 0048 ba38 | 40e0 8b00 

  0x0000020b3c7bc84c: ;   {metadata(method data for {method} {0x0000020b511c4980} 'stringOf' '(Ljava/lang/Object;)Ljava/lang/String;' in 'java/lang/StringConcatHelper')}
  0x0000020b3c7bc84c: 0000 0048 | bea0 334f | 510b 0200 | 0048 8386 | 3001 0000 

  0x0000020b3c7bc860: ;   {metadata(method data for {method} {0x0000020b5100e340} 'toString' '()Ljava/lang/String;' in 'java/lang/String')}
  0x0000020b3c7bc860: 0148 ba80 | 354f 510b | 0200 008b | b2cc 0000 | 0083 c602 | 89b2 cc00 | 0000 81e6 | feff 1f00 
  0x0000020b3c7bc880: 85f6 0f84 | 0a0f 0000 

  0x0000020b3c7bc888: ;   {metadata(method data for {method} {0x0000020b511c4980} 'stringOf' '(Ljava/lang/Object;)Ljava/lang/String;' in 'java/lang/StringConcatHelper')}
  0x0000020b3c7bc888: 48ba a033 | 4f51 0b02 | 0000 ff82 | 6801 0000 

  0x0000020b3c7bc898: ; implicit exception: dispatches to 0x0000020b3c7bd7b3
  0x0000020b3c7bc898: 483b 0048 

  0x0000020b3c7bc89c: ;   {metadata(method data for {method} {0x0000020b511c47c8} 'simpleConcat' '(Ljava/lang/Object;Ljava/lang/Object;)Ljava/lang/String;' in 'java/lang/StringConcatHelper')}
  0x0000020b3c7bc89c: 8bd0 48be | d02a 6651 | 0b02 0000 | 4883 8630 | 0100 0001 

  0x0000020b3c7bc8b0: ;   {metadata(method data for {method} {0x0000020b51009de8} 'isEmpty' '()Z' in 'java/lang/String')}
  0x0000020b3c7bc8b0: 48ba b01b | 4951 0b02 | 0000 8bb2 | cc00 0000 | 83c6 0289 | b2cc 0000 | 0081 e6fe | ff1f 0085 
  0x0000020b3c7bc8d0: f60f 84e1 | 0e00 008b | 5014 8b72 

  0x0000020b3c7bc8dc: ;   {metadata(method data for {method} {0x0000020b51009de8} 'isEmpty' '()Z' in 'java/lang/String')}
  0x0000020b3c7bc8dc: 0c85 f648 | bab0 1b49 | 510b 0200 | 0048 c7c7 | 1001 0000 | 7507 48c7 | c720 0100 | 0048 8b0c 
  0x0000020b3c7bc8fc: 3a48 8d49 | 0148 890c | 3a0f 851a 

  0x0000020b3c7bc908: ;   {metadata(method data for {method} {0x0000020b51009de8} 'isEmpty' '()Z' in 'java/lang/String')}
  0x0000020b3c7bc908: 0000 0048 | bab0 1b49 | 510b 0200 | 00ff 8230 | 0100 00ba | 0100 0000 | e905 0000 | 00ba 0000 
  0x0000020b3c7bc928: 0000 83e2 

  0x0000020b3c7bc92c: ;   {metadata(method data for {method} {0x0000020b511c47c8} 'simpleConcat' '(Ljava/lang/Object;Ljava/lang/Object;)Ljava/lang/String;' in 'java/lang/StringConcatHelper')}
  0x0000020b3c7bc92c: 0185 d248 | bad0 2a66 | 510b 0200 | 0048 c7c7 | 6801 0000 | 7407 48c7 | c778 0100 | 0048 8b0c 
  0x0000020b3c7bc94c: 3a48 8d49 | 0148 890c | 3a0f 848e 

  0x0000020b3c7bc958: ;   {metadata('java/lang/String')}
  0x0000020b3c7bc958: 0000 0048 | ba90 2004 | 0001 0000 | 0049 8b87 | b801 0000 | 488d 7818 | 493b bfc8 | 0100 000f 
  0x0000020b3c7bc978: 8761 0e00 | 0049 89bf | b801 0000 | 48c7 0001 | 0000 0048 | 8bca 48c1 | e903 8948 | 0848 33c9 
  0x0000020b3c7bc998: 8948 0c48 | 33c9 4889 | 4810 4c8b 

  0x0000020b3c7bc9a4: ;   {metadata(method data for {method} {0x0000020b511c47c8} 'simpleConcat' '(Ljava/lang/Object;Ljava/lang/Object;)Ljava/lang/String;' in 'java/lang/StringConcatHelper')}
  0x0000020b3c7bc9a4: c048 bad0 | 2a66 510b | 0200 0048 | 8382 8801 

  0x0000020b3c7bc9b4: ;   {oop(".class"{0x000000008be04038})}
  0x0000020b3c7bc9b4: 0000 0149 | b838 40e0 | 8b00 0000 | 0048 8bd0 | 4889 8424 | d000 0000 

  0x0000020b3c7bc9cc: ;   {optimized virtual_call}
  0x0000020b3c7bc9cc: 6666 90e8 

  0x0000020b3c7bc9d0: ; ImmutableOopMap {[192]=Oop [200]=Oop [208]=Oop }
                      ;*invokespecial <init> {reexecute=0 rethrow=0 return_oop=0}
                      ; - java.lang.StringConcatHelper::simpleConcat@22
                      ; - java.lang.String::concat@11
                      ; - jdk.internal.loader.BuiltinClassLoader::findClassOnClassPathOrNull@10
  0x0000020b3c7bc9d0: ac20 4c07 

  0x0000020b3c7bc9d4: ;   {other}
  0x0000020b3c7bc9d4: 0f1f 8400 | 4408 0001 | 488b 8424 | d000 0000 | e9f3 0600 

  0x0000020b3c7bc9e8: ;   {oop(".class"{0x000000008be04038})}
  0x0000020b3c7bc9e8: 0048 b938 | 40e0 8b00 

  0x0000020b3c7bc9f0: ;   {metadata(method data for {method} {0x0000020b511c47c8} 'simpleConcat' '(Ljava/lang/Object;Ljava/lang/Object;)Ljava/lang/String;' in 'java/lang/StringConcatHelper')}
  0x0000020b3c7bc9f0: 0000 0049 | b8d0 2a66 | 510b 0200 | 0049 8380 | 9801 0000 

  0x0000020b3c7bca04: ;   {metadata(method data for {method} {0x0000020b51009de8} 'isEmpty' '()Z' in 'java/lang/String')}
  0x0000020b3c7bca04: 0148 b9b0 | 1b49 510b | 0200 0044 | 8b81 cc00 | 0000 4183 | c002 4489 | 81cc 0000 | 0041 81e0 
  0x0000020b3c7bca24: feff 1f00 | 4585 c00f | 84ba 0d00 

  0x0000020b3c7bca30: ;   {metadata(method data for {method} {0x0000020b51009de8} 'isEmpty' '()Z' in 'java/lang/String')}
  0x0000020b3c7bca30: 0048 b9b0 | 1b49 510b | 0200 00ff | 8110 0100 

  0x0000020b3c7bca40: ;   {metadata(method data for {method} {0x0000020b511c47c8} 'simpleConcat' '(Ljava/lang/Object;Ljava/lang/Object;)Ljava/lang/String;' in 'java/lang/StringConcatHelper')}
  0x0000020b3c7bca40: 0048 b9d0 | 2a66 510b | 0200 00ff | 81d0 0100 

  0x0000020b3c7bca50: ;   {metadata(method data for {method} {0x0000020b511c47c8} 'simpleConcat' '(Ljava/lang/Object;Ljava/lang/Object;)Ljava/lang/String;' in 'java/lang/StringConcatHelper')}
  0x0000020b3c7bca50: 0048 b9d0 | 2a66 510b | 0200 0048 | 8381 0002 

  0x0000020b3c7bca60: ;   {metadata(method data for {method} {0x0000020b511c4c48} 'initialCoder' '()J' in 'java/lang/StringConcatHelper')}
  0x0000020b3c7bca60: 0000 0148 | b9a8 2766 | 510b 0200 | 0044 8b81 | cc00 0000 | 4183 c002 | 4489 81cc | 0000 0041 
  0x0000020b3c7bca80: 81e0 feff | 1f00 4585 | c00f 847d 

  0x0000020b3c7bca8c: ;   {metadata(method data for {method} {0x0000020b511c4c48} 'initialCoder' '()J' in 'java/lang/StringConcatHelper')}
  0x0000020b3c7bca8c: 0d00 0048 | b9a8 2766 | 510b 0200 | 00ff 8120 

  0x0000020b3c7bca9c: ;   {metadata(method data for {method} {0x0000020b511c4c48} 'initialCoder' '()J' in 'java/lang/StringConcatHelper')}
  0x0000020b3c7bca9c: 0100 0048 | b9a8 2766 | 510b 0200 | 00ff 8130 

  0x0000020b3c7bcaac: ;   {metadata(method data for {method} {0x0000020b511c47c8} 'simpleConcat' '(Ljava/lang/Object;Ljava/lang/Object;)Ljava/lang/String;' in 'java/lang/StringConcatHelper')}
  0x0000020b3c7bcaac: 0100 0048 | b9d0 2a66 | 510b 0200 | 0048 8381 | 1002 0000 

  0x0000020b3c7bcac0: ;   {metadata(method data for {method} {0x0000020b511c3a10} 'mix' '(JLjava/lang/String;)J' in 'java/lang/StringConcatHelper')}
  0x0000020b3c7bcac0: 0148 b9b0 | 364f 510b | 0200 0044 | 8b81 cc00 | 0000 4183 | c002 4489 | 81cc 0000 | 0041 81e0 
  0x0000020b3c7bcae0: feff 1f00 | 4585 c00f | 8440 0d00 | 0048 8bc8 

  0x0000020b3c7bcaf0: ;   {metadata(method data for {method} {0x0000020b511c3a10} 'mix' '(JLjava/lang/String;)J' in 'java/lang/StringConcatHelper')}
  0x0000020b3c7bcaf0: 49b8 b036 | 4f51 0b02 | 0000 4983 | 8010 0100 

  0x0000020b3c7bcb00: ;   {metadata(method data for {method} {0x0000020b51009d30} 'length' '()I' in 'java/lang/String')}
  0x0000020b3c7bcb00: 0001 48b9 | e87b 3651 | 0b02 0000 | 448b 81cc | 0000 0041 | 83c0 0244 | 8981 cc00 | 0000 4181 
  0x0000020b3c7bcb20: e0fe ff1f | 0045 85c0 | 0f84 200d | 0000 488b 

  0x0000020b3c7bcb30: ;   {metadata(method data for {method} {0x0000020b51009d30} 'length' '()I' in 'java/lang/String')}
  0x0000020b3c7bcb30: c849 b8e8 | 7b36 510b | 0200 0049 | 8380 1001 

  0x0000020b3c7bcb40: ;   {metadata(method data for {method} {0x0000020b5100f8a0} 'coder' '()B' in 'java/lang/String')}
  0x0000020b3c7bcb40: 0000 0148 | b988 a833 | 510b 0200 | 0044 8b81 | cc00 0000 | 4183 c002 | 4489 81cc | 0000 0041 
  0x0000020b3c7bcb60: 81e0 feff | 1f00 4585 | c00f 8400 

  0x0000020b3c7bcb6c: ;   {metadata(method data for {method} {0x0000020b5100f8a0} 'coder' '()B' in 'java/lang/String')}
  0x0000020b3c7bcb6c: 0d00 0048 | b988 a833 | 510b 0200 | 00ff 8120 | 0100 000f 

  0x0000020b3c7bcb80: ;   {metadata(method data for {method} {0x0000020b5100f8a0} 'coder' '()B' in 'java/lang/String')}
  0x0000020b3c7bcb80: be48 1049 | b888 a833 | 510b 0200 | 0041 ff80 | 3001 0000 | c1e1 184c | 8bc1 41c1 | f818 498b 
  0x0000020b3c7bcba0: c8d3 fe48 | 63f6 488b 

  0x0000020b3c7bcba8: ;   {metadata(method data for {method} {0x0000020b511c3a10} 'mix' '(JLjava/lang/String;)J' in 'java/lang/StringConcatHelper')}
  0x0000020b3c7bcba8: c849 b9b0 | 364f 510b | 0200 0049 | 8381 4801 

  0x0000020b3c7bcbb8: ;   {metadata(method data for {method} {0x0000020b5100f8a0} 'coder' '()B' in 'java/lang/String')}
  0x0000020b3c7bcbb8: 0000 0148 | b988 a833 | 510b 0200 | 0044 8b89 | cc00 0000 | 4183 c102 | 4489 89cc | 0000 0041 
  0x0000020b3c7bcbd8: 81e1 feff | 1f00 4585 | c90f 84a9 

  0x0000020b3c7bcbe4: ;   {metadata(method data for {method} {0x0000020b5100f8a0} 'coder' '()B' in 'java/lang/String')}
  0x0000020b3c7bcbe4: 0c00 0048 | b988 a833 | 510b 0200 | 00ff 8120 

  0x0000020b3c7bcbf4: ;   {metadata(method data for {method} {0x0000020b5100f8a0} 'coder' '()B' in 'java/lang/String')}
  0x0000020b3c7bcbf4: 0100 0048 | b988 a833 | 510b 0200 | 00ff 8130 | 0100 0041 

  0x0000020b3c7bcc08: ;   {metadata(method data for {method} {0x0000020b511c3a10} 'mix' '(JLjava/lang/String;)J' in 'java/lang/StringConcatHelper')}
  0x0000020b3c7bcc08: 83f8 0148 | b9b0 364f | 510b 0200 | 0049 c7c0 | 8001 0000 | 7507 49c7 | c090 0100 | 004e 8b0c 
  0x0000020b3c7bcc28: 014d 8d49 | 014e 890c | 010f 850d | 0000 0049 | ba00 0000 | 0001 0000 | 0049 0bf2 

  0x0000020b3c7bcc44: ;   {metadata(method data for {method} {0x0000020b511c3a10} 'mix' '(JLjava/lang/String;)J' in 'java/lang/StringConcatHelper')}
  0x0000020b3c7bcc44: 48b9 b036 | 4f51 0b02 | 0000 4883 | 81a0 0100 

  0x0000020b3c7bcc54: ;   {metadata(method data for {method} {0x0000020b511c3640} 'checkOverflow' '(J)J' in 'java/lang/StringConcatHelper')}
  0x0000020b3c7bcc54: 0001 48b9 | b038 4f51 | 0b02 0000 | 448b 81cc | 0000 0041 | 83c0 0244 | 8981 cc00 | 0000 4181 
  0x0000020b3c7bcc74: e0fe ff1f | 0045 85c0 | 0f84 2f0c | 0000 8bce 

  0x0000020b3c7bcc84: ;   {metadata(method data for {method} {0x0000020b511c3640} 'checkOverflow' '(J)J' in 'java/lang/StringConcatHelper')}
  0x0000020b3c7bcc84: 85c9 48b9 | b038 4f51 | 0b02 0000 | 49c7 c010 | 0100 007c | 0749 c7c0 | 2001 0000 | 4e8b 0c01 
  0x0000020b3c7bcca4: 4d8d 4901 | 4e89 0c01 | 0f8c e708 

  0x0000020b3c7bccb0: ;   {metadata(method data for {method} {0x0000020b511c47c8} 'simpleConcat' '(Ljava/lang/Object;Ljava/lang/Object;)Ljava/lang/String;' in 'java/lang/StringConcatHelper')}
  0x0000020b3c7bccb0: 0000 48b9 | d02a 6651 | 0b02 0000 | 4883 8120 | 0200 0001 

  0x0000020b3c7bccc4: ;   {metadata(method data for {method} {0x0000020b511c3a10} 'mix' '(JLjava/lang/String;)J' in 'java/lang/StringConcatHelper')}
  0x0000020b3c7bccc4: 48b9 b036 | 4f51 0b02 | 0000 448b | 81cc 0000 | 0041 83c0 | 0244 8981 | cc00 0000 | 4181 e0fe 
  0x0000020b3c7bcce4: ff1f 0045 | 85c0 0f84 | e20b 0000 

  0x0000020b3c7bccf0: ;   {oop(".class"{0x000000008be04038})}
  0x0000020b3c7bccf0: 48b9 3840 | e08b 0000 | 0000 4c8b 

  0x0000020b3c7bccfc: ;   {metadata(method data for {method} {0x0000020b511c3a10} 'mix' '(JLjava/lang/String;)J' in 'java/lang/StringConcatHelper')}
  0x0000020b3c7bccfc: c149 b9b0 | 364f 510b | 0200 0049 | 8381 1001 

  0x0000020b3c7bcd0c: ;   {metadata(method data for {method} {0x0000020b51009d30} 'length' '()I' in 'java/lang/String')}
  0x0000020b3c7bcd0c: 0000 0149 | b8e8 7b36 | 510b 0200 | 0045 8b88 | cc00 0000 | 4183 c102 | 4589 88cc | 0000 0041 
  0x0000020b3c7bcd2c: 81e1 feff | 1f00 4585 | c90f 84b8 

  0x0000020b3c7bcd38: ;   {metadata(method data for {method} {0x0000020b51009d30} 'length' '()I' in 'java/lang/String')}
  0x0000020b3c7bcd38: 0b00 0049 | b8e8 7b36 | 510b 0200 | 0049 8380 | 1001 0000 

  0x0000020b3c7bcd4c: ;   {metadata(method data for {method} {0x0000020b5100f8a0} 'coder' '()B' in 'java/lang/String')}
  0x0000020b3c7bcd4c: 0148 b988 | a833 510b | 0200 0044 | 8b81 cc00 | 0000 4183 | c002 4489 | 81cc 0000 | 0041 81e0 
  0x0000020b3c7bcd6c: feff 1f00 | 4585 c00f | 849b 0b00 

  0x0000020b3c7bcd78: ;   {metadata(method data for {method} {0x0000020b5100f8a0} 'coder' '()B' in 'java/lang/String')}
  0x0000020b3c7bcd78: 0048 b988 | a833 510b | 0200 00ff | 8120 0100 

  0x0000020b3c7bcd88: ;   {metadata(method data for {method} {0x0000020b5100f8a0} 'coder' '()B' in 'java/lang/String')}
  0x0000020b3c7bcd88: 0048 b988 | a833 510b | 0200 00ff | 8130 0100 | 0049 c7c2 | 0600 0000 | 4903 f248 | 89b4 24d8 
  0x0000020b3c7bcda8: ;   {oop(".class"{0x000000008be04038})}
  0x0000020b3c7bcda8: 0000 0048 | b938 40e0 | 8b00 0000 

  0x0000020b3c7bcdb4: ;   {metadata(method data for {method} {0x0000020b511c3a10} 'mix' '(JLjava/lang/String;)J' in 'java/lang/StringConcatHelper')}
  0x0000020b3c7bcdb4: 0049 b8b0 | 364f 510b | 0200 0049 | 8380 4801 

  0x0000020b3c7bcdc4: ;   {metadata(method data for {method} {0x0000020b5100f8a0} 'coder' '()B' in 'java/lang/String')}
  0x0000020b3c7bcdc4: 0000 0148 | b988 a833 | 510b 0200 | 0044 8b81 | cc00 0000 | 4183 c002 | 4489 81cc | 0000 0041 
  0x0000020b3c7bcde4: 81e0 feff | 1f00 4585 | c00f 8442 

  0x0000020b3c7bcdf0: ;   {metadata(method data for {method} {0x0000020b5100f8a0} 'coder' '()B' in 'java/lang/String')}
  0x0000020b3c7bcdf0: 0b00 0048 | b988 a833 | 510b 0200 | 00ff 8120 

  0x0000020b3c7bce00: ;   {metadata(method data for {method} {0x0000020b5100f8a0} 'coder' '()B' in 'java/lang/String')}
  0x0000020b3c7bce00: 0100 0048 | b988 a833 | 510b 0200 | 00ff 8130 

  0x0000020b3c7bce10: ;   {metadata(method data for {method} {0x0000020b511c3a10} 'mix' '(JLjava/lang/String;)J' in 'java/lang/StringConcatHelper')}
  0x0000020b3c7bce10: 0100 0048 | b9b0 364f | 510b 0200 | 00ff 8180 

  0x0000020b3c7bce20: ;   {metadata(method data for {method} {0x0000020b511c3a10} 'mix' '(JLjava/lang/String;)J' in 'java/lang/StringConcatHelper')}
  0x0000020b3c7bce20: 0100 0048 | b9b0 364f | 510b 0200 | 0048 8381 | a001 0000 

  0x0000020b3c7bce34: ;   {metadata(method data for {method} {0x0000020b511c3640} 'checkOverflow' '(J)J' in 'java/lang/StringConcatHelper')}
  0x0000020b3c7bce34: 0148 b9b0 | 384f 510b | 0200 0044 | 8b81 cc00 | 0000 4183 | c002 4489 | 81cc 0000 | 0041 81e0 
  0x0000020b3c7bce54: feff 1f00 | 4585 c00f | 84f5 0a00 | 0044 8bc6 

  0x0000020b3c7bce64: ;   {metadata(method data for {method} {0x0000020b511c3640} 'checkOverflow' '(J)J' in 'java/lang/StringConcatHelper')}
  0x0000020b3c7bce64: 4585 c048 | b9b0 384f | 510b 0200 | 0049 c7c1 | 1001 0000 | 7c07 49c7 | c120 0100 | 004a 8b14 
  0x0000020b3c7bce84: 0948 8d52 | 014a 8914 | 090f 8c5e 

  0x0000020b3c7bce90: ;   {metadata(method data for {method} {0x0000020b511c47c8} 'simpleConcat' '(Ljava/lang/Object;Ljava/lang/Object;)Ljava/lang/String;' in 'java/lang/StringConcatHelper')}
  0x0000020b3c7bce90: 0600 0048 | b9d0 2a66 | 510b 0200 | 0048 8381 | 3002 0000 

  0x0000020b3c7bcea4: ;   {metadata(method data for {method} {0x0000020b511c4b70} 'newArray' '(J)[B' in 'java/lang/StringConcatHelper')}
  0x0000020b3c7bcea4: 0148 b998 | 534f 510b | 0200 0044 | 8b89 cc00 | 0000 4183 | c102 4489 | 89cc 0000 | 0041 81e1 
  0x0000020b3c7bcec4: feff 1f00 | 4585 c90f | 84a6 0a00 | 00b9 2000 | 0000 4c8b | ce49 d3f9 | 458b c945 | 0fbe c949 
  0x0000020b3c7bcee4: 8bc9 4d8b | c841 d3e1 

  0x0000020b3c7bceec: ;   {metadata(method data for {method} {0x0000020b511c4b70} 'newArray' '(J)[B' in 'java/lang/StringConcatHelper')}
  0x0000020b3c7bceec: 4585 c949 | b898 534f | 510b 0200 | 0048 c7c2 | 2001 0000 | 7c07 48c7 | c210 0100 | 0049 8b3c 
  0x0000020b3c7bcf0c: 1048 8d7f | 0149 893c | 1048 8984 | 24e0 0000 | 000f 8c34 

  0x0000020b3c7bcf20: ;   {oop(a 'jdk/internal/misc/Unsafe'{0x000000008be04068})}
  0x0000020b3c7bcf20: 0500 0048 | ba68 40e0 | 8b00 0000 | 004c 8bc2 

  0x0000020b3c7bcf30: ;   {metadata(method data for {method} {0x0000020b511c4b70} 'newArray' '(J)[B' in 'java/lang/StringConcatHelper')}
  0x0000020b3c7bcf30: 48bf 9853 | 4f51 0b02 | 0000 4883 | 8740 0100 

  0x0000020b3c7bcf40: ;   {oop(a 'java/lang/Class'{0x000000008be04078} = byte)}
  0x0000020b3c7bcf40: 0001 49b8 | 7840 e08b | 0000 0000 

  0x0000020b3c7bcf4c: ;   {optimized virtual_call}
  0x0000020b3c7bcf4c: 6666 90e8 

  0x0000020b3c7bcf50: ; ImmutableOopMap {[192]=Oop [200]=Oop [224]=Oop }
                      ;*invokevirtual allocateUninitializedArray {reexecute=0 rethrow=0 return_oop=0}
                      ; - java.lang.StringConcatHelper::newArray@33
                      ; - java.lang.StringConcatHelper::simpleConcat@61
                      ; - java.lang.String::concat@11
                      ; - jdk.internal.loader.BuiltinClassLoader::findClassOnClassPathOrNull@10
  0x0000020b3c7bcf50: cc38 f8ff 

  0x0000020b3c7bcf54: ;   {other}
  0x0000020b3c7bcf54: 0f1f 8400 | c40d 0002 | 4885 c075 

  0x0000020b3c7bcf60: ;   {metadata(method data for {method} {0x0000020b511c4b70} 'newArray' '(J)[B' in 'java/lang/StringConcatHelper')}
  0x0000020b3c7bcf60: 1749 b898 | 534f 510b | 0200 0041 | 8088 7101 | 0000 01e9 | bd00 0000 

  0x0000020b3c7bcf78: ;   {metadata({type array byte})}
  0x0000020b3c7bcf78: 49b9 c80a | 0400 0100 | 0000 448b | 4008 49c1 | e003 4d3b | 4838 0f85 | 8500 0000 

  0x0000020b3c7bcf94: ;   {metadata(method data for {method} {0x0000020b511c4b70} 'newArray' '(J)[B' in 'java/lang/StringConcatHelper')}
  0x0000020b3c7bcf94: 49b8 9853 | 4f51 0b02 | 0000 448b | 4808 49c1 | e103 4d3b | 8888 0100 | 0075 0d49 | 8380 9001 
  0x0000020b3c7bcfb4: 0000 01e9 | 7900 0000 | 4d3b 8898 | 0100 0075 | 0d49 8380 | a001 0000 | 01e9 6300 | 0000 4983 
  0x0000020b3c7bcfd4: b888 0100 | 0000 7517 | 4d89 8888 | 0100 0049 | c780 9001 | 0000 0100 | 0000 e942 | 0000 0049 
  0x0000020b3c7bcff4: 83b8 9801 | 0000 0075 | 174d 8988 | 9801 0000 | 49c7 80a0 | 0100 0001 | 0000 00e9 | 2100 0000 
  0x0000020b3c7bd014: e91c 0000 

  0x0000020b3c7bd018: ;   {metadata(method data for {method} {0x0000020b511c4b70} 'newArray' '(J)[B' in 'java/lang/StringConcatHelper')}
  0x0000020b3c7bd018: 0049 b898 | 534f 510b | 0200 0049 | 83a8 7801 | 0000 01e9 | 6809 0000 | e900 0000 | 0048 8bf0 
  0x0000020b3c7bd038: ;   {metadata(method data for {method} {0x0000020b511c47c8} 'simpleConcat' '(Ljava/lang/Object;Ljava/lang/Object;)Ljava/lang/String;' in 'java/lang/StringConcatHelper')}
  0x0000020b3c7bd038: 48ba d02a | 6651 0b02 | 0000 4883 | 8240 0200 

  0x0000020b3c7bd048: ;   {oop(".class"{0x000000008be04038})}
  0x0000020b3c7bd048: 0001 49b9 | 3840 e08b | 0000 0000 | 488b 9424 | d800 0000 | 4c8b c648 | 89b4 24e8 

  0x0000020b3c7bd064: ;   {static_call}
  0x0000020b3c7bd064: 0000 00e8 

  0x0000020b3c7bd068: ; ImmutableOopMap {[192]=Oop [200]=Oop [224]=Oop [232]=Oop }
                      ;*invokestatic prepend {reexecute=0 rethrow=0 return_oop=0}
                      ; - java.lang.StringConcatHelper::simpleConcat@71
                      ; - java.lang.String::concat@11
                      ; - jdk.internal.loader.BuiltinClassLoader::findClassOnClassPathOrNull@10
  0x0000020b3c7bd068: 741b f8ff 

  0x0000020b3c7bd06c: ;   {other}
  0x0000020b3c7bd06c: 0f1f 8400 | dc0e 0003 

  0x0000020b3c7bd074: ;   {metadata(method data for {method} {0x0000020b511c47c8} 'simpleConcat' '(Ljava/lang/Object;Ljava/lang/Object;)Ljava/lang/String;' in 'java/lang/StringConcatHelper')}
  0x0000020b3c7bd074: 48ba d02a | 6651 0b02 | 0000 4883 | 8250 0200 | 0001 488b | d04c 8b84 | 24e8 0000 | 004c 8b8c 
  0x0000020b3c7bd094: 24e0 0000 | 0066 0f1f 

  0x0000020b3c7bd09c: ;   {static_call}
  0x0000020b3c7bd09c: 4400 00e8 

  0x0000020b3c7bd0a0: ; ImmutableOopMap {[192]=Oop [200]=Oop [232]=Oop }
                      ;*invokestatic prepend {reexecute=0 rethrow=0 return_oop=0}
                      ; - java.lang.StringConcatHelper::simpleConcat@81
                      ; - java.lang.String::concat@11
                      ; - jdk.internal.loader.BuiltinClassLoader::findClassOnClassPathOrNull@10
  0x0000020b3c7bd0a0: 3c1b f8ff 

  0x0000020b3c7bd0a4: ;   {other}
  0x0000020b3c7bd0a4: 0f1f 8400 | 140f 0004 

  0x0000020b3c7bd0ac: ;   {metadata(method data for {method} {0x0000020b511c47c8} 'simpleConcat' '(Ljava/lang/Object;Ljava/lang/Object;)Ljava/lang/String;' in 'java/lang/StringConcatHelper')}
  0x0000020b3c7bd0ac: 48ba d02a | 6651 0b02 | 0000 4883 | 8260 0200 | 0001 488b | 9424 e800 | 0000 4c8b | c066 0f1f 
  0x0000020b3c7bd0cc: ;   {static_call}
  0x0000020b3c7bd0cc: 4400 00e8 

  0x0000020b3c7bd0d0: ; ImmutableOopMap {[192]=Oop [200]=Oop }
                      ;*invokestatic newString {reexecute=0 rethrow=0 return_oop=0}
                      ; - java.lang.StringConcatHelper::simpleConcat@90
                      ; - java.lang.String::concat@11
                      ; - jdk.internal.loader.BuiltinClassLoader::findClassOnClassPathOrNull@10
  0x0000020b3c7bd0d0: cc4d fbff 

  0x0000020b3c7bd0d4: ;   {other}
  0x0000020b3c7bd0d4: 0f1f 8400 | 440f 0005 | 4889 8424 | f000 0000 

  0x0000020b3c7bd0e4: ;   {metadata(method data for {method} {0x0000020b51102348} 'findClassOnClassPathOrNull' '(Ljava/lang/String;)Ljava/lang/Class;' in 'jdk/internal/loader/BuiltinClassLoader')}
  0x0000020b3c7bd0e4: 48be 205b | 6651 0b02 | 0000 4883 | 8680 0100 

  0x0000020b3c7bd0f4: ;   {static_call}
  0x0000020b3c7bd0f4: 0001 90e8 

  0x0000020b3c7bd0f8: ; ImmutableOopMap {[192]=Oop [200]=Oop [240]=Oop }
                      ;*invokestatic disableInThisThread {reexecute=0 rethrow=0 return_oop=0}
                      ; - jdk.internal.loader.BuiltinClassLoader::findClassOnClassPathOrNull@14
  0x0000020b3c7bd0f8: e40f 0400 

  0x0000020b3c7bd0fc: ;   {other}
  0x0000020b3c7bd0fc: 0f1f 8400 | 6c0f 0006 

  0x0000020b3c7bd104: ;   {metadata(method data for {method} {0x0000020b51102348} 'findClassOnClassPathOrNull' '(Ljava/lang/String;)Ljava/lang/Class;' in 'jdk/internal/loader/BuiltinClassLoader')}
  0x0000020b3c7bd104: 49b8 205b | 6651 0b02 | 0000 4983 | 8090 0100 

  0x0000020b3c7bd114: ;   {metadata(method data for {method} {0x0000020b5102bd50} 'getSecurityManager' '()Ljava/lang/SecurityManager;' in 'java/lang/System')}
  0x0000020b3c7bd114: 0001 49b8 | 4823 4f51 | 0b02 0000 | 458b 88cc | 0000 0041 | 83c1 0245 | 8988 cc00 | 0000 4181 
  0x0000020b3c7bd134: e1fe ff1f | 0045 85c9 | 0f84 5f08 

  0x0000020b3c7bd140: ;   {metadata(method data for {method} {0x0000020b5102bd50} 'getSecurityManager' '()Ljava/lang/SecurityManager;' in 'java/lang/System')}
  0x0000020b3c7bd140: 0000 49b8 | 4823 4f51 | 0b02 0000 | 4983 8010 | 0100 0001 

  0x0000020b3c7bd154: ;   {metadata(method data for {method} {0x0000020b5102b188} 'allowSecurityManager' '()Z' in 'java/lang/System')}
  0x0000020b3c7bd154: 49b8 c024 | 4f51 0b02 | 0000 458b | 88cc 0000 | 0041 83c1 | 0245 8988 | cc00 0000 | 4181 e1fe 
  0x0000020b3c7bd174: ff1f 0045 | 85c9 0f84 | 4208 0000 

  0x0000020b3c7bd180: ;   {metadata(method data for {method} {0x0000020b5102b188} 'allowSecurityManager' '()Z' in 'java/lang/System')}
  0x0000020b3c7bd180: 49b8 c024 | 4f51 0b02 | 0000 41ff | 8010 0100 

  0x0000020b3c7bd190: ;   {metadata(method data for {method} {0x0000020b5102bd50} 'getSecurityManager' '()Ljava/lang/SecurityManager;' in 'java/lang/System')}
  0x0000020b3c7bd190: 0049 b848 | 234f 510b | 0200 0041 | ff80 2001 

  0x0000020b3c7bd1a0: ;   {metadata(method data for {method} {0x0000020b51102348} 'findClassOnClassPathOrNull' '(Ljava/lang/String;)Ljava/lang/Class;' in 'jdk/internal/loader/BuiltinClassLoader')}
  0x0000020b3c7bd1a0: 0000 49b8 | 205b 6651 | 0b02 0000 | 41ff 80b0 | 0100 0048 | 8984 24f8 | 0000 0048 | 8b84 24f0 
  0x0000020b3c7bd1c0: 0000 0048 | 8b94 24c0 | 0000 008b | 7a58 483b | 074c 8bc7 

  0x0000020b3c7bd1d4: ;   {metadata(method data for {method} {0x0000020b51102348} 'findClassOnClassPathOrNull' '(Ljava/lang/String;)Ljava/lang/Class;' in 'jdk/internal/loader/BuiltinClassLoader')}
  0x0000020b3c7bd1d4: 49b9 205b | 6651 0b02 | 0000 4983 | 81d8 0100 | 0001 4c8b | c041 b900 | 0000 0048 | 8bd7 0f1f 
  0x0000020b3c7bd1f4: ;   {optimized virtual_call}
  0x0000020b3c7bd1f4: 4400 00e8 

  0x0000020b3c7bd1f8: ; ImmutableOopMap {[192]=Oop [200]=Oop [248]=Oop }
                      ;*invokevirtual getResource {reexecute=0 rethrow=0 return_oop=0}
                      ; - jdk.internal.loader.BuiltinClassLoader::findClassOnClassPathOrNull@30
  0x0000020b3c7bd1f8: 0408 0400 

  0x0000020b3c7bd1fc: ;   {other}
  0x0000020b3c7bd1fc: 0f1f 8400 | 6c10 0007 

  0x0000020b3c7bd204: ;   {metadata(method data for {method} {0x0000020b51102348} 'findClassOnClassPathOrNull' '(Ljava/lang/String;)Ljava/lang/Class;' in 'jdk/internal/loader/BuiltinClassLoader')}
  0x0000020b3c7bd204: 4885 c049 | b820 5b66 | 510b 0200 | 0049 c7c1 | 0802 0000 | 7507 49c7 | c1f8 0100 | 004b 8b14 
  0x0000020b3c7bd224: 0848 8d52 | 014b 8914 | 080f 850d | 0000 0048 | 8bb4 24f8 | 0000 00e9 | 2401 0000 | 488b 9424 
  0x0000020b3c7bd244: c000 0000 

  0x0000020b3c7bd248: ;   {metadata(method data for {method} {0x0000020b51102348} 'findClassOnClassPathOrNull' '(Ljava/lang/String;)Ljava/lang/Class;' in 'jdk/internal/loader/BuiltinClassLoader')}
  0x0000020b3c7bd248: 49b8 205b | 6651 0b02 | 0000 4983 | 8018 0200 | 0001 4c8b | 8424 c800 | 0000 4c8b | c848 8b94 
  0x0000020b3c7bd268: 24c0 0000 

  0x0000020b3c7bd26c: ;   {optimized virtual_call}
  0x0000020b3c7bd26c: 0066 90e8 

  0x0000020b3c7bd270: ; ImmutableOopMap {[248]=Oop }
                      ;*invokevirtual defineClass {reexecute=0 rethrow=0 return_oop=0}
                      ; - jdk.internal.loader.BuiltinClassLoader::findClassOnClassPathOrNull@44
  0x0000020b3c7bd270: ac1f 0400 

  0x0000020b3c7bd274: ;   {other}
  0x0000020b3c7bd274: 0f1f 8400 | e410 0008 | 488b b424 | f800 0000 

  0x0000020b3c7bd284: ;   {metadata(method data for {method} {0x0000020b51102348} 'findClassOnClassPathOrNull' '(Ljava/lang/String;)Ljava/lang/Class;' in 'jdk/internal/loader/BuiltinClassLoader')}
  0x0000020b3c7bd284: 4885 f648 | ba20 5b66 | 510b 0200 | 0048 c7c7 | 5002 0000 | 7407 48c7 | c760 0200 | 0048 8b1c 
  0x0000020b3c7bd2a4: 3a48 8d5b | 0148 891c | 3a0f 8471 | 0100 00e9 | 3401 0000 | 498b 87f8 | 0400 004d | 33d2 4d89 
  0x0000020b3c7bd2c4: 97f8 0400 | 004d 33d2 | 4d89 9700 | 0500 0048 

  0x0000020b3c7bd2d4: ;   {metadata(method data for {method} {0x0000020b51102348} 'findClassOnClassPathOrNull' '(Ljava/lang/String;)Ljava/lang/Class;' in 'jdk/internal/loader/BuiltinClassLoader')}
  0x0000020b3c7bd2d4: 85f6 48ba | 205b 6651 | 0b02 0000 | 48c7 c7b0 | 0300 0074 | 0748 c7c7 | c003 0000 | 488b 1c3a 
  0x0000020b3c7bd2f4: 488d 5b01 | 4889 1c3a | 0f84 9a03 | 0000 4889 | 8424 0001 | 0000 483b | 0648 8bd6 

  0x0000020b3c7bd310: ;   {metadata(method data for {method} {0x0000020b51102348} 'findClassOnClassPathOrNull' '(Ljava/lang/String;)Ljava/lang/Class;' in 'jdk/internal/loader/BuiltinClassLoader')}
  0x0000020b3c7bd310: 48bf 205b | 6651 0b02 

  0x0000020b3c7bd318: ;   {metadata('com/jetbrains/internal/IoOverNio$ThreadLocalCloseable')}
  0x0000020b3c7bd318: 0000 49ba | b8b5 0300 | 0100 0000 | 4c89 97e0 | 0300 0048 | 8387 e803 | 0000 0148 

  0x0000020b3c7bd334: ;   {optimized virtual_call}
  0x0000020b3c7bd334: 8bd6 90e8 

  0x0000020b3c7bd338: ; ImmutableOopMap {[256]=Oop }
                      ;*invokevirtual close {reexecute=0 rethrow=0 return_oop=0}
                      ; - jdk.internal.loader.BuiltinClassLoader::findClassOnClassPathOrNull@116
  0x0000020b3c7bd338: 4417 4c07 

  0x0000020b3c7bd33c: ;   {other}
  0x0000020b3c7bd33c: 0f1f 8400 | ac11 0009 | e9f1 0000 | 0049 8b87 | f804 0000 | 4d33 d24d | 8997 f804 | 0000 4d33 
  0x0000020b3c7bd35c: d24d 8997 | 0005 0000 

  0x0000020b3c7bd364: ;   {metadata(method data for {method} {0x0000020b51102348} 'findClassOnClassPathOrNull' '(Ljava/lang/String;)Ljava/lang/Class;' in 'jdk/internal/loader/BuiltinClassLoader')}
  0x0000020b3c7bd364: 4885 f648 | ba20 5b66 | 510b 0200 | 0048 c7c7 | a802 0000 | 7407 48c7 | c7b8 0200 | 0048 8b1c 
  0x0000020b3c7bd384: 3a48 8d5b | 0148 891c | 3a0f 8439 | 0000 0048 | 3b06 488b 

  0x0000020b3c7bd398: ;   {metadata(method data for {method} {0x0000020b51102348} 'findClassOnClassPathOrNull' '(Ljava/lang/String;)Ljava/lang/Class;' in 'jdk/internal/loader/BuiltinClassLoader')}
  0x0000020b3c7bd398: c648 ba20 | 5b66 510b 

  0x0000020b3c7bd3a0: ;   {metadata('com/jetbrains/internal/IoOverNio$ThreadLocalCloseable')}
  0x0000020b3c7bd3a0: 0200 0049 | bab8 b503 | 0001 0000 | 004c 8992 | d802 0000 | 4883 82e0 | 0200 0001 

  0x0000020b3c7bd3bc: ;   {optimized virtual_call}
  0x0000020b3c7bd3bc: 488b d6e8 

  0x0000020b3c7bd3c0: ; ImmutableOopMap {}
                      ;*invokevirtual close {reexecute=0 rethrow=0 return_oop=0}
                      ; - jdk.internal.loader.BuiltinClassLoader::findClassOnClassPathOrNull@70
  0x0000020b3c7bd3c0: bc16 4c07 

  0x0000020b3c7bd3c4: ;   {other}
  0x0000020b3c7bd3c4: 0f1f 8400 | 3412 000a 

  0x0000020b3c7bd3cc: ;   {oop(nullptr)}
  0x0000020b3c7bd3cc: 48b8 0000 | 0000 0000 | 0000 4881 | c430 0100 

  0x0000020b3c7bd3dc: ;   {poll_return}
  0x0000020b3c7bd3dc: 005d 493b | a748 0400 | 000f 8707 | 0600 00c3 | 4889 8424 | 0801 0000 

  0x0000020b3c7bd3f4: ; implicit exception: dispatches to 0x0000020b3c7bda08
  0x0000020b3c7bd3f4: 483b 0648 

  0x0000020b3c7bd3f8: ;   {metadata(method data for {method} {0x0000020b51102348} 'findClassOnClassPathOrNull' '(Ljava/lang/String;)Ljava/lang/Class;' in 'jdk/internal/loader/BuiltinClassLoader')}
  0x0000020b3c7bd3f8: 8bd6 48bf | 205b 6651 | 0b02 0000 | 4883 8788 | 0200 0001 

  0x0000020b3c7bd40c: ;   {optimized virtual_call}
  0x0000020b3c7bd40c: 488b d6e8 

  0x0000020b3c7bd410: ; ImmutableOopMap {[264]=Oop }
                      ;*invokevirtual close {reexecute=0 rethrow=0 return_oop=0}
                      ; - jdk.internal.loader.BuiltinClassLoader::findClassOnClassPathOrNull@54
  0x0000020b3c7bd410: 6cf7 0300 

  0x0000020b3c7bd414: ;   {other}
  0x0000020b3c7bd414: 0f1f 8400 | 8412 000b | 488b 8424 | 0801 0000 | 4881 c430 | 0100 005d 

  0x0000020b3c7bd42c: ;   {poll_return}
  0x0000020b3c7bd42c: 493b a748 | 0400 000f | 87d4 0500 

  0x0000020b3c7bd438: ;   {metadata(method data for {method} {0x0000020b51102348} 'findClassOnClassPathOrNull' '(Ljava/lang/String;)Ljava/lang/Class;' in 'jdk/internal/loader/BuiltinClassLoader')}
  0x0000020b3c7bd438: 00c3 48ba | 205b 6651 | 0b02 0000 | ff82 0804 | 0000 488b | 8424 0001 | 0000 e945 | 0200 0090 
  0x0000020b3c7bd458: ;   {no_reloc}
  0x0000020b3c7bd458: e9d5 0500 | 0000 0000 | 0000 498b | 87b8 0100 | 0048 8d78 | 2849 3bbf | c801 0000 | 0f87 c205 
  0x0000020b3c7bd478: 0000 4989 | bfb8 0100 | 0048 c700 | 0100 0000 | 488b ca48 | c1e9 0389 | 4808 4833 | c989 480c 
  0x0000020b3c7bd498: 4833 c948 | 8948 1048 | 8948 1848 | 8948 204c 

  0x0000020b3c7bd4a8: ;   {metadata(method data for {method} {0x0000020b511c4b70} 'newArray' '(J)[B' in 'java/lang/StringConcatHelper')}
  0x0000020b3c7bd4a8: 8bc0 48ba | 9853 4f51 | 0b02 0000 | 4883 8230 | 0100 0001 

  0x0000020b3c7bd4bc: ;   {oop("Overflow: String length out of range"{0x000000008be040e8})}
  0x0000020b3c7bd4bc: 49b8 e840 | e08b 0000 | 0000 488b | d048 8984 | 2410 0100 | 0066 0f1f 

  0x0000020b3c7bd4d4: ;   {optimized virtual_call}
  0x0000020b3c7bd4d4: 4400 00e8 

  0x0000020b3c7bd4d8: ; ImmutableOopMap {[192]=Oop [200]=Oop [224]=Oop [272]=Oop }
                      ;*invokespecial <init> {reexecute=0 rethrow=0 return_oop=0}
                      ; - java.lang.StringConcatHelper::newArray@22
                      ; - java.lang.StringConcatHelper::simpleConcat@61
                      ; - java.lang.String::concat@11
                      ; - jdk.internal.loader.BuiltinClassLoader::findClassOnClassPathOrNull@10
  0x0000020b3c7bd4d8: a415 4c07 

  0x0000020b3c7bd4dc: ;   {other}
  0x0000020b3c7bd4dc: 0f1f 8400 | 4c13 000c | 488b 8424 | 1001 0000 | e9f5 0500 | 0048 8984 | 24e0 0000 | 000f 1f80 
  0x0000020b3c7bd4fc: 0000 0000 

  0x0000020b3c7bd500: ;   {no_reloc}
  0x0000020b3c7bd500: e953 0500 | 0000 0000 | 0000 498b | 87b8 0100 | 0048 8d78 | 2849 3bbf | c801 0000 | 0f87 4005 
  0x0000020b3c7bd520: 0000 4989 | bfb8 0100 | 0048 c700 | 0100 0000 | 488b ca48 | c1e9 0389 | 4808 4833 | c989 480c 
  0x0000020b3c7bd540: 4833 c948 | 8948 1048 | 8948 1848 | 8948 204c 

  0x0000020b3c7bd550: ;   {metadata(method data for {method} {0x0000020b511c3640} 'checkOverflow' '(J)J' in 'java/lang/StringConcatHelper')}
  0x0000020b3c7bd550: 8bc0 48ba | b038 4f51 | 0b02 0000 | 4883 8230 | 0100 0001 

  0x0000020b3c7bd564: ;   {oop("Overflow: String length out of range"{0x000000008be040e8})}
  0x0000020b3c7bd564: 49b8 e840 | e08b 0000 | 0000 488b | d048 8984 | 2418 0100 | 0066 0f1f 

  0x0000020b3c7bd57c: ;   {optimized virtual_call}
  0x0000020b3c7bd57c: 4400 00e8 

  0x0000020b3c7bd580: ; ImmutableOopMap {[192]=Oop [200]=Oop [224]=Oop [280]=Oop }
                      ;*invokespecial <init> {reexecute=0 rethrow=0 return_oop=0}
                      ; - java.lang.StringConcatHelper::checkOverflow@13
                      ; - java.lang.StringConcatHelper::mix@23
                      ; - java.lang.StringConcatHelper::simpleConcat@54
                      ; - java.lang.String::concat@11
                      ; - jdk.internal.loader.BuiltinClassLoader::findClassOnClassPathOrNull@10
  0x0000020b3c7bd580: fc14 4c07 

  0x0000020b3c7bd584: ;   {other}
  0x0000020b3c7bd584: 0f1f 8400 | f413 000d | 488b 8424 | 1801 0000 | e94d 0500 | 0048 8984 | 24e0 0000 | 000f 1f80 
  0x0000020b3c7bd5a4: 0000 0000 

  0x0000020b3c7bd5a8: ;   {no_reloc}
  0x0000020b3c7bd5a8: e9d1 0400 | 0000 0000 | 0000 498b | 87b8 0100 | 0048 8d78 | 2849 3bbf | c801 0000 | 0f87 be04 
  0x0000020b3c7bd5c8: 0000 4989 | bfb8 0100 | 0048 c700 | 0100 0000 | 488b ca48 | c1e9 0389 | 4808 4833 | c989 480c 
  0x0000020b3c7bd5e8: 4833 c948 | 8948 1048 | 8948 1848 | 8948 2048 

  0x0000020b3c7bd5f8: ;   {metadata(method data for {method} {0x0000020b511c3640} 'checkOverflow' '(J)J' in 'java/lang/StringConcatHelper')}
  0x0000020b3c7bd5f8: 8bd0 48be | b038 4f51 | 0b02 0000 | 4883 8630 | 0100 0001 

  0x0000020b3c7bd60c: ;   {oop("Overflow: String length out of range"{0x000000008be040e8})}
  0x0000020b3c7bd60c: 49b8 e840 | e08b 0000 | 0000 488b | d048 8984 | 2420 0100 | 0066 0f1f 

  0x0000020b3c7bd624: ;   {optimized virtual_call}
  0x0000020b3c7bd624: 4400 00e8 

  0x0000020b3c7bd628: ; ImmutableOopMap {[192]=Oop [200]=Oop [224]=Oop [288]=Oop }
                      ;*invokespecial <init> {reexecute=0 rethrow=0 return_oop=0}
                      ; - java.lang.StringConcatHelper::checkOverflow@13
                      ; - java.lang.StringConcatHelper::mix@23
                      ; - java.lang.StringConcatHelper::simpleConcat@46
                      ; - java.lang.String::concat@11
                      ; - jdk.internal.loader.BuiltinClassLoader::findClassOnClassPathOrNull@10
  0x0000020b3c7bd628: 5414 4c07 

  0x0000020b3c7bd62c: ;   {other}
  0x0000020b3c7bd62c: 0f1f 8400 | 9c14 000e | 488b 8424 | 2001 0000 | e9a5 0400 | 0049 8b87 | f804 0000 | 4d33 d24d 
  0x0000020b3c7bd64c: 8997 f804 | 0000 4d33 | d24d 8997 | 0005 0000 | 4c8b 8424 | 0001 0000 

  0x0000020b3c7bd664: ;   {metadata(method data for {method} {0x0000020b51102348} 'findClassOnClassPathOrNull' '(Ljava/lang/String;)Ljava/lang/Class;' in 'jdk/internal/loader/BuiltinClassLoader')}
  0x0000020b3c7bd664: 48ba 205b | 6651 0b02 | 0000 4883 | 8220 0400 | 0001 4c8b | c048 8b94 | 2400 0100 | 0066 0f1f 
  0x0000020b3c7bd684: ;   {optimized virtual_call}
  0x0000020b3c7bd684: 4400 00e8 

  0x0000020b3c7bd688: ; ImmutableOopMap {[256]=Oop }
                      ;*invokevirtual addSuppressed {reexecute=0 rethrow=0 return_oop=0}
                      ; - jdk.internal.loader.BuiltinClassLoader::findClassOnClassPathOrNull@128
  0x0000020b3c7bd688: f413 4c07 

  0x0000020b3c7bd68c: ;   {other}
  0x0000020b3c7bd68c: 0f1f 8400 | fc14 000f | 488b 8424 | 0001 0000 | e945 0400 

  0x0000020b3c7bd6a0: ;   {metadata({method} {0x0000020b51102348} 'findClassOnClassPathOrNull' '(Ljava/lang/String;)Ljava/lang/Class;' in 'jdk/internal/loader/BuiltinClassLoader')}
  0x0000020b3c7bd6a0: 0049 ba40 | 2310 510b | 0200 004c | 8954 2408 | 48c7 0424 | ffff ffff 

  0x0000020b3c7bd6b8: ;   {runtime_call counter_overflow Runtime1 stub}
  0x0000020b3c7bd6b8: e8c3 1359 

  0x0000020b3c7bd6bc: ; ImmutableOopMap {rdx=Oop r8=Oop [192]=Oop [200]=Oop }
                      ;*synchronization entry
                      ; - jdk.internal.loader.BuiltinClassLoader::findClassOnClassPathOrNull@-1
  0x0000020b3c7bd6bc: 07e9 36ef 

  0x0000020b3c7bd6c0: ;   {runtime_call throw_null_pointer_exception Runtime1 stub}
  0x0000020b3c7bd6c0: ffff e8b9 

  0x0000020b3c7bd6c4: ; ImmutableOopMap {r8=Oop [192]=Oop [200]=Oop }
                      ;*invokevirtual replace {reexecute=0 rethrow=0 return_oop=0}
                      ; - jdk.internal.loader.BuiltinClassLoader::findClassOnClassPathOrNull@5
                      ;   {runtime_call throw_null_pointer_exception Runtime1 stub}
  0x0000020b3c7bd6c4: c258 07e8 

  0x0000020b3c7bd6c8: ; ImmutableOopMap {rax=Oop [192]=Oop [200]=Oop }
                      ;*invokevirtual concat {reexecute=0 rethrow=0 return_oop=0}
                      ; - jdk.internal.loader.BuiltinClassLoader::findClassOnClassPathOrNull@10
  0x0000020b3c7bd6c8: b4c2 5807 

  0x0000020b3c7bd6cc: ;   {metadata({method} {0x0000020b5100c1b0} 'concat' '(Ljava/lang/String;)Ljava/lang/String;' in 'java/lang/String')}
  0x0000020b3c7bd6cc: 49ba a8c1 | 0051 0b02 | 0000 4c89 | 5424 0848 | c704 24ff 

  0x0000020b3c7bd6e0: ;   {runtime_call counter_overflow Runtime1 stub}
  0x0000020b3c7bd6e0: ffff ffe8 

  0x0000020b3c7bd6e4: ; ImmutableOopMap {rax=Oop [192]=Oop [200]=Oop }
                      ;*synchronization entry
                      ; - java.lang.String::concat@-1
                      ; - jdk.internal.loader.BuiltinClassLoader::findClassOnClassPathOrNull@10
  0x0000020b3c7bd6e4: 9813 5907 | e986 efff 

  0x0000020b3c7bd6ec: ;   {metadata({method} {0x0000020b51009de8} 'isEmpty' '()Z' in 'java/lang/String')}
  0x0000020b3c7bd6ec: ff49 bae0 | 9d00 510b | 0200 004c | 8954 2408 | 48c7 0424 | ffff ffff 

  0x0000020b3c7bd704: ;   {runtime_call counter_overflow Runtime1 stub}
  0x0000020b3c7bd704: e877 1359 

  0x0000020b3c7bd708: ; ImmutableOopMap {rax=Oop [192]=Oop [200]=Oop }
                      ;*synchronization entry
                      ; - java.lang.String::isEmpty@-1
                      ; - java.lang.String::concat@1
                      ; - jdk.internal.loader.BuiltinClassLoader::findClassOnClassPathOrNull@10
  0x0000020b3c7bd708: 07e9 a8ef 

  0x0000020b3c7bd70c: ;   {metadata({method} {0x0000020b511c47c8} 'simpleConcat' '(Ljava/lang/Object;Ljava/lang/Object;)Ljava/lang/String;' in 'java/lang/StringConcatHelper')}
  0x0000020b3c7bd70c: ffff 49ba | c047 1c51 | 0b02 0000 | 4c89 5424 | 0848 c704 | 24ff ffff 

  0x0000020b3c7bd724: ;   {runtime_call counter_overflow Runtime1 stub}
  0x0000020b3c7bd724: ffe8 5613 

  0x0000020b3c7bd728: ; ImmutableOopMap {rax=Oop [192]=Oop [200]=Oop }
                      ;*synchronization entry
                      ; - java.lang.StringConcatHelper::simpleConcat@-1
                      ; - java.lang.String::concat@11
                      ; - jdk.internal.loader.BuiltinClassLoader::findClassOnClassPathOrNull@10
  0x0000020b3c7bd728: 5907 e9e0 

  0x0000020b3c7bd72c: ;   {metadata({method} {0x0000020b511c4980} 'stringOf' '(Ljava/lang/Object;)Ljava/lang/String;' in 'java/lang/StringConcatHelper')}
  0x0000020b3c7bd72c: efff ff49 | ba78 491c | 510b 0200 | 004c 8954 | 2408 48c7 | 0424 ffff 

  0x0000020b3c7bd744: ;   {runtime_call counter_overflow Runtime1 stub}
  0x0000020b3c7bd744: ffff e835 

  0x0000020b3c7bd748: ; ImmutableOopMap {rax=Oop [192]=Oop [200]=Oop }
                      ;*synchronization entry
                      ; - java.lang.StringConcatHelper::stringOf@-1
                      ; - java.lang.StringConcatHelper::simpleConcat@1
                      ; - java.lang.String::concat@11
                      ; - jdk.internal.loader.BuiltinClassLoader::findClassOnClassPathOrNull@10
  0x0000020b3c7bd748: 1359 07e9 | f8ef ffff 

  0x0000020b3c7bd750: ;   {metadata({method} {0x0000020b5100e340} 'toString' '()Ljava/lang/String;' in 'java/lang/String')}
  0x0000020b3c7bd750: 49ba 38e3 | 0051 0b02 | 0000 4c89 | 5424 0848 | c704 24ff 

  0x0000020b3c7bd764: ;   {runtime_call counter_overflow Runtime1 stub}
  0x0000020b3c7bd764: ffff ffe8 

  0x0000020b3c7bd768: ; ImmutableOopMap {rax=Oop [192]=Oop [200]=Oop }
                      ;*synchronization entry
                      ; - java.lang.String::toString@-1
                      ; - java.lang.StringConcatHelper::stringOf@5
                      ; - java.lang.StringConcatHelper::simpleConcat@1
                      ; - java.lang.String::concat@11
                      ; - jdk.internal.loader.BuiltinClassLoader::findClassOnClassPathOrNull@10
  0x0000020b3c7bd768: 1413 5907 | e942 f0ff 

  0x0000020b3c7bd770: ;   {metadata({method} {0x0000020b511c4980} 'stringOf' '(Ljava/lang/Object;)Ljava/lang/String;' in 'java/lang/StringConcatHelper')}
  0x0000020b3c7bd770: ff49 ba78 | 491c 510b | 0200 004c | 8954 2408 | 48c7 0424 | ffff ffff 

  0x0000020b3c7bd788: ;   {runtime_call counter_overflow Runtime1 stub}
  0x0000020b3c7bd788: e8f3 1259 

  0x0000020b3c7bd78c: ; ImmutableOopMap {rax=Oop [192]=Oop [200]=Oop }
                      ;*synchronization entry
                      ; - java.lang.StringConcatHelper::stringOf@-1
                      ; - java.lang.StringConcatHelper::simpleConcat@6
                      ; - java.lang.String::concat@11
                      ; - jdk.internal.loader.BuiltinClassLoader::findClassOnClassPathOrNull@10
  0x0000020b3c7bd78c: 07e9 a3f0 

  0x0000020b3c7bd790: ;   {metadata({method} {0x0000020b5100e340} 'toString' '()Ljava/lang/String;' in 'java/lang/String')}
  0x0000020b3c7bd790: ffff 49ba | 38e3 0051 | 0b02 0000 | 4c89 5424 | 0848 c704 | 24ff ffff 

  0x0000020b3c7bd7a8: ;   {runtime_call counter_overflow Runtime1 stub}
  0x0000020b3c7bd7a8: ffe8 d212 

  0x0000020b3c7bd7ac: ; ImmutableOopMap {rax=Oop [192]=Oop [200]=Oop }
                      ;*synchronization entry
                      ; - java.lang.String::toString@-1
                      ; - java.lang.StringConcatHelper::stringOf@5
                      ; - java.lang.StringConcatHelper::simpleConcat@6
                      ; - java.lang.String::concat@11
                      ; - jdk.internal.loader.BuiltinClassLoader::findClassOnClassPathOrNull@10
  0x0000020b3c7bd7ac: 5907 e9d5 

  0x0000020b3c7bd7b0: ;   {runtime_call throw_null_pointer_exception Runtime1 stub}
  0x0000020b3c7bd7b0: f0ff ffe8 

  0x0000020b3c7bd7b4: ; ImmutableOopMap {rax=Oop [192]=Oop [200]=Oop }
                      ;*invokevirtual isEmpty {reexecute=0 rethrow=0 return_oop=0}
                      ; - java.lang.StringConcatHelper::simpleConcat@11
                      ; - java.lang.String::concat@11
                      ; - jdk.internal.loader.BuiltinClassLoader::findClassOnClassPathOrNull@10
  0x0000020b3c7bd7b4: c8c1 5807 

  0x0000020b3c7bd7b8: ;   {metadata({method} {0x0000020b51009de8} 'isEmpty' '()Z' in 'java/lang/String')}
  0x0000020b3c7bd7b8: 49ba e09d | 0051 0b02 | 0000 4c89 | 5424 0848 | c704 24ff 

  0x0000020b3c7bd7cc: ;   {runtime_call counter_overflow Runtime1 stub}
  0x0000020b3c7bd7cc: ffff ffe8 

  0x0000020b3c7bd7d0: ; ImmutableOopMap {rax=Oop [192]=Oop [200]=Oop }
                      ;*synchronization entry
                      ; - java.lang.String::isEmpty@-1
                      ; - java.lang.StringConcatHelper::simpleConcat@11
                      ; - java.lang.String::concat@11
                      ; - jdk.internal.loader.BuiltinClassLoader::findClassOnClassPathOrNull@10
  0x0000020b3c7bd7d0: ac12 5907 | e9fe f0ff 

  0x0000020b3c7bd7d8: ;   {runtime_call throw_null_pointer_exception Runtime1 stub}
  0x0000020b3c7bd7d8: ffe8 a2c1 

  0x0000020b3c7bd7dc: ; ImmutableOopMap {rax=Oop [192]=Oop [200]=Oop }
                      ;*arraylength {reexecute=0 rethrow=0 return_oop=0}
                      ; - java.lang.String::isEmpty@4
                      ; - java.lang.StringConcatHelper::simpleConcat@11
                      ; - java.lang.String::concat@11
                      ; - jdk.internal.loader.BuiltinClassLoader::findClassOnClassPathOrNull@10
  0x0000020b3c7bd7dc: 5807 488b 

  0x0000020b3c7bd7e0: ;   {runtime_call fast_new_instance Runtime1 stub}
  0x0000020b3c7bd7e0: d2e8 9aca 

  0x0000020b3c7bd7e4: ; ImmutableOopMap {[192]=Oop [200]=Oop }
                      ;*new {reexecute=0 rethrow=0 return_oop=0}
                      ; - java.lang.StringConcatHelper::simpleConcat@17
                      ; - java.lang.String::concat@11
                      ; - jdk.internal.loader.BuiltinClassLoader::findClassOnClassPathOrNull@10
  0x0000020b3c7bd7e4: 5807 e9b7 

  0x0000020b3c7bd7e8: ;   {metadata({method} {0x0000020b51009de8} 'isEmpty' '()Z' in 'java/lang/String')}
  0x0000020b3c7bd7e8: f1ff ff49 | bae0 9d00 | 510b 0200 | 004c 8954 | 2408 48c7 | 0424 ffff 

  0x0000020b3c7bd800: ;   {runtime_call counter_overflow Runtime1 stub}
  0x0000020b3c7bd800: ffff e879 

  0x0000020b3c7bd804: ; ImmutableOopMap {rax=Oop [192]=Oop [200]=Oop }
                      ;*synchronization entry
                      ; - java.lang.String::isEmpty@-1
                      ; - java.lang.StringConcatHelper::simpleConcat@27
                      ; - java.lang.String::concat@11
                      ; - jdk.internal.loader.BuiltinClassLoader::findClassOnClassPathOrNull@10
  0x0000020b3c7bd804: 1259 07e9 | 25f2 ffff 

  0x0000020b3c7bd80c: ;   {metadata({method} {0x0000020b511c4c48} 'initialCoder' '()J' in 'java/lang/StringConcatHelper')}
  0x0000020b3c7bd80c: 49ba 404c | 1c51 0b02 | 0000 4c89 | 5424 0848 | c704 24ff 

  0x0000020b3c7bd820: ;   {runtime_call counter_overflow Runtime1 stub}
  0x0000020b3c7bd820: ffff ffe8 

  0x0000020b3c7bd824: ; ImmutableOopMap {rax=Oop [192]=Oop [200]=Oop }
                      ;*synchronization entry
                      ; - java.lang.StringConcatHelper::initialCoder@-1
                      ; - java.lang.StringConcatHelper::simpleConcat@42
                      ; - java.lang.String::concat@11
                      ; - jdk.internal.loader.BuiltinClassLoader::findClassOnClassPathOrNull@10
  0x0000020b3c7bd824: 5812 5907 | e962 f2ff 

  0x0000020b3c7bd82c: ;   {metadata({method} {0x0000020b511c3a10} 'mix' '(JLjava/lang/String;)J' in 'java/lang/StringConcatHelper')}
  0x0000020b3c7bd82c: ff49 ba08 | 3a1c 510b | 0200 004c | 8954 2408 | 48c7 0424 | ffff ffff 

  0x0000020b3c7bd844: ;   {runtime_call counter_overflow Runtime1 stub}
  0x0000020b3c7bd844: e837 1259 

  0x0000020b3c7bd848: ; ImmutableOopMap {rax=Oop [192]=Oop [200]=Oop }
                      ;*synchronization entry
                      ; - java.lang.StringConcatHelper::mix@-1
                      ; - java.lang.StringConcatHelper::simpleConcat@46
                      ; - java.lang.String::concat@11
                      ; - jdk.internal.loader.BuiltinClassLoader::findClassOnClassPathOrNull@10
  0x0000020b3c7bd848: 07e9 9ff2 

  0x0000020b3c7bd84c: ;   {metadata({method} {0x0000020b51009d30} 'length' '()I' in 'java/lang/String')}
  0x0000020b3c7bd84c: ffff 49ba | 289d 0051 | 0b02 0000 | 4c89 5424 | 0848 c704 | 24ff ffff 

  0x0000020b3c7bd864: ;   {runtime_call counter_overflow Runtime1 stub}
  0x0000020b3c7bd864: ffe8 1612 

  0x0000020b3c7bd868: ; ImmutableOopMap {rax=Oop [192]=Oop [200]=Oop }
                      ;*synchronization entry
                      ; - java.lang.String::length@-1
                      ; - java.lang.StringConcatHelper::mix@2
                      ; - java.lang.StringConcatHelper::simpleConcat@46
                      ; - java.lang.String::concat@11
                      ; - jdk.internal.loader.BuiltinClassLoader::findClassOnClassPathOrNull@10
  0x0000020b3c7bd868: 5907 e9bf 

  0x0000020b3c7bd86c: ;   {metadata({method} {0x0000020b5100f8a0} 'coder' '()B' in 'java/lang/String')}
  0x0000020b3c7bd86c: f2ff ff49 | ba98 f800 | 510b 0200 | 004c 8954 | 2408 48c7 | 0424 ffff 

  0x0000020b3c7bd884: ;   {runtime_call counter_overflow Runtime1 stub}
  0x0000020b3c7bd884: ffff e8f5 

  0x0000020b3c7bd888: ; ImmutableOopMap {rax=Oop [192]=Oop [200]=Oop }
                      ;*synchronization entry
                      ; - java.lang.String::coder@-1
                      ; - java.lang.String::length@6
                      ; - java.lang.StringConcatHelper::mix@2
                      ; - java.lang.StringConcatHelper::simpleConcat@46
                      ; - java.lang.String::concat@11
                      ; - jdk.internal.loader.BuiltinClassLoader::findClassOnClassPathOrNull@10
  0x0000020b3c7bd888: 1159 07e9 | dff2 ffff 

  0x0000020b3c7bd890: ;   {metadata({method} {0x0000020b5100f8a0} 'coder' '()B' in 'java/lang/String')}
  0x0000020b3c7bd890: 49ba 98f8 | 0051 0b02 | 0000 4c89 | 5424 0848 | c704 24ff 

  0x0000020b3c7bd8a4: ;   {runtime_call counter_overflow Runtime1 stub}
  0x0000020b3c7bd8a4: ffff ffe8 

  0x0000020b3c7bd8a8: ; ImmutableOopMap {rax=Oop [192]=Oop [200]=Oop }
                      ;*synchronization entry
                      ; - java.lang.String::coder@-1
                      ; - java.lang.StringConcatHelper::mix@9
                      ; - java.lang.StringConcatHelper::simpleConcat@46
                      ; - java.lang.String::concat@11
                      ; - jdk.internal.loader.BuiltinClassLoader::findClassOnClassPathOrNull@10
  0x0000020b3c7bd8a8: d411 5907 | e936 f3ff 

  0x0000020b3c7bd8b0: ;   {metadata({method} {0x0000020b511c3640} 'checkOverflow' '(J)J' in 'java/lang/StringConcatHelper')}
  0x0000020b3c7bd8b0: ff49 ba38 | 361c 510b | 0200 004c | 8954 2408 | 48c7 0424 | ffff ffff 

  0x0000020b3c7bd8c8: ;   {runtime_call counter_overflow Runtime1 stub}
  0x0000020b3c7bd8c8: e8b3 1159 

  0x0000020b3c7bd8cc: ; ImmutableOopMap {rax=Oop [192]=Oop [200]=Oop }
                      ;*synchronization entry
                      ; - java.lang.StringConcatHelper::checkOverflow@-1
                      ; - java.lang.StringConcatHelper::mix@23
                      ; - java.lang.StringConcatHelper::simpleConcat@46
                      ; - java.lang.String::concat@11
                      ; - jdk.internal.loader.BuiltinClassLoader::findClassOnClassPathOrNull@10
  0x0000020b3c7bd8cc: 07e9 b0f3 

  0x0000020b3c7bd8d0: ;   {metadata({method} {0x0000020b511c3a10} 'mix' '(JLjava/lang/String;)J' in 'java/lang/StringConcatHelper')}
  0x0000020b3c7bd8d0: ffff 49ba | 083a 1c51 | 0b02 0000 | 4c89 5424 | 0848 c704 | 24ff ffff 

  0x0000020b3c7bd8e8: ;   {runtime_call counter_overflow Runtime1 stub}
  0x0000020b3c7bd8e8: ffe8 9211 

  0x0000020b3c7bd8ec: ; ImmutableOopMap {rax=Oop [192]=Oop [200]=Oop }
                      ;*synchronization entry
                      ; - java.lang.StringConcatHelper::mix@-1
                      ; - java.lang.StringConcatHelper::simpleConcat@54
                      ; - java.lang.String::concat@11
                      ; - jdk.internal.loader.BuiltinClassLoader::findClassOnClassPathOrNull@10
  0x0000020b3c7bd8ec: 5907 e9fd 

  0x0000020b3c7bd8f0: ;   {metadata({method} {0x0000020b51009d30} 'length' '()I' in 'java/lang/String')}
  0x0000020b3c7bd8f0: f3ff ff49 | ba28 9d00 | 510b 0200 | 004c 8954 | 2408 48c7 | 0424 ffff 

  0x0000020b3c7bd908: ;   {runtime_call counter_overflow Runtime1 stub}
  0x0000020b3c7bd908: ffff e871 

  0x0000020b3c7bd90c: ; ImmutableOopMap {rax=Oop rcx=Oop [192]=Oop [200]=Oop }
                      ;*synchronization entry
                      ; - java.lang.String::length@-1
                      ; - java.lang.StringConcatHelper::mix@2
                      ; - java.lang.StringConcatHelper::simpleConcat@54
                      ; - java.lang.String::concat@11
                      ; - jdk.internal.loader.BuiltinClassLoader::findClassOnClassPathOrNull@10
  0x0000020b3c7bd90c: 1159 07e9 | 27f4 ffff 

  0x0000020b3c7bd914: ;   {metadata({method} {0x0000020b5100f8a0} 'coder' '()B' in 'java/lang/String')}
  0x0000020b3c7bd914: 49ba 98f8 | 0051 0b02 | 0000 4c89 | 5424 0848 | c704 24ff 

  0x0000020b3c7bd928: ;   {runtime_call counter_overflow Runtime1 stub}
  0x0000020b3c7bd928: ffff ffe8 

  0x0000020b3c7bd92c: ; ImmutableOopMap {rax=Oop [192]=Oop [200]=Oop }
                      ;*synchronization entry
                      ; - java.lang.String::coder@-1
                      ; - java.lang.String::length@6
                      ; - java.lang.StringConcatHelper::mix@2
                      ; - java.lang.StringConcatHelper::simpleConcat@54
                      ; - java.lang.String::concat@11
                      ; - jdk.internal.loader.BuiltinClassLoader::findClassOnClassPathOrNull@10
  0x0000020b3c7bd92c: 5011 5907 | e944 f4ff 

  0x0000020b3c7bd934: ;   {metadata({method} {0x0000020b5100f8a0} 'coder' '()B' in 'java/lang/String')}
  0x0000020b3c7bd934: ff49 ba98 | f800 510b | 0200 004c | 8954 2408 | 48c7 0424 | ffff ffff 

  0x0000020b3c7bd94c: ;   {runtime_call counter_overflow Runtime1 stub}
  0x0000020b3c7bd94c: e82f 1159 

  0x0000020b3c7bd950: ; ImmutableOopMap {rax=Oop [192]=Oop [200]=Oop }
                      ;*synchronization entry
                      ; - java.lang.String::coder@-1
                      ; - java.lang.StringConcatHelper::mix@9
                      ; - java.lang.StringConcatHelper::simpleConcat@54
                      ; - java.lang.String::concat@11
                      ; - jdk.internal.loader.BuiltinClassLoader::findClassOnClassPathOrNull@10
  0x0000020b3c7bd950: 07e9 9df4 

  0x0000020b3c7bd954: ;   {metadata({method} {0x0000020b511c3640} 'checkOverflow' '(J)J' in 'java/lang/StringConcatHelper')}
  0x0000020b3c7bd954: ffff 49ba | 3836 1c51 | 0b02 0000 | 4c89 5424 | 0848 c704 | 24ff ffff 

  0x0000020b3c7bd96c: ;   {runtime_call counter_overflow Runtime1 stub}
  0x0000020b3c7bd96c: ffe8 0e11 

  0x0000020b3c7bd970: ; ImmutableOopMap {rax=Oop [192]=Oop [200]=Oop }
                      ;*synchronization entry
                      ; - java.lang.StringConcatHelper::checkOverflow@-1
                      ; - java.lang.StringConcatHelper::mix@23
                      ; - java.lang.StringConcatHelper::simpleConcat@54
                      ; - java.lang.String::concat@11
                      ; - jdk.internal.loader.BuiltinClassLoader::findClassOnClassPathOrNull@10
  0x0000020b3c7bd970: 5907 e9ea 

  0x0000020b3c7bd974: ;   {metadata({method} {0x0000020b511c4b70} 'newArray' '(J)[B' in 'java/lang/StringConcatHelper')}
  0x0000020b3c7bd974: f4ff ff49 | ba68 4b1c | 510b 0200 | 004c 8954 | 2408 48c7 | 0424 ffff 

  0x0000020b3c7bd98c: ;   {runtime_call counter_overflow Runtime1 stub}
  0x0000020b3c7bd98c: ffff e8ed 

  0x0000020b3c7bd990: ; ImmutableOopMap {rax=Oop [192]=Oop [200]=Oop }
                      ;*synchronization entry
                      ; - java.lang.StringConcatHelper::newArray@-1
                      ; - java.lang.StringConcatHelper::simpleConcat@61
                      ; - java.lang.String::concat@11
                      ; - jdk.internal.loader.BuiltinClassLoader::findClassOnClassPathOrNull@10
  0x0000020b3c7bd990: 1059 07e9 | 39f5 ffff | 4889 0424 

  0x0000020b3c7bd99c: ;   {runtime_call throw_class_cast_exception Runtime1 stub}
  0x0000020b3c7bd99c: e8df e358 

  0x0000020b3c7bd9a0: ; ImmutableOopMap {[192]=Oop [200]=Oop [224]=Oop }
                      ;*checkcast {reexecute=0 rethrow=0 return_oop=0}
                      ; - java.lang.StringConcatHelper::newArray@36
                      ; - java.lang.StringConcatHelper::simpleConcat@61
                      ; - java.lang.String::concat@11
                      ; - jdk.internal.loader.BuiltinClassLoader::findClassOnClassPathOrNull@10
                      ;   {metadata({method} {0x0000020b5102bd50} 'getSecurityManager' '()Ljava/lang/SecurityManager;' in 'java/lang/System')}
  0x0000020b3c7bd9a0: 0749 ba48 | bd02 510b | 0200 004c | 8954 2408 | 48c7 0424 | ffff ffff 

  0x0000020b3c7bd9b8: ;   {runtime_call counter_overflow Runtime1 stub}
  0x0000020b3c7bd9b8: e8c3 1059 

  0x0000020b3c7bd9bc: ; ImmutableOopMap {rax=Oop [192]=Oop [200]=Oop [240]=Oop }
                      ;*synchronization entry
                      ; - java.lang.System::getSecurityManager@-1
                      ; - jdk.internal.loader.BuiltinClassLoader::findClassOnClassPathOrNull@18
  0x0000020b3c7bd9bc: 07e9 80f7 

  0x0000020b3c7bd9c0: ;   {metadata({method} {0x0000020b5102b188} 'allowSecurityManager' '()Z' in 'java/lang/System')}
  0x0000020b3c7bd9c0: ffff 49ba | 80b1 0251 | 0b02 0000 | 4c89 5424 | 0848 c704 | 24ff ffff 

  0x0000020b3c7bd9d8: ;   {runtime_call counter_overflow Runtime1 stub}
  0x0000020b3c7bd9d8: ffe8 a210 

  0x0000020b3c7bd9dc: ; ImmutableOopMap {rax=Oop [192]=Oop [200]=Oop [240]=Oop }
                      ;*synchronization entry
                      ; - java.lang.System::allowSecurityManager@-1
                      ; - java.lang.System::getSecurityManager@0
                      ; - jdk.internal.loader.BuiltinClassLoader::findClassOnClassPathOrNull@18
  0x0000020b3c7bd9dc: 5907 e99d 

  0x0000020b3c7bd9e0: ;   {runtime_call throw_null_pointer_exception Runtime1 stub}
  0x0000020b3c7bd9e0: f7ff ffe8 

  0x0000020b3c7bd9e4: ; ImmutableOopMap {rdx=Oop rax=Oop rdi=Oop [192]=Oop [200]=Oop [248]=Oop }
                      ;*invokevirtual getResource {reexecute=0 rethrow=0 return_oop=0}
                      ; - jdk.internal.loader.BuiltinClassLoader::findClassOnClassPathOrNull@30
  0x0000020b3c7bd9e4: 98bf 5807 

  0x0000020b3c7bd9e8: ;   {runtime_call throw_null_pointer_exception Runtime1 stub}
  0x0000020b3c7bd9e8: e893 bf58 

  0x0000020b3c7bd9ec: ; ImmutableOopMap {rsi=Oop [256]=Oop }
                      ;*invokevirtual close {reexecute=0 rethrow=0 return_oop=0}
                      ; - jdk.internal.loader.BuiltinClassLoader::findClassOnClassPathOrNull@116
                      ;   {runtime_call throw_null_pointer_exception Runtime1 stub}
  0x0000020b3c7bd9ec: 07e8 8ebf 

  0x0000020b3c7bd9f0: ; ImmutableOopMap {rsi=Oop }
                      ;*invokevirtual close {reexecute=0 rethrow=0 return_oop=0}
                      ; - jdk.internal.loader.BuiltinClassLoader::findClassOnClassPathOrNull@70
                      ;   {internal_word}
  0x0000020b3c7bd9f0: 5807 49ba | ded3 7b3c | 0b02 0000 | 4d89 9760 

  0x0000020b3c7bda00: ;   {runtime_call SafepointBlob}
  0x0000020b3c7bda00: 0400 00e9 | f87c 4c07 

  0x0000020b3c7bda08: ;   {runtime_call throw_null_pointer_exception Runtime1 stub}
  0x0000020b3c7bda08: e873 bf58 

  0x0000020b3c7bda0c: ; ImmutableOopMap {rsi=Oop [264]=Oop }
                      ;*invokevirtual close {reexecute=0 rethrow=0 return_oop=0}
                      ; - jdk.internal.loader.BuiltinClassLoader::findClassOnClassPathOrNull@54
                      ;   {internal_word}
  0x0000020b3c7bda0c: 0749 ba2c | d47b 3c0b | 0200 004d | 8997 6004 

  0x0000020b3c7bda1c: ;   {runtime_call SafepointBlob}
  0x0000020b3c7bda1c: 0000 e9dd 

  0x0000020b3c7bda20: ;   {metadata(nullptr)}
  0x0000020b3c7bda20: 7c4c 0748 | ba00 0000 | 0000 0000 | 00b8 000f 

  0x0000020b3c7bda30: ;   {runtime_call load_klass_patching Runtime1 stub}
  0x0000020b3c7bda30: 050a e8c9 

  0x0000020b3c7bda34: ; ImmutableOopMap {[192]=Oop [200]=Oop [224]=Oop }
                      ;*new {reexecute=1 rethrow=0 return_oop=0}
                      ; - (reexecute) java.lang.StringConcatHelper::newArray@16
                      ; - java.lang.StringConcatHelper::simpleConcat@61
                      ; - java.lang.String::concat@11
                      ; - jdk.internal.loader.BuiltinClassLoader::findClassOnClassPathOrNull@10
  0x0000020b3c7bda34: ff58 07e9 | 1cfa ffff 

  0x0000020b3c7bda3c: ;   {runtime_call fast_new_instance Runtime1 stub}
  0x0000020b3c7bda3c: 488b d2e8 

  0x0000020b3c7bda40: ; ImmutableOopMap {[192]=Oop [200]=Oop [224]=Oop }
                      ;*new {reexecute=0 rethrow=0 return_oop=0}
                      ; - java.lang.StringConcatHelper::newArray@16
                      ; - java.lang.StringConcatHelper::simpleConcat@61
                      ; - java.lang.String::concat@11
                      ; - jdk.internal.loader.BuiltinClassLoader::findClassOnClassPathOrNull@10
  0x0000020b3c7bda40: 3cc8 5807 | e95e faff 

  0x0000020b3c7bda48: ;   {metadata(nullptr)}
  0x0000020b3c7bda48: ff48 ba00 | 0000 0000 | 0000 00b8 | 000f 050a 

  0x0000020b3c7bda58: ;   {runtime_call load_klass_patching Runtime1 stub}
  0x0000020b3c7bda58: e8a3 ff58 

  0x0000020b3c7bda5c: ; ImmutableOopMap {[192]=Oop [200]=Oop [224]=Oop }
                      ;*new {reexecute=1 rethrow=0 return_oop=0}
                      ; - (reexecute) java.lang.StringConcatHelper::checkOverflow@7
                      ; - java.lang.StringConcatHelper::mix@23
                      ; - java.lang.StringConcatHelper::simpleConcat@54
                      ; - java.lang.String::concat@11
                      ; - jdk.internal.loader.BuiltinClassLoader::findClassOnClassPathOrNull@10
  0x0000020b3c7bda5c: 07e9 9efa | ffff 488b 

  0x0000020b3c7bda64: ;   {runtime_call fast_new_instance Runtime1 stub}
  0x0000020b3c7bda64: d2e8 16c8 

  0x0000020b3c7bda68: ; ImmutableOopMap {[192]=Oop [200]=Oop [224]=Oop }
                      ;*new {reexecute=0 rethrow=0 return_oop=0}
                      ; - java.lang.StringConcatHelper::checkOverflow@7
                      ; - java.lang.StringConcatHelper::mix@23
                      ; - java.lang.StringConcatHelper::simpleConcat@54
                      ; - java.lang.String::concat@11
                      ; - jdk.internal.loader.BuiltinClassLoader::findClassOnClassPathOrNull@10
  0x0000020b3c7bda68: 5807 e9e0 

  0x0000020b3c7bda6c: ;   {metadata(nullptr)}
  0x0000020b3c7bda6c: faff ff48 | ba00 0000 | 0000 0000 | 00b8 000f 

  0x0000020b3c7bda7c: ;   {runtime_call load_klass_patching Runtime1 stub}
  0x0000020b3c7bda7c: 050a e87d 

  0x0000020b3c7bda80: ; ImmutableOopMap {[192]=Oop [200]=Oop [224]=Oop }
                      ;*new {reexecute=1 rethrow=0 return_oop=0}
                      ; - (reexecute) java.lang.StringConcatHelper::checkOverflow@7
                      ; - java.lang.StringConcatHelper::mix@23
                      ; - java.lang.StringConcatHelper::simpleConcat@46
                      ; - java.lang.String::concat@11
                      ; - jdk.internal.loader.BuiltinClassLoader::findClassOnClassPathOrNull@10
  0x0000020b3c7bda80: ff58 07e9 | 20fb ffff 

  0x0000020b3c7bda88: ;   {runtime_call fast_new_instance Runtime1 stub}
  0x0000020b3c7bda88: 488b d2e8 

  0x0000020b3c7bda8c: ; ImmutableOopMap {[192]=Oop [200]=Oop [224]=Oop }
                      ;*new {reexecute=0 rethrow=0 return_oop=0}
                      ; - java.lang.StringConcatHelper::checkOverflow@7
                      ; - java.lang.StringConcatHelper::mix@23
                      ; - java.lang.StringConcatHelper::simpleConcat@46
                      ; - java.lang.String::concat@11
                      ; - jdk.internal.loader.BuiltinClassLoader::findClassOnClassPathOrNull@10
  0x0000020b3c7bda8c: f0c7 5807 | e962 fbff | ff48 8bb4 | 24f8 0000 | 00e9 16f8 | ffff 488b | b424 f800 | 0000 e99a 
  0x0000020b3c7bdaac: f8ff ff48 | 8bb4 24f8 | 0000 00e9 | fcf7 ffff | 488b b424 | f800 0000 | e9ef f7ff | ff49 8b87 
  0x0000020b3c7bdacc: f804 0000 | 49c7 87f8 | 0400 0000 | 0000 0049 | c787 0005 | 0000 0000 | 0000 4881 | c430 0100 
  0x0000020b3c7bdaec: ;   {runtime_call unwind_exception Runtime1 stub}
  0x0000020b3c7bdaec: 005d e98d | af58 07f4 | f4f4 f4f4 
[Stub Code]
  0x0000020b3c7bdaf8: ;   {no_reloc}
  0x0000020b3c7bdaf8: 0f1f 4400 

  0x0000020b3c7bdafc: ;   {static_stub}
  0x0000020b3c7bdafc: 0048 bb98 | 5a35 510b 

  0x0000020b3c7bdb04: ;   {runtime_call I2C/C2I adapters}
  0x0000020b3c7bdb04: 0200 00e9 | d6a9 4b07 

  0x0000020b3c7bdb0c: ;   {static_stub}
  0x0000020b3c7bdb0c: 9048 bb00 | 0000 0000 

  0x0000020b3c7bdb14: ;   {runtime_call nmethod}
  0x0000020b3c7bdb14: 0000 00e9 | fbff ffff 

  0x0000020b3c7bdb1c: ;   {static_stub}
  0x0000020b3c7bdb1c: 9048 bb00 | 0000 0000 

  0x0000020b3c7bdb24: ;   {runtime_call nmethod}
  0x0000020b3c7bdb24: 0000 00e9 | fbff ffff 

  0x0000020b3c7bdb2c: ;   {static_stub}
  0x0000020b3c7bdb2c: 9048 bbc8 | af3a 510b 

  0x0000020b3c7bdb34: ;   {runtime_call I2C/C2I adapters}
  0x0000020b3c7bdb34: 0200 00e9 | 1e59 4c07 

  0x0000020b3c7bdb3c: ;   {static_stub}
  0x0000020b3c7bdb3c: 48bb 0000 | 0000 0000 

  0x0000020b3c7bdb44: ;   {runtime_call nmethod}
  0x0000020b3c7bdb44: 0000 e9fb 

  0x0000020b3c7bdb48: ;   {static_stub}
  0x0000020b3c7bdb48: ffff ff48 | bb00 0000 | 0000 0000 

  0x0000020b3c7bdb54: ;   {runtime_call nmethod}
  0x0000020b3c7bdb54: 00e9 fbff 

  0x0000020b3c7bdb58: ;   {static_stub}
  0x0000020b3c7bdb58: ffff 48bb | 0000 0000 | 0000 0000 

  0x0000020b3c7bdb64: ;   {runtime_call nmethod}
  0x0000020b3c7bdb64: e9fb ffff 

  0x0000020b3c7bdb68: ;   {static_stub}
  0x0000020b3c7bdb68: ff48 bb00 | 0000 0000 

  0x0000020b3c7bdb70: ;   {runtime_call nmethod}
  0x0000020b3c7bdb70: 0000 00e9 | fbff ffff 

  0x0000020b3c7bdb78: ;   {static_stub}
  0x0000020b3c7bdb78: 48bb 0000 | 0000 0000 

  0x0000020b3c7bdb80: ;   {runtime_call nmethod}
  0x0000020b3c7bdb80: 0000 e9fb 

  0x0000020b3c7bdb84: ;   {static_stub}
  0x0000020b3c7bdb84: ffff ff48 | bb00 0000 | 0000 0000 

  0x0000020b3c7bdb90: ;   {runtime_call nmethod}
  0x0000020b3c7bdb90: 00e9 fbff 

  0x0000020b3c7bdb94: ;   {static_stub}
  0x0000020b3c7bdb94: ffff 48bb | 189d 2e51 | 0b02 0000 

  0x0000020b3c7bdba0: ;   {runtime_call I2C/C2I adapters}
  0x0000020b3c7bdba0: e931 034c 

  0x0000020b3c7bdba4: ;   {static_stub}
  0x0000020b3c7bdba4: 0748 bbd0 | 2610 510b 

  0x0000020b3c7bdbac: ;   {runtime_call I2C/C2I adapters}
  0x0000020b3c7bdbac: 0200 00e9 | aed1 4b07 

  0x0000020b3c7bdbb4: ;   {static_stub}
  0x0000020b3c7bdbb4: 48bb 0000 | 0000 0000 

  0x0000020b3c7bdbbc: ;   {runtime_call nmethod}
  0x0000020b3c7bdbbc: 0000 e9fb 

  0x0000020b3c7bdbc0: ;   {runtime_call handle_exception_from_callee Runtime1 stub}
  0x0000020b3c7bdbc0: ffff ffe8 | b8db 5807 

  0x0000020b3c7bdbc8: ;   {external_word}
  0x0000020b3c7bdbc8: 48b9 7061 | 6826 fc7f | 0000 4883 

  0x0000020b3c7bdbd4: ;   {runtime_call}
  0x0000020b3c7bdbd4: e4f0 48b8 | 10cd 3626 | fc7f 0000 

  0x0000020b3c7bdbe0: ;   {section_word}
  0x0000020b3c7bdbe0: ffd0 f449 | bae3 db7b | 3c0b 0200 

  0x0000020b3c7bdbec: ;   {runtime_call DeoptimizationBlob}
  0x0000020b3c7bdbec: 0041 52e9 | ac6d 4c07 | f4f4 f4f4 
[/MachCode]


---------------  P R O C E S S  ---------------

Threads class SMR info:
_java_thread_list=0x0000020b5052cf00, length=11, elements={
0x0000020b37288b50, 0x0000020b503f0560, 0x0000020b50439210, 0x0000020b50439c70,
0x0000020b5043a6d0, 0x0000020b5043b130, 0x0000020b5043bb90, 0x0000020b5043c5f0,
0x0000020b5043d380, 0x0000020b50425450, 0x0000020b5054b660
}

Java Threads: ( => current thread )
=>0x0000020b37288b50 JavaThread "main"                              [_thread_in_vm, id=17904, stack(0x00000095c6300000,0x00000095c6400000) (1024K)]
  0x0000020b503f0560 JavaThread "Common-Cleaner"             daemon [_thread_blocked, id=21092, stack(0x00000095c6b00000,0x00000095c6c00000) (1024K)]
  0x0000020b50439210 JavaThread "Reference Handler"          daemon [_thread_blocked, id=11116, stack(0x00000095c6c00000,0x00000095c6d00000) (1024K)]
  0x0000020b50439c70 JavaThread "Finalizer"                  daemon [_thread_blocked, id=20288, stack(0x00000095c6d00000,0x00000095c6e00000) (1024K)]
  0x0000020b5043a6d0 JavaThread "Signal Dispatcher"          daemon [_thread_blocked, id=13880, stack(0x00000095c6e00000,0x00000095c6f00000) (1024K)]
  0x0000020b5043b130 JavaThread "Attach Listener"            daemon [_thread_blocked, id=592, stack(0x00000095c6f00000,0x00000095c7000000) (1024K)]
  0x0000020b5043bb90 JavaThread "Service Thread"             daemon [_thread_blocked, id=16468, stack(0x00000095c7000000,0x00000095c7100000) (1024K)]
  0x0000020b5043c5f0 JavaThread "Monitor Deflation Thread"   daemon [_thread_blocked, id=4280, stack(0x00000095c7100000,0x00000095c7200000) (1024K)]
  0x0000020b5043d380 JavaThread "C2 CompilerThread0"         daemon [_thread_blocked, id=17960, stack(0x00000095c7200000,0x00000095c7300000) (1024K)]
  0x0000020b50425450 JavaThread "C1 CompilerThread0"         daemon [_thread_blocked, id=14032, stack(0x00000095c7300000,0x00000095c7400000) (1024K)]
  0x0000020b5054b660 JavaThread "Notification Thread"        daemon [_thread_blocked, id=16476, stack(0x00000095c7400000,0x00000095c7500000) (1024K)]
Total: 11

Other Threads:
  0x0000020b3728d4b0 VMThread "VM Thread"                           [id=18580, stack(0x00000095c6a00000,0x00000095c6b00000) (1024K)]
  0x0000020b501fffb0 WatcherThread "VM Periodic Task Thread"        [id=2696, stack(0x00000095c6900000,0x00000095c6a00000) (1024K)]
  0x0000020b3728cd70 WorkerThread "GC Thread#0"                     [id=4132, stack(0x00000095c6400000,0x00000095c6500000) (1024K)]
  0x0000020b3728c630 WorkerThread "GC Thread#1"                     [id=1272, stack(0x00000095c7500000,0x00000095c7600000) (1024K)]
  0x0000020b3728d110 WorkerThread "GC Thread#2"                     [id=7992, stack(0x00000095c7600000,0x00000095c7700000) (1024K)]
  0x0000020b3728bb50 WorkerThread "GC Thread#3"                     [id=19124, stack(0x00000095c7700000,0x00000095c7800000) (1024K)]
  0x0000020b39606040 ConcurrentGCThread "G1 Main Marker"            [id=1500, stack(0x00000095c6500000,0x00000095c6600000) (1024K)]
  0x0000020b3728bef0 WorkerThread "G1 Conc#0"                       [id=16116, stack(0x00000095c6600000,0x00000095c6700000) (1024K)]
  0x0000020b500d24c0 ConcurrentGCThread "G1 Refine#0"               [id=18804, stack(0x00000095c6700000,0x00000095c6800000) (1024K)]
  0x0000020b500d2f40 ConcurrentGCThread "G1 Service"                [id=18360, stack(0x00000095c6800000,0x00000095c6900000) (1024K)]
Total: 10

Threads with active compile tasks:
Total: 0

VM state: not at safepoint (normal execution)

VM Mutex/Monitor currently owned by a thread:  ([mutex/lock_event])
[0x00007ffc268f6438] Metaspace_lock - owner thread: 0x0000020b37288b50

Heap address: 0x0000000085000000, size: 1968 MB, Compressed Oops mode: 32-bit

CDS archive(s) not mapped
Compressed class space mapped at: 0x0000000100000000-0x0000000140000000, reserved size: 1073741824
Narrow klass base: 0x0000000000000000, Narrow klass shift: 3, Narrow klass range: 0x140000000

GC Precious Log:
 CardTable entry size: 512
 Card Set container configuration: InlinePtr #cards 5 size 8 Array Of Cards #cards 12 size 40 Howl #buckets 4 coarsen threshold 1843 Howl Bitmap #cards 512 size 80 coarsen threshold 460 Card regions per heap region 1 cards per card region 2048
 CPUs: 4 total, 4 available
 Memory: 7865M
 Large Page Support: Disabled
 NUMA Support: Disabled
 Compressed Oops: Enabled (32-bit)
 Heap Region Size: 1M
 Heap Min Capacity: 8M
 Heap Initial Capacity: 124M
 Heap Max Capacity: 1968M
 Pre-touch: Disabled
 Parallel Workers: 4
 Concurrent Workers: 1
 Concurrent Refinement Workers: 4
 Periodic GC: Disabled

Heap:
 garbage-first heap   total 126976K, used 6512K [0x0000000085000000, 0x0000000100000000)
  region size 1024K, 3 young (3072K), 2 survivors (2048K)
 Metaspace       used 11359K, committed 11520K, reserved 1114112K
  class space    used 977K, committed 1088K, reserved 1048576K

Heap Regions: E=young(eden), S=young(survivor), O=old, HS=humongous(starts), HC=humongous(continues), CS=collection set, F=free, TAMS=top-at-mark-start, PB=parsable bottom
|   0|0x0000000085000000, 0x0000000085100000, 0x0000000085100000|100%|HS|  |TAMS 0x0000000085000000| PB 0x0000000085000000| Complete 
|   1|0x0000000085100000, 0x0000000085200000, 0x0000000085200000|100%|HC|  |TAMS 0x0000000085100000| PB 0x0000000085100000| Complete 
|   2|0x0000000085200000, 0x0000000085300000, 0x0000000085300000|100%|HC|  |TAMS 0x0000000085200000| PB 0x0000000085200000| Complete 
|   3|0x0000000085300000, 0x0000000085400000, 0x0000000085400000|100%|HC|  |TAMS 0x0000000085300000| PB 0x0000000085300000| Complete 
|   4|0x0000000085400000, 0x0000000085400000, 0x0000000085500000|  0%| F|  |TAMS 0x0000000085400000| PB 0x0000000085400000| Untracked 
|   5|0x0000000085500000, 0x000000008555c030, 0x0000000085600000| 35%| O|  |TAMS 0x0000000085500000| PB 0x0000000085500000| Untracked 
|   6|0x0000000085600000, 0x0000000085600000, 0x0000000085700000|  0%| F|  |TAMS 0x0000000085600000| PB 0x0000000085600000| Untracked 
|   7|0x0000000085700000, 0x0000000085700000, 0x0000000085800000|  0%| F|  |TAMS 0x0000000085700000| PB 0x0000000085700000| Untracked 
|   8|0x0000000085800000, 0x0000000085800000, 0x0000000085900000|  0%| F|  |TAMS 0x0000000085800000| PB 0x0000000085800000| Untracked 
|   9|0x0000000085900000, 0x0000000085900000, 0x0000000085a00000|  0%| F|  |TAMS 0x0000000085900000| PB 0x0000000085900000| Untracked 
|  10|0x0000000085a00000, 0x0000000085a00000, 0x0000000085b00000|  0%| F|  |TAMS 0x0000000085a00000| PB 0x0000000085a00000| Untracked 
|  11|0x0000000085b00000, 0x0000000085b00000, 0x0000000085c00000|  0%| F|  |TAMS 0x0000000085b00000| PB 0x0000000085b00000| Untracked 
|  12|0x0000000085c00000, 0x0000000085c00000, 0x0000000085d00000|  0%| F|  |TAMS 0x0000000085c00000| PB 0x0000000085c00000| Untracked 
|  13|0x0000000085d00000, 0x0000000085d00000, 0x0000000085e00000|  0%| F|  |TAMS 0x0000000085d00000| PB 0x0000000085d00000| Untracked 
|  14|0x0000000085e00000, 0x0000000085e00000, 0x0000000085f00000|  0%| F|  |TAMS 0x0000000085e00000| PB 0x0000000085e00000| Untracked 
|  15|0x0000000085f00000, 0x0000000085f00000, 0x0000000086000000|  0%| F|  |TAMS 0x0000000085f00000| PB 0x0000000085f00000| Untracked 
|  16|0x0000000086000000, 0x0000000086000000, 0x0000000086100000|  0%| F|  |TAMS 0x0000000086000000| PB 0x0000000086000000| Untracked 
|  17|0x0000000086100000, 0x0000000086100000, 0x0000000086200000|  0%| F|  |TAMS 0x0000000086100000| PB 0x0000000086100000| Untracked 
|  18|0x0000000086200000, 0x0000000086200000, 0x0000000086300000|  0%| F|  |TAMS 0x0000000086200000| PB 0x0000000086200000| Untracked 
|  19|0x0000000086300000, 0x0000000086300000, 0x0000000086400000|  0%| F|  |TAMS 0x0000000086300000| PB 0x0000000086300000| Untracked 
|  20|0x0000000086400000, 0x0000000086400000, 0x0000000086500000|  0%| F|  |TAMS 0x0000000086400000| PB 0x0000000086400000| Untracked 
|  21|0x0000000086500000, 0x0000000086500000, 0x0000000086600000|  0%| F|  |TAMS 0x0000000086500000| PB 0x0000000086500000| Untracked 
|  22|0x0000000086600000, 0x0000000086600000, 0x0000000086700000|  0%| F|  |TAMS 0x0000000086600000| PB 0x0000000086600000| Untracked 
|  23|0x0000000086700000, 0x0000000086700000, 0x0000000086800000|  0%| F|  |TAMS 0x0000000086700000| PB 0x0000000086700000| Untracked 
|  24|0x0000000086800000, 0x0000000086800000, 0x0000000086900000|  0%| F|  |TAMS 0x0000000086800000| PB 0x0000000086800000| Untracked 
|  25|0x0000000086900000, 0x0000000086900000, 0x0000000086a00000|  0%| F|  |TAMS 0x0000000086900000| PB 0x0000000086900000| Untracked 
|  26|0x0000000086a00000, 0x0000000086a00000, 0x0000000086b00000|  0%| F|  |TAMS 0x0000000086a00000| PB 0x0000000086a00000| Untracked 
|  27|0x0000000086b00000, 0x0000000086b00000, 0x0000000086c00000|  0%| F|  |TAMS 0x0000000086b00000| PB 0x0000000086b00000| Untracked 
|  28|0x0000000086c00000, 0x0000000086c00000, 0x0000000086d00000|  0%| F|  |TAMS 0x0000000086c00000| PB 0x0000000086c00000| Untracked 
|  29|0x0000000086d00000, 0x0000000086d00000, 0x0000000086e00000|  0%| F|  |TAMS 0x0000000086d00000| PB 0x0000000086d00000| Untracked 
|  30|0x0000000086e00000, 0x0000000086e00000, 0x0000000086f00000|  0%| F|  |TAMS 0x0000000086e00000| PB 0x0000000086e00000| Untracked 
|  31|0x0000000086f00000, 0x0000000086f00000, 0x0000000087000000|  0%| F|  |TAMS 0x0000000086f00000| PB 0x0000000086f00000| Untracked 
|  32|0x0000000087000000, 0x0000000087000000, 0x0000000087100000|  0%| F|  |TAMS 0x0000000087000000| PB 0x0000000087000000| Untracked 
|  33|0x0000000087100000, 0x0000000087100000, 0x0000000087200000|  0%| F|  |TAMS 0x0000000087100000| PB 0x0000000087100000| Untracked 
|  34|0x0000000087200000, 0x0000000087200000, 0x0000000087300000|  0%| F|  |TAMS 0x0000000087200000| PB 0x0000000087200000| Untracked 
|  35|0x0000000087300000, 0x0000000087300000, 0x0000000087400000|  0%| F|  |TAMS 0x0000000087300000| PB 0x0000000087300000| Untracked 
|  36|0x0000000087400000, 0x0000000087400000, 0x0000000087500000|  0%| F|  |TAMS 0x0000000087400000| PB 0x0000000087400000| Untracked 
|  37|0x0000000087500000, 0x0000000087500000, 0x0000000087600000|  0%| F|  |TAMS 0x0000000087500000| PB 0x0000000087500000| Untracked 
|  38|0x0000000087600000, 0x0000000087600000, 0x0000000087700000|  0%| F|  |TAMS 0x0000000087600000| PB 0x0000000087600000| Untracked 
|  39|0x0000000087700000, 0x0000000087700000, 0x0000000087800000|  0%| F|  |TAMS 0x0000000087700000| PB 0x0000000087700000| Untracked 
|  40|0x0000000087800000, 0x0000000087800000, 0x0000000087900000|  0%| F|  |TAMS 0x0000000087800000| PB 0x0000000087800000| Untracked 
|  41|0x0000000087900000, 0x0000000087900000, 0x0000000087a00000|  0%| F|  |TAMS 0x0000000087900000| PB 0x0000000087900000| Untracked 
|  42|0x0000000087a00000, 0x0000000087a00000, 0x0000000087b00000|  0%| F|  |TAMS 0x0000000087a00000| PB 0x0000000087a00000| Untracked 
|  43|0x0000000087b00000, 0x0000000087b00000, 0x0000000087c00000|  0%| F|  |TAMS 0x0000000087b00000| PB 0x0000000087b00000| Untracked 
|  44|0x0000000087c00000, 0x0000000087c00000, 0x0000000087d00000|  0%| F|  |TAMS 0x0000000087c00000| PB 0x0000000087c00000| Untracked 
|  45|0x0000000087d00000, 0x0000000087d00000, 0x0000000087e00000|  0%| F|  |TAMS 0x0000000087d00000| PB 0x0000000087d00000| Untracked 
|  46|0x0000000087e00000, 0x0000000087e00000, 0x0000000087f00000|  0%| F|  |TAMS 0x0000000087e00000| PB 0x0000000087e00000| Untracked 
|  47|0x0000000087f00000, 0x0000000087f00000, 0x0000000088000000|  0%| F|  |TAMS 0x0000000087f00000| PB 0x0000000087f00000| Untracked 
|  48|0x0000000088000000, 0x0000000088000000, 0x0000000088100000|  0%| F|  |TAMS 0x0000000088000000| PB 0x0000000088000000| Untracked 
|  49|0x0000000088100000, 0x0000000088100000, 0x0000000088200000|  0%| F|  |TAMS 0x0000000088100000| PB 0x0000000088100000| Untracked 
|  50|0x0000000088200000, 0x0000000088200000, 0x0000000088300000|  0%| F|  |TAMS 0x0000000088200000| PB 0x0000000088200000| Untracked 
|  51|0x0000000088300000, 0x0000000088300000, 0x0000000088400000|  0%| F|  |TAMS 0x0000000088300000| PB 0x0000000088300000| Untracked 
|  52|0x0000000088400000, 0x0000000088400000, 0x0000000088500000|  0%| F|  |TAMS 0x0000000088400000| PB 0x0000000088400000| Untracked 
|  53|0x0000000088500000, 0x0000000088500000, 0x0000000088600000|  0%| F|  |TAMS 0x0000000088500000| PB 0x0000000088500000| Untracked 
|  54|0x0000000088600000, 0x0000000088600000, 0x0000000088700000|  0%| F|  |TAMS 0x0000000088600000| PB 0x0000000088600000| Untracked 
|  55|0x0000000088700000, 0x0000000088700000, 0x0000000088800000|  0%| F|  |TAMS 0x0000000088700000| PB 0x0000000088700000| Untracked 
|  56|0x0000000088800000, 0x0000000088800000, 0x0000000088900000|  0%| F|  |TAMS 0x0000000088800000| PB 0x0000000088800000| Untracked 
|  57|0x0000000088900000, 0x0000000088900000, 0x0000000088a00000|  0%| F|  |TAMS 0x0000000088900000| PB 0x0000000088900000| Untracked 
|  58|0x0000000088a00000, 0x0000000088a00000, 0x0000000088b00000|  0%| F|  |TAMS 0x0000000088a00000| PB 0x0000000088a00000| Untracked 
|  59|0x0000000088b00000, 0x0000000088b00000, 0x0000000088c00000|  0%| F|  |TAMS 0x0000000088b00000| PB 0x0000000088b00000| Untracked 
|  60|0x0000000088c00000, 0x0000000088c00000, 0x0000000088d00000|  0%| F|  |TAMS 0x0000000088c00000| PB 0x0000000088c00000| Untracked 
|  61|0x0000000088d00000, 0x0000000088d00000, 0x0000000088e00000|  0%| F|  |TAMS 0x0000000088d00000| PB 0x0000000088d00000| Untracked 
|  62|0x0000000088e00000, 0x0000000088e00000, 0x0000000088f00000|  0%| F|  |TAMS 0x0000000088e00000| PB 0x0000000088e00000| Untracked 
|  63|0x0000000088f00000, 0x0000000088f00000, 0x0000000089000000|  0%| F|  |TAMS 0x0000000088f00000| PB 0x0000000088f00000| Untracked 
|  64|0x0000000089000000, 0x0000000089000000, 0x0000000089100000|  0%| F|  |TAMS 0x0000000089000000| PB 0x0000000089000000| Untracked 
|  65|0x0000000089100000, 0x0000000089100000, 0x0000000089200000|  0%| F|  |TAMS 0x0000000089100000| PB 0x0000000089100000| Untracked 
|  66|0x0000000089200000, 0x0000000089200000, 0x0000000089300000|  0%| F|  |TAMS 0x0000000089200000| PB 0x0000000089200000| Untracked 
|  67|0x0000000089300000, 0x0000000089300000, 0x0000000089400000|  0%| F|  |TAMS 0x0000000089300000| PB 0x0000000089300000| Untracked 
|  68|0x0000000089400000, 0x0000000089400000, 0x0000000089500000|  0%| F|  |TAMS 0x0000000089400000| PB 0x0000000089400000| Untracked 
|  69|0x0000000089500000, 0x0000000089500000, 0x0000000089600000|  0%| F|  |TAMS 0x0000000089500000| PB 0x0000000089500000| Untracked 
|  70|0x0000000089600000, 0x0000000089600000, 0x0000000089700000|  0%| F|  |TAMS 0x0000000089600000| PB 0x0000000089600000| Untracked 
|  71|0x0000000089700000, 0x0000000089700000, 0x0000000089800000|  0%| F|  |TAMS 0x0000000089700000| PB 0x0000000089700000| Untracked 
|  72|0x0000000089800000, 0x0000000089800000, 0x0000000089900000|  0%| F|  |TAMS 0x0000000089800000| PB 0x0000000089800000| Untracked 
|  73|0x0000000089900000, 0x0000000089900000, 0x0000000089a00000|  0%| F|  |TAMS 0x0000000089900000| PB 0x0000000089900000| Untracked 
|  74|0x0000000089a00000, 0x0000000089a00000, 0x0000000089b00000|  0%| F|  |TAMS 0x0000000089a00000| PB 0x0000000089a00000| Untracked 
|  75|0x0000000089b00000, 0x0000000089b00000, 0x0000000089c00000|  0%| F|  |TAMS 0x0000000089b00000| PB 0x0000000089b00000| Untracked 
|  76|0x0000000089c00000, 0x0000000089c00000, 0x0000000089d00000|  0%| F|  |TAMS 0x0000000089c00000| PB 0x0000000089c00000| Untracked 
|  77|0x0000000089d00000, 0x0000000089d00000, 0x0000000089e00000|  0%| F|  |TAMS 0x0000000089d00000| PB 0x0000000089d00000| Untracked 
|  78|0x0000000089e00000, 0x0000000089e00000, 0x0000000089f00000|  0%| F|  |TAMS 0x0000000089e00000| PB 0x0000000089e00000| Untracked 
|  79|0x0000000089f00000, 0x0000000089f00000, 0x000000008a000000|  0%| F|  |TAMS 0x0000000089f00000| PB 0x0000000089f00000| Untracked 
|  80|0x000000008a000000, 0x000000008a000000, 0x000000008a100000|  0%| F|  |TAMS 0x000000008a000000| PB 0x000000008a000000| Untracked 
|  81|0x000000008a100000, 0x000000008a100000, 0x000000008a200000|  0%| F|  |TAMS 0x000000008a100000| PB 0x000000008a100000| Untracked 
|  82|0x000000008a200000, 0x000000008a200000, 0x000000008a300000|  0%| F|  |TAMS 0x000000008a200000| PB 0x000000008a200000| Untracked 
|  83|0x000000008a300000, 0x000000008a300000, 0x000000008a400000|  0%| F|  |TAMS 0x000000008a300000| PB 0x000000008a300000| Untracked 
|  84|0x000000008a400000, 0x000000008a400000, 0x000000008a500000|  0%| F|  |TAMS 0x000000008a400000| PB 0x000000008a400000| Untracked 
|  85|0x000000008a500000, 0x000000008a500000, 0x000000008a600000|  0%| F|  |TAMS 0x000000008a500000| PB 0x000000008a500000| Untracked 
|  86|0x000000008a600000, 0x000000008a600000, 0x000000008a700000|  0%| F|  |TAMS 0x000000008a600000| PB 0x000000008a600000| Untracked 
|  87|0x000000008a700000, 0x000000008a700000, 0x000000008a800000|  0%| F|  |TAMS 0x000000008a700000| PB 0x000000008a700000| Untracked 
|  88|0x000000008a800000, 0x000000008a800000, 0x000000008a900000|  0%| F|  |TAMS 0x000000008a800000| PB 0x000000008a800000| Untracked 
|  89|0x000000008a900000, 0x000000008a900000, 0x000000008aa00000|  0%| F|  |TAMS 0x000000008a900000| PB 0x000000008a900000| Untracked 
|  90|0x000000008aa00000, 0x000000008aa00000, 0x000000008ab00000|  0%| F|  |TAMS 0x000000008aa00000| PB 0x000000008aa00000| Untracked 
|  91|0x000000008ab00000, 0x000000008ab00000, 0x000000008ac00000|  0%| F|  |TAMS 0x000000008ab00000| PB 0x000000008ab00000| Untracked 
|  92|0x000000008ac00000, 0x000000008ac00000, 0x000000008ad00000|  0%| F|  |TAMS 0x000000008ac00000| PB 0x000000008ac00000| Untracked 
|  93|0x000000008ad00000, 0x000000008ad00000, 0x000000008ae00000|  0%| F|  |TAMS 0x000000008ad00000| PB 0x000000008ad00000| Untracked 
|  94|0x000000008ae00000, 0x000000008ae00000, 0x000000008af00000|  0%| F|  |TAMS 0x000000008ae00000| PB 0x000000008ae00000| Untracked 
|  95|0x000000008af00000, 0x000000008af00000, 0x000000008b000000|  0%| F|  |TAMS 0x000000008af00000| PB 0x000000008af00000| Untracked 
|  96|0x000000008b000000, 0x000000008b000000, 0x000000008b100000|  0%| F|  |TAMS 0x000000008b000000| PB 0x000000008b000000| Untracked 
|  97|0x000000008b100000, 0x000000008b100000, 0x000000008b200000|  0%| F|  |TAMS 0x000000008b100000| PB 0x000000008b100000| Untracked 
|  98|0x000000008b200000, 0x000000008b200000, 0x000000008b300000|  0%| F|  |TAMS 0x000000008b200000| PB 0x000000008b200000| Untracked 
|  99|0x000000008b300000, 0x000000008b300000, 0x000000008b400000|  0%| F|  |TAMS 0x000000008b300000| PB 0x000000008b300000| Untracked 
| 100|0x000000008b400000, 0x000000008b400000, 0x000000008b500000|  0%| F|  |TAMS 0x000000008b400000| PB 0x000000008b400000| Untracked 
| 101|0x000000008b500000, 0x000000008b500000, 0x000000008b600000|  0%| F|  |TAMS 0x000000008b500000| PB 0x000000008b500000| Untracked 
| 102|0x000000008b600000, 0x000000008b600000, 0x000000008b700000|  0%| F|  |TAMS 0x000000008b600000| PB 0x000000008b600000| Untracked 
| 103|0x000000008b700000, 0x000000008b700000, 0x000000008b800000|  0%| F|  |TAMS 0x000000008b700000| PB 0x000000008b700000| Untracked 
| 104|0x000000008b800000, 0x000000008b800000, 0x000000008b900000|  0%| F|  |TAMS 0x000000008b800000| PB 0x000000008b800000| Untracked 
| 105|0x000000008b900000, 0x000000008b900000, 0x000000008ba00000|  0%| F|  |TAMS 0x000000008b900000| PB 0x000000008b900000| Untracked 
| 106|0x000000008ba00000, 0x000000008ba00000, 0x000000008bb00000|  0%| F|  |TAMS 0x000000008ba00000| PB 0x000000008ba00000| Untracked 
| 107|0x000000008bb00000, 0x000000008bb00000, 0x000000008bc00000|  0%| F|  |TAMS 0x000000008bb00000| PB 0x000000008bb00000| Untracked 
| 108|0x000000008bc00000, 0x000000008bc00000, 0x000000008bd00000|  0%| F|  |TAMS 0x000000008bc00000| PB 0x000000008bc00000| Untracked 
| 109|0x000000008bd00000, 0x000000008be00000, 0x000000008be00000|100%| S|CS|TAMS 0x000000008bd00000| PB 0x000000008bd00000| Complete 
| 110|0x000000008be00000, 0x000000008bf00000, 0x000000008bf00000|100%| S|CS|TAMS 0x000000008be00000| PB 0x000000008be00000| Complete 
| 111|0x000000008bf00000, 0x000000008bf00000, 0x000000008c000000|  0%| F|  |TAMS 0x000000008bf00000| PB 0x000000008bf00000| Untracked 
| 112|0x000000008c000000, 0x000000008c000000, 0x000000008c100000|  0%| F|  |TAMS 0x000000008c000000| PB 0x000000008c000000| Untracked 
| 113|0x000000008c100000, 0x000000008c100000, 0x000000008c200000|  0%| F|  |TAMS 0x000000008c100000| PB 0x000000008c100000| Untracked 
| 114|0x000000008c200000, 0x000000008c200000, 0x000000008c300000|  0%| F|  |TAMS 0x000000008c200000| PB 0x000000008c200000| Untracked 
| 115|0x000000008c300000, 0x000000008c300000, 0x000000008c400000|  0%| F|  |TAMS 0x000000008c300000| PB 0x000000008c300000| Untracked 
| 116|0x000000008c400000, 0x000000008c400000, 0x000000008c500000|  0%| F|  |TAMS 0x000000008c400000| PB 0x000000008c400000| Untracked 
| 117|0x000000008c500000, 0x000000008c500000, 0x000000008c600000|  0%| F|  |TAMS 0x000000008c500000| PB 0x000000008c500000| Untracked 
| 118|0x000000008c600000, 0x000000008c600000, 0x000000008c700000|  0%| F|  |TAMS 0x000000008c600000| PB 0x000000008c600000| Untracked 
| 119|0x000000008c700000, 0x000000008c700000, 0x000000008c800000|  0%| F|  |TAMS 0x000000008c700000| PB 0x000000008c700000| Untracked 
| 120|0x000000008c800000, 0x000000008c800000, 0x000000008c900000|  0%| F|  |TAMS 0x000000008c800000| PB 0x000000008c800000| Untracked 
| 121|0x000000008c900000, 0x000000008c900000, 0x000000008ca00000|  0%| F|  |TAMS 0x000000008c900000| PB 0x000000008c900000| Untracked 
| 122|0x000000008ca00000, 0x000000008ca00000, 0x000000008cb00000|  0%| F|  |TAMS 0x000000008ca00000| PB 0x000000008ca00000| Untracked 
| 123|0x000000008cb00000, 0x000000008cb75d00, 0x000000008cc00000| 46%| E|  |TAMS 0x000000008cb00000| PB 0x000000008cb00000| Complete 

Card table byte_map: [0x0000020b4bae0000,0x0000020b4bec0000] _byte_map_base: 0x0000020b4b6b8000

Marking Bits: (CMBitMap*) 0x0000020b395f6160
 Bits: [0x0000020b4bec0000, 0x0000020b4dd80000)

Polling page: 0x0000020b37470000

Metaspace:

Usage:
  Non-class:     10.14 MB used.
      Class:    977.79 KB used.
       Both:     11.09 MB used.

Virtual space:
  Non-class space:       64.00 MB reserved,      10.19 MB ( 16%) committed,  1 nodes.
      Class space:        1.00 GB reserved,       1.06 MB ( <1%) committed,  1 nodes.
             Both:        1.06 GB reserved,      11.25 MB (  1%) committed. 

Chunk freelists:
   Non-Class:  5.30 MB
       Class:  14.98 MB
        Both:  20.28 MB

MaxMetaspaceSize: unlimited
CompressedClassSpaceSize: 1.00 GB
Initial GC threshold: 21.00 MB
Current GC threshold: 21.00 MB
CDS: off
 - commit_granule_bytes: 65536.
 - commit_granule_words: 8192.
 - virtual_space_node_default_size: 8388608.
 - enlarge_chunks_in_place: 1.
 - use_allocation_guard: 0.


Internal statistics:

num_allocs_failed_limit: 0.
num_arena_births: 38.
num_arena_deaths: 0.
num_vsnodes_births: 2.
num_vsnodes_deaths: 0.
num_space_committed: 180.
num_space_uncommitted: 0.
num_chunks_returned_to_freelist: 0.
num_chunks_taken_from_freelist: 179.
num_chunk_merges: 0.
num_chunk_splits: 133.
num_chunks_enlarged: 116.
num_inconsistent_stats: 0.

CodeHeap 'non-profiled nmethods': size=120000Kb used=209Kb max_used=209Kb free=119790Kb
 bounds [0x0000020b441d0000, 0x0000020b44440000, 0x0000020b4b700000]
CodeHeap 'profiled nmethods': size=120000Kb used=1068Kb max_used=1068Kb free=118931Kb
 bounds [0x0000020b3c700000, 0x0000020b3c970000, 0x0000020b43c30000]
CodeHeap 'non-nmethods': size=5760Kb used=1306Kb max_used=1320Kb free=4453Kb
 bounds [0x0000020b43c30000, 0x0000020b43ea0000, 0x0000020b441d0000]
CodeCache: size=245760Kb, used=2583Kb, max_used=2597Kb, free=243174Kb
 total_blobs=1095, nmethods=658, adapters=342, full_count=0
Compilation: enabled, stopped_count=0, restarted_count=0

Compilation events (20 events):
Event: 1.760 Thread 0x0000020b50425450  650       3       jdk.internal.loader.BuiltinClassLoader::defineClass (121 bytes)
Event: 1.761 Thread 0x0000020b50425450 nmethod 650 0x0000020b3c7fee10 code [0x0000020b3c7ff200, 0x0000020b3c8009c0]
Event: 1.761 Thread 0x0000020b50425450  651       3       sun.net.util.IPAddressUtil::checkHost (156 bytes)
Event: 1.762 Thread 0x0000020b50425450 nmethod 651 0x0000020b3c801510 code [0x0000020b3c8019a0, 0x0000020b3c803600]
Event: 1.762 Thread 0x0000020b50425450  653  s!   3       jdk.internal.loader.URLClassPath::getLoader (194 bytes)
Event: 1.923 Thread 0x0000020b50425450 nmethod 653 0x0000020b3c804190 code [0x0000020b3c804480, 0x0000020b3c805850]
Event: 1.923 Thread 0x0000020b50425450  652       3       sun.net.util.IPAddressUtil::scan (92 bytes)
Event: 1.924 Thread 0x0000020b50425450 nmethod 652 0x0000020b3c805f90 code [0x0000020b3c806200, 0x0000020b3c806cf8]
Event: 1.924 Thread 0x0000020b50425450  658       3       java.util.concurrent.locks.AbstractQueuedSynchronizer::signalNext (34 bytes)
Event: 1.924 Thread 0x0000020b50425450 nmethod 658 0x0000020b3c807210 code [0x0000020b3c807400, 0x0000020b3c807880]
Event: 1.924 Thread 0x0000020b50425450  654       3       java.lang.ref.Reference::clear (5 bytes)
Event: 1.924 Thread 0x0000020b50425450 nmethod 654 0x0000020b3c807a10 code [0x0000020b3c807bc0, 0x0000020b3c807cf8]
Event: 1.924 Thread 0x0000020b50425450  655   !   3       java.util.zip.ZipCoder$UTF8ZipCoder::compare (81 bytes)
Event: 1.925 Thread 0x0000020b50425450 nmethod 655 0x0000020b3c807d90 code [0x0000020b3c808000, 0x0000020b3c808b90]
Event: 1.925 Thread 0x0000020b50425450  656       3       java.lang.System$2::getBytesNoRepl (6 bytes)
Event: 1.925 Thread 0x0000020b50425450 nmethod 656 0x0000020b3c809090 code [0x0000020b3c8092a0, 0x0000020b3c809a40]
Event: 1.925 Thread 0x0000020b50425450  657   !   3       java.lang.String::getBytesNoRepl (29 bytes)
Event: 1.925 Thread 0x0000020b50425450 nmethod 657 0x0000020b3c809c90 code [0x0000020b3c809e80, 0x0000020b3c80a5a0]
Event: 1.926 Thread 0x0000020b50425450  659       3       java.util.zip.ZipEntry::<init> (84 bytes)
Event: 1.927 Thread 0x0000020b50425450 nmethod 659 0x0000020b3c80a790 code [0x0000020b3c80a980, 0x0000020b3c80aee0]

GC Heap History (2 events):
Event: 1.763 GC heap before
{Heap before GC invocations=0 (full 0):
 garbage-first heap   total 126976K, used 17408K [0x0000000085000000, 0x0000000100000000)
  region size 1024K, 13 young (13312K), 0 survivors (0K)
 Metaspace       used 11319K, committed 11520K, reserved 1114112K
  class space    used 972K, committed 1088K, reserved 1048576K
}
Event: 1.923 GC heap after
{Heap after GC invocations=1 (full 0):
 garbage-first heap   total 126976K, used 6512K [0x0000000085000000, 0x0000000100000000)
  region size 1024K, 2 young (2048K), 2 survivors (2048K)
 Metaspace       used 11319K, committed 11520K, reserved 1114112K
  class space    used 972K, committed 1088K, reserved 1048576K
}

Dll operation events (2 events):
Event: 0.011 Loaded shared library C:\Program Files\Android\Android Studio\jbr\bin\java.dll
Event: 0.073 Loaded shared library C:\Program Files\Android\Android Studio\jbr\bin\zip.dll

Deoptimization events (20 events):
Event: 0.458 Thread 0x0000020b37288b50 DEOPT PACKING pc=0x0000020b3c711749 sp=0x00000095c63fdc50
Event: 0.458 Thread 0x0000020b37288b50 DEOPT UNPACKING pc=0x0000020b43c84e42 sp=0x00000095c63fd0c0 mode 0
Event: 0.809 Thread 0x0000020b37288b50 Uncommon trap: trap_request=0xffffff45 fr.pc=0x0000020b441d6a10 relative=0x0000000000000870
Event: 0.809 Thread 0x0000020b37288b50 Uncommon trap: reason=unstable_if action=reinterpret pc=0x0000020b441d6a10 method=java.util.zip.ZipFile$Source.checkAndAddEntry(II)I @ 50 c2
Event: 0.809 Thread 0x0000020b37288b50 DEOPT PACKING pc=0x0000020b441d6a10 sp=0x00000095c63fe9f0
Event: 0.809 Thread 0x0000020b37288b50 DEOPT UNPACKING pc=0x0000020b43c846a2 sp=0x00000095c63fe960 mode 2
Event: 1.100 Thread 0x0000020b37288b50 Uncommon trap: trap_request=0xffffff45 fr.pc=0x0000020b441e1a6c relative=0x000000000000028c
Event: 1.100 Thread 0x0000020b37288b50 Uncommon trap: reason=unstable_if action=reinterpret pc=0x0000020b441e1a6c method=java.lang.StringLatin1.hashCode([B)I @ 2 c2
Event: 1.100 Thread 0x0000020b37288b50 DEOPT PACKING pc=0x0000020b441e1a6c sp=0x00000095c63fc0a0
Event: 1.100 Thread 0x0000020b37288b50 DEOPT UNPACKING pc=0x0000020b43c846a2 sp=0x00000095c63fbfd8 mode 2
Event: 1.257 Thread 0x0000020b37288b50 DEOPT PACKING pc=0x0000020b3c70c6cc sp=0x00000095c63fa000
Event: 1.257 Thread 0x0000020b37288b50 DEOPT UNPACKING pc=0x0000020b43c84e42 sp=0x00000095c63f9420 mode 0
Event: 1.738 Thread 0x0000020b37288b50 Uncommon trap: trap_request=0xffffff6e fr.pc=0x0000020b441e5bc8 relative=0x00000000000001a8
Event: 1.738 Thread 0x0000020b37288b50 Uncommon trap: reason=loop_limit_check action=maybe_recompile pc=0x0000020b441e5bc8 method=java.lang.StringLatin1.lastIndexOf([BII)I @ 19 c2
Event: 1.738 Thread 0x0000020b37288b50 DEOPT PACKING pc=0x0000020b441e5bc8 sp=0x00000095c63fd700
Event: 1.738 Thread 0x0000020b37288b50 DEOPT UNPACKING pc=0x0000020b43c846a2 sp=0x00000095c63fd680 mode 2
Event: 1.923 Thread 0x0000020b50439210 Uncommon trap: trap_request=0xffffff45 fr.pc=0x0000020b441ee9e0 relative=0x0000000000000040
Event: 1.923 Thread 0x0000020b50439210 Uncommon trap: reason=unstable_if action=reinterpret pc=0x0000020b441ee9e0 method=java.util.concurrent.locks.AbstractQueuedSynchronizer.signalNext(Ljava/util/concurrent/locks/AbstractQueuedSynchronizer$Node;)V @ 1 c2
Event: 1.923 Thread 0x0000020b50439210 DEOPT PACKING pc=0x0000020b441ee9e0 sp=0x00000095c6cfefd0
Event: 1.923 Thread 0x0000020b50439210 DEOPT UNPACKING pc=0x0000020b43c846a2 sp=0x00000095c6cfef60 mode 2

Classes loaded (20 events):
Event: 1.658 Loading class java/lang/CloneNotSupportedException
Event: 1.658 Loading class java/lang/CloneNotSupportedException done
Event: 1.735 Loading class java/util/Stack
Event: 1.735 Loading class java/util/Vector
Event: 1.735 Loading class java/util/Vector done
Event: 1.736 Loading class java/util/Stack done
Event: 1.736 Loading class java/math/BigInteger
Event: 1.737 Loading class java/math/BigInteger done
Event: 1.739 Loading class java/math/MutableBigInteger
Event: 1.739 Loading class java/math/MutableBigInteger done
Event: 1.750 Loading class java/lang/NoSuchFieldError
Event: 1.751 Loading class java/lang/NoSuchFieldError done
Event: 1.751 Loading class java/util/concurrent/atomic/AtomicReferenceFieldUpdater
Event: 1.751 Loading class java/util/concurrent/atomic/AtomicReferenceFieldUpdater done
Event: 1.751 Loading class java/util/concurrent/atomic/AtomicReferenceFieldUpdater$AtomicReferenceFieldUpdaterImpl
Event: 1.751 Loading class java/util/concurrent/atomic/AtomicReferenceFieldUpdater$AtomicReferenceFieldUpdaterImpl done
Event: 1.751 Loading class java/util/concurrent/atomic/AtomicReferenceFieldUpdater$AtomicReferenceFieldUpdaterImpl$1
Event: 1.751 Loading class java/util/concurrent/atomic/AtomicReferenceFieldUpdater$AtomicReferenceFieldUpdaterImpl$1 done
Event: 1.751 Loading class sun/reflect/misc/ReflectUtil
Event: 1.752 Loading class sun/reflect/misc/ReflectUtil done

Classes unloaded (0 events):
No events

Classes redefined (0 events):
No events

Internal exceptions (5 events):
Event: 1.612 Thread 0x0000020b37288b50 Exception <a 'java/lang/NoSuchMethodError'{0x000000008c176620}: 'void java.lang.invoke.DirectMethodHandle$Holder.invokeSpecial(java.lang.Object, java.lang.Object, int)'> (0x000000008c176620) 
thrown [s\src\hotspot\share\interpreter\linkResolver.cpp, line 784]
Event: 1.613 Thread 0x0000020b37288b50 Exception <a 'java/lang/NoSuchMethodError'{0x000000008c17b3c8}: 'int java.lang.invoke.DirectMethodHandle$Holder.invokeSpecial(java.lang.Object, java.lang.Object, java.lang.Object, int)'> (0x000000008c17b3c8) 
thrown [s\src\hotspot\share\interpreter\linkResolver.cpp, line 784]
Event: 1.615 Thread 0x0000020b37288b50 Exception <a 'java/lang/NoSuchMethodError'{0x000000008c18dd10}: 'java.lang.Object java.lang.invoke.DirectMethodHandle$Holder.invokeStatic(java.lang.Object, java.lang.Object, java.lang.Object, java.lang.Object, int)'> (0x000000008c18dd10) 
thrown [s\src\hotspot\share\interpreter\linkResolver.cpp, line 784]
Event: 1.616 Thread 0x0000020b37288b50 Exception <a 'java/lang/NoSuchMethodError'{0x000000008c1961b8}: 'void java.lang.invoke.DelegatingMethodHandle$Holder.reinvoke_L(java.lang.Object, java.lang.Object, int)'> (0x000000008c1961b8) 
thrown [s\src\hotspot\share\interpreter\linkResolver.cpp, line 784]
Event: 1.634 Thread 0x0000020b37288b50 Exception <a 'java/lang/NoSuchMethodError'{0x000000008c1a5b00}: 'void java.lang.invoke.DirectMethodHandle$Holder.invokeSpecial(java.lang.Object, java.lang.Object, java.lang.Object)'> (0x000000008c1a5b00) 
thrown [s\src\hotspot\share\interpreter\linkResolver.cpp, line 784]

ZGC Phase Switch (0 events):
No events

VM Operations (8 events):
Event: 0.485 Executing VM operation: HandshakeAllThreads (Deoptimize)
Event: 0.485 Executing VM operation: HandshakeAllThreads (Deoptimize) done
Event: 1.500 Executing VM operation: Cleanup
Event: 1.500 Executing VM operation: Cleanup done
Event: 1.735 Executing VM operation: HandshakeAllThreads (Deoptimize)
Event: 1.735 Executing VM operation: HandshakeAllThreads (Deoptimize) done
Event: 1.763 Executing VM operation: G1CollectForAllocation (G1 Evacuation Pause)
Event: 1.923 Executing VM operation: G1CollectForAllocation (G1 Evacuation Pause) done

Memory protections (0 events):
No events

Nmethod flushes (0 events):
No events

Events (17 events):
Event: 0.019 Thread 0x0000020b37288b50 Thread added: 0x0000020b37288b50
Event: 0.166 Thread 0x0000020b37288b50 Thread added: 0x0000020b503f0560
Event: 0.174 Thread 0x0000020b37288b50 Thread added: 0x0000020b50439210
Event: 0.175 Thread 0x0000020b37288b50 Thread added: 0x0000020b50439c70
Event: 0.176 Thread 0x0000020b37288b50 Thread added: 0x0000020b5043a6d0
Event: 0.176 Thread 0x0000020b37288b50 Thread added: 0x0000020b5043b130
Event: 0.176 Thread 0x0000020b37288b50 Thread added: 0x0000020b5043bb90
Event: 0.176 Thread 0x0000020b37288b50 Thread added: 0x0000020b5043c5f0
Event: 0.176 Thread 0x0000020b37288b50 Thread added: 0x0000020b5043d380
Event: 0.194 Thread 0x0000020b37288b50 Thread added: 0x0000020b50425450
Event: 0.366 Thread 0x0000020b37288b50 Thread added: 0x0000020b5054b660
Event: 0.404 Loaded shared library C:\Program Files\Android\Android Studio\jbr\bin\net.dll
Event: 0.408 Loaded shared library C:\Program Files\Android\Android Studio\jbr\bin\nio.dll
Event: 0.466 Thread 0x0000020b5043d380 Thread added: 0x0000020b506c61d0
Event: 0.480 Loaded shared library C:\Program Files\Android\Android Studio\jbr\bin\zip.dll
Event: 0.619 Thread 0x0000020b506c61d0 Thread exited: 0x0000020b506c61d0
Event: 0.649 Loaded shared library C:\Program Files\Android\Android Studio\jbr\bin\jimage.dll


Dynamic libraries:
0x00007ff77fcb0000 - 0x00007ff77fcba000 	C:\Program Files\Android\Android Studio\jbr\bin\java.exe
0x00007ffc55940000 - 0x00007ffc55b49000 	C:\Windows\SYSTEM32\ntdll.dll
0x00007ffc54720000 - 0x00007ffc547de000 	C:\Windows\System32\KERNEL32.DLL
0x00007ffc53270000 - 0x00007ffc535ec000 	C:\Windows\System32\KERNELBASE.dll
0x00007ffc536a0000 - 0x00007ffc537b1000 	C:\Windows\System32\ucrtbase.dll
0x00007ffc18500000 - 0x00007ffc18518000 	C:\Program Files\Android\Android Studio\jbr\bin\jli.dll
0x00007ffc53ae0000 - 0x00007ffc53c8d000 	C:\Windows\System32\USER32.dll
0x00007ffc535f0000 - 0x00007ffc53616000 	C:\Windows\System32\win32u.dll
0x00007ffc53ab0000 - 0x00007ffc53ad9000 	C:\Windows\System32\GDI32.dll
0x00007ffc53020000 - 0x00007ffc53138000 	C:\Windows\System32\gdi32full.dll
0x00007ffc52e10000 - 0x00007ffc52ead000 	C:\Windows\System32\msvcp_win.dll
0x00007ffc4f3d0000 - 0x00007ffc4f3eb000 	C:\Program Files\Android\Android Studio\jbr\bin\VCRUNTIME140.dll
0x00007ffc37b10000 - 0x00007ffc37db5000 	C:\Windows\WinSxS\amd64_microsoft.windows.common-controls_6595b64144ccf1df_6.0.22000.120_none_9d947278b86cc467\COMCTL32.dll
0x00007ffc54170000 - 0x00007ffc54213000 	C:\Windows\System32\msvcrt.dll
0x00007ffc55410000 - 0x00007ffc55441000 	C:\Windows\System32\IMM32.DLL
0x00007ffc4f3a0000 - 0x00007ffc4f3ac000 	C:\Program Files\Android\Android Studio\jbr\bin\vcruntime140_1.dll
0x00007ffc15a90000 - 0x00007ffc15b1d000 	C:\Program Files\Android\Android Studio\jbr\bin\msvcp140.dll
0x00007ffc25d40000 - 0x00007ffc269d6000 	C:\Program Files\Android\Android Studio\jbr\bin\server\jvm.dll
0x00007ffc54220000 - 0x00007ffc542ce000 	C:\Windows\System32\ADVAPI32.dll
0x00007ffc548d0000 - 0x00007ffc5496e000 	C:\Windows\System32\sechost.dll
0x00007ffc557e0000 - 0x00007ffc55900000 	C:\Windows\System32\RPCRT4.dll
0x00007ffc537c0000 - 0x00007ffc5382f000 	C:\Windows\System32\WS2_32.dll
0x00007ffc52330000 - 0x00007ffc5237d000 	C:\Windows\SYSTEM32\POWRPROF.dll
0x00007ffc447a0000 - 0x00007ffc447d3000 	C:\Windows\SYSTEM32\WINMM.dll
0x00007ffc4b0d0000 - 0x00007ffc4b0da000 	C:\Windows\SYSTEM32\VERSION.dll
0x00007ffc521f0000 - 0x00007ffc52203000 	C:\Windows\SYSTEM32\UMPDC.dll
0x00007ffc51e90000 - 0x00007ffc51ea8000 	C:\Windows\SYSTEM32\kernel.appcore.dll
0x00007ffc4f390000 - 0x00007ffc4f39a000 	C:\Program Files\Android\Android Studio\jbr\bin\jimage.dll
0x00007ffc38e30000 - 0x00007ffc39051000 	C:\Windows\SYSTEM32\DBGHELP.DLL
0x00007ffc38dd0000 - 0x00007ffc38e01000 	C:\Windows\SYSTEM32\dbgcore.DLL
0x00007ffc53620000 - 0x00007ffc5369f000 	C:\Windows\System32\bcryptPrimitives.dll
0x00007ffc4f370000 - 0x00007ffc4f390000 	C:\Program Files\Android\Android Studio\jbr\bin\java.dll
0x00007ffc4e900000 - 0x00007ffc4e918000 	C:\Program Files\Android\Android Studio\jbr\bin\zip.dll
0x00007ffc54be0000 - 0x00007ffc553a5000 	C:\Windows\System32\SHELL32.dll
0x00007ffc50f00000 - 0x00007ffc51765000 	C:\Windows\SYSTEM32\windows.storage.dll
0x00007ffc55460000 - 0x00007ffc557d6000 	C:\Windows\System32\combase.dll
0x00007ffc50d90000 - 0x00007ffc50ef6000 	C:\Windows\SYSTEM32\wintypes.dll
0x00007ffc54630000 - 0x00007ffc5471a000 	C:\Windows\System32\SHCORE.dll
0x00007ffc553b0000 - 0x00007ffc5540d000 	C:\Windows\System32\shlwapi.dll
0x00007ffc52d40000 - 0x00007ffc52d61000 	C:\Windows\SYSTEM32\profapi.dll
0x00007ffc4f360000 - 0x00007ffc4f370000 	C:\Program Files\Android\Android Studio\jbr\bin\net.dll
0x00007ffc4e330000 - 0x00007ffc4e442000 	C:\Windows\SYSTEM32\WINHTTP.dll
0x00007ffc52420000 - 0x00007ffc52487000 	C:\Windows\system32\mswsock.dll
0x00007ffc4b010000 - 0x00007ffc4b026000 	C:\Program Files\Android\Android Studio\jbr\bin\nio.dll

JVMTI agents: none

dbghelp: loaded successfully - version: 4.0.5 - missing functions: none
symbol engine: initialized successfully - sym options: 0x614 - pdb path: .;C:\Program Files\Android\Android Studio\jbr\bin;C:\Windows\SYSTEM32;C:\Windows\WinSxS\amd64_microsoft.windows.common-controls_6595b64144ccf1df_6.0.22000.120_none_9d947278b86cc467;C:\Program Files\Android\Android Studio\jbr\bin\server

VM Arguments:
java_command: org.jetbrains.kotlin.cli.jvm.K2JVMCompiler @S:\dev\CaribTap\flutter-ulistings-app\flutter_universal_listings\build\firebase_storage\20260212_9757933386175380447.compiler.options
java_class_path (initial): S:\gradle-home\caches\modules-2\files-2.1\org.jetbrains.kotlin\kotlin-compiler-embeddable\2.1.0\988bf980588bbbcfa1ba19c1ffd7aa869b335a31\kotlin-compiler-embeddable-2.1.0.jar;S:\gradle-home\caches\modules-2\files-2.1\org.jetbrains.kotlin\kotlin-stdlib\2.1.0\85f8b81009cda5890e54ba67d64b5e599c645020\kotlin-stdlib-2.1.0.jar;S:\gradle-home\caches\modules-2\files-2.1\org.jetbrains.kotlin\kotlin-script-runtime\2.1.0\5909da8c57b75a117714ab0e348c86101b7a3284\kotlin-script-runtime-2.1.0.jar;S:\gradle-home\caches\modules-2\files-2.1\org.jetbrains.kotlin\kotlin-reflect\1.6.10\1cbe9c92c12a94eea200d23c2bbaedaf3daf5132\kotlin-reflect-1.6.10.jar;S:\gradle-home\caches\modules-2\files-2.1\org.jetbrains.kotlin\kotlin-daemon-embeddable\2.1.0\420bae1908e4a353f5b56c3c850d24d86367b25d\kotlin-daemon-embeddable-2.1.0.jar;S:\gradle-home\caches\modules-2\files-2.1\org.jetbrains.intellij.deps\trove4j\1.0.20200330\3afb14d5f9ceb459d724e907a21145e8ff394f02\trove4j-1.0.20200330.jar;S:\gradle-home\caches\modules-2\files-2.1\org.jetbrains.kotlinx\kotlinx-coroutines-core-jvm\1.6.4\2c997cd1c0ef33f3e751d3831929aeff1390cb30\kotlinx-coroutines-core-jvm-1.6.4.jar;S:\gradle-home\caches\modules-2\files-2.1\org.jetbrains\annotations\13.0\919f0dfe192fb4e063e7dacadee7f8bb9a2672a9\annotations-13.0.jar
Launcher Type: SUN_STANDARD

[Global flags]
     intx CICompilerCount                          = 3                                         {product} {ergonomic}
     uint ConcGCThreads                            = 1                                         {product} {ergonomic}
     uint G1ConcRefinementThreads                  = 4                                         {product} {ergonomic}
   size_t G1HeapRegionSize                         = 1048576                                   {product} {ergonomic}
    uintx GCDrainStackTargetSize                   = 64                                        {product} {ergonomic}
   size_t InitialHeapSize                          = 130023424                                 {product} {ergonomic}
   size_t MarkStackSize                            = 4194304                                   {product} {ergonomic}
   size_t MaxHeapSize                              = 2063597568                                {product} {ergonomic}
   size_t MaxNewSize                               = 1237319680                                {product} {ergonomic}
   size_t MinHeapDeltaBytes                        = 1048576                                   {product} {ergonomic}
   size_t MinHeapSize                              = 8388608                                   {product} {ergonomic}
    uintx NonNMethodCodeHeapSize                   = 5832780                                {pd product} {ergonomic}
    uintx NonProfiledCodeHeapSize                  = 122912730                              {pd product} {ergonomic}
    uintx ProfiledCodeHeapSize                     = 122912730                              {pd product} {ergonomic}
    uintx ReservedCodeCacheSize                    = 251658240                              {pd product} {ergonomic}
     bool SegmentedCodeCache                       = true                                      {product} {ergonomic}
   size_t SoftMaxHeapSize                          = 2063597568                             {manageable} {ergonomic}
     bool UseCompressedOops                        = true                           {product lp64_product} {ergonomic}
     bool UseG1GC                                  = true                                      {product} {ergonomic}
     bool UseLargePagesIndividualAllocation        = false                                  {pd product} {ergonomic}

Logging:
Log output configuration:
 #0: stdout all=warning uptime,level,tags foldmultilines=false
 #1: stderr all=off uptime,level,tags foldmultilines=false

Environment Variables:
JAVA_HOME=C:\Program Files\Android\Android Studio\jbr
CLASSPATH=S:\dev\CaribTap\flutter-ulistings-app\flutter_universal_listings\android\\gradle\wrapper\gradle-wrapper.jar
PATH=C:\Program Files\Android\Android Studio\jbr\bin;C:\Program Files\Common Files\Oracle\Java\javapath;C:\Program Files\Common Files\Oracle\Java\javapath;C:\Program Files\Common Files\Oracle\Java\javapath;C:\Program Files\Common Files\Oracle\Java\javapath;C:\Program Files\Common Files\Oracle\Java\javapath;C:\Program Files\Common Files\Oracle\Java\javapath;C:\Program Files\Common Files\Oracle\Java\javapath;C:\Program Files\Common Files\Oracle\Java\javapath;C:\Program Files\Common Files\Oracle\Java\javapath;C:\Program Files\Common Files\Oracle\Java\javapath;C:\Program Files\Common Files\Oracle\Java\javapath;C:\Program Files\Common Files\Oracle\Java\javapath;C:\Program Files\Common Files\Oracle\Java\javapath;C:\Program Files\Common Files\Oracle\Java\javapath;C:\Program Files\Common Files\Oracle\Java\javapath;C:\Program Files\Common Files\Oracle\Java\javapath;C:\Program Files\Common Files\Oracle\Java\javapath;C:\Program Files\Common Files\Oracle\Java\javapath;C:\Windows\System32;C:\Program Files\Android\Android Studio\jbr\bin;C:\Users\Experimental\AppData\Local\Microsoft\WindowsApps;S:\flutter\bin;C:\Program Files\Android\Android Studio\jbr\bin;C:\Users\Experimental\AppData\Local\Microsoft\WindowsApps;S:\flutter\bin;C:\Windows\System32;C:\Program Files\Git\cmd;C:\Program Files\Android\Android Studio\jbr\bin;C:\Users\Experimental\AppData\Local\Microsoft\WindowsApps;S:\flutter\bin;C:\Program Files\Android\Android Studio\jbr\bin;C:\Users\Experimental\AppData\Local\Microsoft\WindowsApps;S:\flutter\bin;C:\Windows\System32;C:\Program Files\Git\cmd;C:\Program Files\Android\Android Studio\jbr\bin;C:\Users\Experimental\AppData\Local\Microsoft\WindowsApps;S:\flutter\bin;C:\Program Files\Android\Android Studio\jbr\bin;C:\Users\Experimental\AppData\Local\Microsoft\WindowsApps;S:\flutter\bin;C:\Windows\System32;C:\Program Files\Git\cmd;C:\Windows\System32;C:\Windows\System32\WindowsPowerShell\v1.0\;%NVM_HOME%;%NVM_SYMLINK%;C:\Program Files\nodejs\;C:\Program Files\Android\Android Studio\jbr\bin;C:\Users\Experimental\AppData\Local\Microsoft\WindowsApps;S:\flutter\bin;C:\Program Files\Android\Android Studio\jbr\bin;C:\Users\Experimental\AppData\Local\Microsoft\WindowsApps;S:\flutter\bin;C:\Windows\System32;C:\Program Files\Git\cmd;C:\Program Files\Android\Android Studio\jbr\bin;C:\Users\Experimental\AppData\Local\Microsoft\WindowsApps;S:\flutter\bin;C:\Program Files\Android\Android Studio\jbr\bin;C:\Users\Experimental\AppData\Local\Microsoft\WindowsApps;S:\flutter\bin;C:\Windows\System32;C:\Program Files\Git\cmd;C:\Program Files\Android\Android Studio\jbr\bin;C:\Users\Experimental\AppData\Local\Microsoft\WindowsApps;S:\flutter\bin;C:\Program Files\Android\Android Studio\jbr\bin;C:\Users\Experimental\AppData\Local\Microsoft\WindowsApps;S:\flutter\bin;C:\Windows\System32;C:\Program Files\Git\cmd;C:\Windows\System32;C:\Windows\System32\WindowsPowerShell\v1.0\;C:\Users\Experimental\AppData\Local\nvm;C:\nvm4w\nodejs;C:\Program Files\nodejs\;C:\Program Files\Android\Android Studio\jbr\bin;C:\Users\Experimental\AppData\Local\Microsoft\WindowsApps;S:\flutter\bin;C:\Program Files\Android\Android Studio\jbr\bin;C:\Users\Experimental\AppData\Local\Microsoft\WindowsApps;S:\flutter\bin;C:\Windows\System32;C:\Program Files\Git\cmd;C:\Program Files\Android\Android Studio\jbr\bin;C:\Users\Experimental\AppData\Local\Microsoft\WindowsApps;S:\flutter\bin;C:\Program Files\Android\Android Studio\jbr\bin;C:\Users\Experimental\AppData\Local\Microsoft\WindowsApps;S:\flutter\bin;C:\Windows\System32;C:\Program Files\Git\cmd;C:\Program Files\Android\Android Studio\jbr\bin;C:\Users\Experimental\AppData\Local\Microsoft\WindowsApps;S:\flutter\bin;C:\Program Files\Android\Android Studio\jbr\bin;C:\Users\Experimental\AppData\Local\Microsoft\WindowsApps;S:\flutter\bin;C:\Windows\System32;C:\Program Files\Git\cmd;C:\Windows\System32;C:\Windows\System32\WindowsPowerShell\v1.0\;C:\Users\Experimental\AppData\Local\nvm;C:\nvm4w\nodejs;C:\Program Files\nodejs\;C:\Windows\System32;C:\Windows;C:\Windows\System32\Wbem;C:\Windows\System32\WindowsPowerShell\v1.0\;S:\flutter\bin;C:\Program Files\Git\cmd;C:\Program Files\Android\Android Studio\jbr\bin;C:\Users\Experimental\AppData\Local\Microsoft\WindowsApps;C:\Users\Experimental\AppData\Local\Android\Sdk\platform-tools;C:\Users\Experimental\AppData\Local\Programs\Microsoft VS Code\bin;C:\Users\Experimental\AppData\Local\nvm;C:\nvm4w\nodejs;C:\Users\Experimental\AppData\Roaming\npm;S:\flutter\bin\mingit\cmd
USERNAME=Experimental
OS=Windows_NT
PROCESSOR_IDENTIFIER=Intel64 Family 6 Model 94 Stepping 3, GenuineIntel
TMP=C:\Users\EXPERI~1\AppData\Local\Temp
TEMP=C:\Users\EXPERI~1\AppData\Local\Temp




Periodic native trim disabled

JNI global refs:
JNI global refs: 7, weak refs: 0

JNI global refs memory usage: 835, weak refs: 833

Process memory usage:
Resident Set Size: 64488K (0% of 8054368K total physical memory with 479044K free physical memory)

OOME stack traces (most recent first):
Classloader memory used:
Loader bootstrap                                                                       : 7990K
Loader jdk.internal.loader.ClassLoaders$AppClassLoader                                 : 3369K

---------------  S Y S T E M  ---------------

OS:
 Windows 11 , 64 bit Build 22000 (10.0.22000.1516)
OS uptime: 0 days 19:37 hours

CPU: total 4 (initial active 4) (4 cores per cpu, 1 threads per core) family 6 model 94 stepping 3 microcode 0xd6, cx8, cmov, fxsr, mmx, 3dnowpref, sse, sse2, sse3, ssse3, sse4.1, sse4.2, popcnt, lzcnt, tsc, tscinvbit, avx, avx2, aes, erms, clmul, bmi1, bmi2, rtm, adx, fma, vzeroupper, clflush, clflushopt, rdtscp, f16c
Processor Information for the first 4 processors :
  Max Mhz: 2301, Current Mhz: 2301, Mhz Limit: 2301

Memory: 4k page, system-wide physical 7865M (468M free)
TotalPageFile size 22397M (AvailPageFile size 205M)
current process WorkingSet (physical memory assigned to process): 63M, peak: 63M
current process commit charge ("private bytes"): 201M, peak: 202M

vm_info: OpenJDK 64-Bit Server VM (21.0.8+-14196175-b1038.72) for windows-amd64 JRE (21.0.8+-14196175-b1038.72), built on 2025-10-01T10:24:33Z by "builder" with MS VC++ 16.10 / 16.11 (VS2019)

END.
