#
# There is insufficient memory for the Java Runtime Environment to continue.
# Native memory allocation (mmap) failed to map 65536 bytes. Error detail: Failed to commit metaspace.
# Possible reasons:
#   The system is out of physical RAM or swap space
#   This process is running with CompressedOops enabled, and the Java Heap may be blocking the growth of the native heap
# Possible solutions:
#   Reduce memory load on the system
#   Increase physical memory or swap space
#   Check if swap backing store is full
#   Decrease Java heap size (-Xmx/-Xms)
#   Decrease number of Java threads
#   Decrease Java thread stack sizes (-Xss)
#   Set larger code cache with -XX:ReservedCodeCacheSize=
#   JVM is running with Zero Based Compressed Oops mode in which the Java heap is
#     placed in the first 32GB address space. The Java Heap base address is the
#     maximum limit for the native heap growth. Please use -XX:HeapBaseMinAddress
#     to set the Java Heap base and to place the Java Heap above 32GB virtual address.
# This output file may be truncated or incomplete.
#
#  Out of Memory Error (virtualSpaceNode.cpp:113), pid=14792, tid=16708
#
# JRE version: OpenJDK Runtime Environment (21.0.8) (build 21.0.8+-14196175-b1038.72)
# Java VM: OpenJDK 64-Bit Server VM (21.0.8+-14196175-b1038.72, mixed mode, tiered, compressed oops, compressed class ptrs, g1 gc, windows-amd64)
# No core dump will be written. Minidumps are not enabled by default on client versions of Windows
#

---------------  S U M M A R Y ------------

Command Line: --add-opens=java.base/java.lang=ALL-UNNAMED --add-opens=java.base/java.lang.invoke=ALL-UNNAMED --add-opens=java.base/java.util=ALL-UNNAMED --add-opens=java.prefs/java.util.prefs=ALL-UNNAMED --add-exports=jdk.compiler/com.sun.tools.javac.api=ALL-UNNAMED --add-exports=jdk.compiler/com.sun.tools.javac.util=ALL-UNNAMED --add-opens=java.base/java.util=ALL-UNNAMED --add-opens=java.prefs/java.util.prefs=ALL-UNNAMED --add-opens=java.base/java.nio.charset=ALL-UNNAMED --add-opens=java.base/java.net=ALL-UNNAMED --add-opens=java.base/java.util.concurrent.atomic=ALL-UNNAMED --add-opens=java.xml/javax.xml.namespace=ALL-UNNAMED -XX:MaxMetaspaceSize=1024m -Xmx4096m -Dfile.encoding=UTF-8 -Duser.country=TT -Duser.language=en -Duser.variant -javaagent:S:\gradle-home\wrapper\dists\gradle-8.11.1-all\2qik7nd48slq1ooc2496ixf4i\gradle-8.11.1\lib\agents\gradle-instrumentation-agent-8.11.1.jar org.gradle.launcher.daemon.bootstrap.GradleDaemon 8.11.1

Host: Intel(R) Core(TM) i5-6300HQ CPU @ 2.30GHz, 4 cores, 7G,  Windows 11 , 64 bit Build 22000 (10.0.22000.1516)
Time: Mon Feb 23 22:51:53 2026 SA Western Standard Time elapsed time: 16017.907606 seconds (0d 4h 26m 57s)

---------------  T H R E A D  ---------------

Current thread (0x000001653ee81d80):  JavaThread "Execution worker"        [_thread_in_vm, id=16708, stack(0x0000002f1f200000,0x0000002f1f300000) (1024K)]

Stack: [0x0000002f1f200000,0x0000002f1f300000]
Native frames: (J=compiled Java code, j=interpreted, Vv=VM code, C=native code)
V  [jvm.dll+0x6d68d9]
V  [jvm.dll+0x866693]
V  [jvm.dll+0x868c4e]
V  [jvm.dll+0x869333]
V  [jvm.dll+0x280566]
V  [jvm.dll+0x86155e]
V  [jvm.dll+0x679fd5]
V  [jvm.dll+0x1e45d1]
V  [jvm.dll+0x1e439e]
V  [jvm.dll+0x67c928]
V  [jvm.dll+0x67c762]
V  [jvm.dll+0x67a9ce]
V  [jvm.dll+0x6849f7]
V  [jvm.dll+0x21633c]
V  [jvm.dll+0x216885]
V  [jvm.dll+0x217266]
V  [jvm.dll+0x20c21a]
V  [jvm.dll+0x5b72a5]
V  [jvm.dll+0x7de6a3]
V  [jvm.dll+0x7de7eb]
V  [jvm.dll+0x4725b7]
V  [jvm.dll+0x477f08]
C  [java.dll+0x17ec]

Java frames: (J=compiled Java code, j=interpreted, Vv=VM code)
J 810  java.lang.ClassLoader.defineClass1(Ljava/lang/ClassLoader;Ljava/lang/String;[BIILjava/security/ProtectionDomain;Ljava/lang/String;)Ljava/lang/Class; java.base@21.0.8 (0 bytes) @ 0x000001651c822e11 [0x000001651c822d40+0x00000000000000d1]
J 50016 c2 java.lang.ClassLoader.defineClass(Ljava/lang/String;[BIILjava/security/ProtectionDomain;)Ljava/lang/Class; java.base@21.0.8 (43 bytes) @ 0x000001651dd6ca34 [0x000001651dd6c960+0x00000000000000d4]
J 11982 c2 java.net.URLClassLoader$1.run()Ljava/lang/Class; java.base@21.0.8 (81 bytes) @ 0x000001651ce8f650 [0x000001651ce8e540+0x0000000000001110]
J 114266 c2 jdk.internal.jrtfs.JrtFileSystemProvider$JrtFsLoader.loadClass(Ljava/lang/String;Z)Ljava/lang/Class; java.base@21.0.8 (74 bytes) @ 0x000001651d6e09b4 [0x000001651d6dfc40+0x0000000000000d74]
J 4024 c2 java.lang.ClassLoader.loadClass(Ljava/lang/String;)Ljava/lang/Class; java.base@21.0.8 (7 bytes) @ 0x000001651c9ba36c [0x000001651c9ba320+0x000000000000004c]
v  ~StubRoutines::call_stub 0x000001651c22100d
j  jdk.internal.jimage.ImageReader.open(Ljava/nio/file/Path;Ljava/nio/ByteOrder;)Ljdk/internal/jimage/ImageReader;+12
j  jdk.internal.jimage.ImageReader.open(Ljava/nio/file/Path;)Ljdk/internal/jimage/ImageReader;+4
j  jdk.internal.jrtfs.SystemImage.open()Ljdk/internal/jrtfs/SystemImage;+9
j  jdk.internal.jrtfs.JrtFileSystem.<init>(Ljdk/internal/jrtfs/JrtFileSystemProvider;Ljava/util/Map;)V+24
j  jdk.internal.jrtfs.JrtFileSystemProvider.newFileSystem(Ljava/net/URI;Ljava/util/Map;)Ljava/nio/file/FileSystem;+49
j  jdk.internal.jrtfs.JrtFileSystemProvider.newFileSystem(Ljava/lang/String;Ljava/net/URI;Ljava/util/Map;)Ljava/nio/file/FileSystem;+128 java.base@21.0.8
j  jdk.internal.jrtfs.JrtFileSystemProvider.newFileSystem(Ljava/net/URI;Ljava/util/Map;)Ljava/nio/file/FileSystem;+39 java.base@21.0.8
j  java.nio.file.FileSystems.newFileSystem(Ljava/net/URI;Ljava/util/Map;Ljava/lang/ClassLoader;)Ljava/nio/file/FileSystem;+53 java.base@21.0.8
j  java.nio.file.FileSystems.newFileSystem(Ljava/net/URI;Ljava/util/Map;)Ljava/nio/file/FileSystem;+3 java.base@21.0.8
j  com.sun.tools.javac.file.Locations$SystemModulesLocationHandler.initSystemModules()V+80 jdk.compiler@21.0.8
j  com.sun.tools.javac.file.Locations$SystemModulesLocationHandler.listLocationsForModules()Ljava/lang/Iterable;+1 jdk.compiler@21.0.8
J 134439 c1 com.sun.tools.javac.file.JavacFileManager.listLocationsForModules(Ljavax/tools/JavaFileManager$Location;)Ljava/lang/Iterable; jdk.compiler@21.0.8 (14 bytes) @ 0x000001651780942c [0x0000016517809200+0x000000000000022c]
J 112597 c1 javax.tools.ForwardingJavaFileManager.listLocationsForModules(Ljavax/tools/JavaFileManager$Location;)Ljava/lang/Iterable; java.compiler@21.0.8 (11 bytes) @ 0x0000016517d388d4 [0x0000016517d387c0+0x0000000000000114]
J 112596 c1 com.sun.tools.javac.api.ClientCodeWrapper$WrappedJavaFileManager.listLocationsForModules(Ljavax/tools/JavaFileManager$Location;)Ljava/lang/Iterable; jdk.compiler@21.0.8 (24 bytes) @ 0x000001651706fdf4 [0x000001651706fce0+0x0000000000000114]
J 133559 c1 com.sun.tools.javac.code.ModuleFinder$ModuleLocationIterator.hasNext()Z jdk.compiler@21.0.8 (158 bytes) @ 0x0000016516c39974 [0x0000016516c39420+0x0000000000000554]
j  com.sun.tools.javac.code.ModuleFinder.scanModulePath(Lcom/sun/tools/javac/code/Symbol$ModuleSymbol;)Lcom/sun/tools/javac/util/List;+34 jdk.compiler@21.0.8
j  com.sun.tools.javac.code.ModuleFinder.findAllModules()Lcom/sun/tools/javac/util/List;+2 jdk.compiler@21.0.8
j  com.sun.tools.javac.comp.Modules.getUnnamedModuleCompleter()Lcom/sun/tools/javac/code/Symbol$Completer;+4 jdk.compiler@21.0.8
j  com.sun.tools.javac.comp.Modules.setCompilationUnitModules(Lcom/sun/tools/javac/util/List;Ljava/util/Set;Lcom/sun/tools/javac/code/Symbol$ClassSymbol;)V+943 jdk.compiler@21.0.8
J 151315 c1 com.sun.tools.javac.comp.Modules.enter(Lcom/sun/tools/javac/util/List;Ljava/util/function/Consumer;Lcom/sun/tools/javac/code/Symbol$ClassSymbol;)Z jdk.compiler@21.0.8 (217 bytes) @ 0x0000016517cd9c3c [0x0000016517cd9580+0x00000000000006bc]
j  com.sun.tools.javac.comp.Modules.initModules(Lcom/sun/tools/javac/util/List;)V+36 jdk.compiler@21.0.8
J 147149 c1 com.sun.tools.javac.main.JavaCompiler.compile(Ljava/util/Collection;Ljava/util/Collection;Ljava/lang/Iterable;Ljava/util/Collection;)V jdk.compiler@21.0.8 (1000 bytes) @ 0x0000016516f49374 [0x0000016516f46f20+0x0000000000002454]
j  com.sun.tools.javac.api.JavacTaskImpl.lambda$doCall$0()Lcom/sun/tools/javac/main/Main$Result;+45 jdk.compiler@21.0.8
j  com.sun.tools.javac.api.JavacTaskImpl$$Lambda+0x0000000801630940.call()Ljava/lang/Object;+4 jdk.compiler@21.0.8
j  com.sun.tools.javac.api.JavacTaskImpl.invocationHelper(Ljava/util/concurrent/Callable;)Lcom/sun/tools/javac/util/Pair;+20 jdk.compiler@21.0.8
j  com.sun.tools.javac.api.JavacTaskImpl.doCall()Lcom/sun/tools/javac/main/Main$Result;+7 jdk.compiler@21.0.8
j  com.sun.tools.javac.api.JavacTaskImpl.call()Ljava/lang/Boolean;+1 jdk.compiler@21.0.8
j  org.gradle.internal.compiler.java.IncrementalCompileTask.call()Ljava/lang/Boolean;+59
j  org.gradle.api.internal.tasks.compile.AnnotationProcessingCompileTask.call()Ljava/lang/Boolean;+30
j  org.gradle.api.internal.tasks.compile.ResourceCleaningCompilationTask.call()Ljava/lang/Boolean;+4
j  org.gradle.api.internal.tasks.compile.JdkJavaCompiler.execute(Lorg/gradle/api/internal/tasks/compile/JavaCompileSpec;)Lorg/gradle/api/tasks/WorkResult;+53
j  org.gradle.api.internal.tasks.compile.JdkJavaCompiler.execute(Lorg/gradle/language/base/internal/compile/CompileSpec;)Lorg/gradle/api/tasks/WorkResult;+5
j  org.gradle.api.internal.tasks.compile.NormalizingJavaCompiler.delegateAndHandleErrors(Lorg/gradle/api/internal/tasks/compile/JavaCompileSpec;)Lorg/gradle/api/tasks/WorkResult;+5
j  org.gradle.api.internal.tasks.compile.NormalizingJavaCompiler.execute(Lorg/gradle/api/internal/tasks/compile/JavaCompileSpec;)Lorg/gradle/api/tasks/WorkResult;+22
j  org.gradle.api.internal.tasks.compile.NormalizingJavaCompiler.execute(Lorg/gradle/language/base/internal/compile/CompileSpec;)Lorg/gradle/api/tasks/WorkResult;+5
j  org.gradle.api.internal.tasks.compile.AnnotationProcessorDiscoveringCompiler.execute(Lorg/gradle/api/internal/tasks/compile/JavaCompileSpec;)Lorg/gradle/api/tasks/WorkResult;+18
j  org.gradle.api.internal.tasks.compile.AnnotationProcessorDiscoveringCompiler.execute(Lorg/gradle/language/base/internal/compile/CompileSpec;)Lorg/gradle/api/tasks/WorkResult;+5
j  org.gradle.api.internal.tasks.compile.ModuleApplicationNameWritingCompiler.execute(Lorg/gradle/api/internal/tasks/compile/JavaCompileSpec;)Lorg/gradle/api/tasks/WorkResult;+5
j  org.gradle.api.internal.tasks.compile.ModuleApplicationNameWritingCompiler.execute(Lorg/gradle/language/base/internal/compile/CompileSpec;)Lorg/gradle/api/tasks/WorkResult;+5
j  org.gradle.jvm.toolchain.internal.DefaultToolchainJavaCompiler.execute(Lorg/gradle/language/base/internal/compile/CompileSpec;)Lorg/gradle/api/tasks/WorkResult;+33
j  org.gradle.api.tasks.compile.JavaCompile.lambda$createToolchainCompiler$3(Lorg/gradle/language/base/internal/compile/CompileSpec;)Lorg/gradle/api/tasks/WorkResult;+15
j  org.gradle.api.tasks.compile.JavaCompile$$Lambda+0x00000008015320b0.execute(Lorg/gradle/language/base/internal/compile/CompileSpec;)Lorg/gradle/api/tasks/WorkResult;+5
j  org.gradle.api.internal.tasks.compile.CleaningJavaCompiler.execute(Lorg/gradle/api/internal/tasks/compile/JavaCompileSpec;)Lorg/gradle/api/tasks/WorkResult;+72
j  org.gradle.api.internal.tasks.compile.incremental.IncrementalCompilerFactory.lambda$createRebuildAllCompiler$0(Lorg/gradle/api/file/FileTree;Lorg/gradle/api/internal/tasks/compile/CleaningJavaCompiler;Lorg/gradle/api/internal/tasks/compile/JavaCompileSpec;)Lorg/gradle/api/tasks/WorkResult;+9
j  org.gradle.api.internal.tasks.compile.incremental.IncrementalCompilerFactory$$Lambda+0x00000008015333e0.execute(Lorg/gradle/language/base/internal/compile/CompileSpec;)Lorg/gradle/api/tasks/WorkResult;+12
j  org.gradle.api.internal.tasks.compile.incremental.SelectiveCompiler.execute(Lorg/gradle/api/internal/tasks/compile/JavaCompileSpec;)Lorg/gradle/api/tasks/WorkResult;+27
j  org.gradle.api.internal.tasks.compile.incremental.SelectiveCompiler.execute(Lorg/gradle/language/base/internal/compile/CompileSpec;)Lorg/gradle/api/tasks/WorkResult;+5
j  org.gradle.api.internal.tasks.compile.incremental.IncrementalResultStoringCompiler.execute(Lorg/gradle/api/internal/tasks/compile/JavaCompileSpec;)Lorg/gradle/api/tasks/WorkResult;+5
j  org.gradle.api.internal.tasks.compile.incremental.IncrementalResultStoringCompiler.execute(Lorg/gradle/language/base/internal/compile/CompileSpec;)Lorg/gradle/api/tasks/WorkResult;+5
j  org.gradle.api.internal.tasks.compile.CompileJavaBuildOperationReportingCompiler$1.call(Lorg/gradle/internal/operations/BuildOperationContext;)Lorg/gradle/api/tasks/WorkResult;+11
j  org.gradle.api.internal.tasks.compile.CompileJavaBuildOperationReportingCompiler$1.call(Lorg/gradle/internal/operations/BuildOperationContext;)Ljava/lang/Object;+2
J 13564 c2 org.gradle.internal.operations.DefaultBuildOperationRunner$CallableBuildOperationWorker.execute(Lorg/gradle/internal/operations/BuildOperation;Lorg/gradle/internal/operations/BuildOperationContext;)V (10 bytes) @ 0x000001651ce02520 [0x000001651ce024a0+0x0000000000000080]
J 51510 c2 org.gradle.internal.operations.DefaultBuildOperationRunner$2.execute(Lorg/gradle/internal/operations/BuildOperationDescriptor;Lorg/gradle/internal/operations/BuildOperationState;Lorg/gradle/internal/operations/BuildOperationState;Lorg/gradle/internal/operations/DefaultBuildOperationRunner$ReadableBuildOperationContext;Lorg/gradle/internal/operations/DefaultBuildOperationRunner$BuildOperationExecutionListener;)Lorg/gradle/internal/operations/BuildOperation; (110 bytes) @ 0x000001651d79d5c8 [0x000001651d79d500+0x00000000000000c8]
J 67337 c2 org.gradle.internal.operations.DefaultBuildOperationRunner.execute(Lorg/gradle/internal/operations/BuildOperationDescriptor$Builder;Lorg/gradle/internal/operations/BuildOperationState;Lorg/gradle/internal/operations/DefaultBuildOperationRunner$BuildOperationExecution;)Ljava/lang/Object; (147 bytes) @ 0x000001651eb8b294 [0x000001651eb8aa60+0x0000000000000834]
J 23646 c2 org.gradle.internal.operations.DefaultBuildOperationRunner.execute(Lorg/gradle/internal/operations/BuildOperation;Lorg/gradle/internal/operations/BuildOperationWorker;Lorg/gradle/internal/operations/BuildOperationState;)V (23 bytes) @ 0x000001651d967b20 [0x000001651d967a40+0x00000000000000e0]
J 13571 c2 org.gradle.internal.operations.DefaultBuildOperationRunner.call(Lorg/gradle/internal/operations/CallableBuildOperation;)Ljava/lang/Object; (24 bytes) @ 0x000001651cd50b30 [0x000001651cd509e0+0x0000000000000150]
j  org.gradle.api.internal.tasks.compile.CompileJavaBuildOperationReportingCompiler.execute(Lorg/gradle/api/internal/tasks/compile/JavaCompileSpec;)Lorg/gradle/api/tasks/WorkResult;+13
j  org.gradle.api.tasks.compile.JavaCompile.performCompilation(Lorg/gradle/api/internal/tasks/compile/JavaCompileSpec;Lorg/gradle/language/base/internal/compile/Compiler;)V+24
j  org.gradle.api.tasks.compile.JavaCompile.performIncrementalCompilation(Lorg/gradle/work/InputChanges;Lorg/gradle/api/internal/tasks/compile/DefaultJavaCompileSpec;)V+87
j  org.gradle.api.tasks.compile.JavaCompile.compile(Lorg/gradle/work/InputChanges;)V+26
J 64406 c2 java.lang.invoke.DirectMethodHandle$Holder.invokeVirtual(Ljava/lang/Object;Ljava/lang/Object;Ljava/lang/Object;)V java.base@21.0.8 (15 bytes) @ 0x000001651d9e8ee0 [0x000001651d9e8ea0+0x0000000000000040]
j  java.lang.invoke.LambdaForm$MH+0x0000000801c44000.invoke(Ljava/lang/Object;Ljava/lang/Object;Ljava/lang/Object;)Ljava/lang/Object;+59 java.base@21.0.8
J 18641 c2 org.gradle.internal.reflect.JavaMethod.invoke(Ljava/lang/Object;[Ljava/lang/Object;)Ljava/lang/Object; (74 bytes) @ 0x000001651d52e0c0 [0x000001651d52d960+0x0000000000000760]
J 147588 c2 org.gradle.api.internal.project.taskfactory.StandardTaskAction.execute(Lorg/gradle/api/Task;)V (56 bytes) @ 0x000001651dbe4f74 [0x000001651dbe4d40+0x0000000000000234]
J 147662 c2 org.gradle.api.internal.project.taskfactory.StandardTaskAction.execute(Ljava/lang/Object;)V (9 bytes) @ 0x000001651d330d38 [0x000001651d330ca0+0x0000000000000098]
J 145225 c2 org.gradle.api.internal.tasks.execution.TaskExecution$3.run(Lorg/gradle/internal/operations/BuildOperationContext;)V (247 bytes) @ 0x000001651c8a1f1c [0x000001651c8a1dc0+0x000000000000015c]
J 15127 c2 org.gradle.internal.operations.DefaultBuildOperationRunner$1.execute(Lorg/gradle/internal/operations/BuildOperation;Lorg/gradle/internal/operations/BuildOperationContext;)V (10 bytes) @ 0x000001651d0f3694 [0x000001651d0f3620+0x0000000000000074]
J 51510 c2 org.gradle.internal.operations.DefaultBuildOperationRunner$2.execute(Lorg/gradle/internal/operations/BuildOperationDescriptor;Lorg/gradle/internal/operations/BuildOperationState;Lorg/gradle/internal/operations/BuildOperationState;Lorg/gradle/internal/operations/DefaultBuildOperationRunner$ReadableBuildOperationContext;Lorg/gradle/internal/operations/DefaultBuildOperationRunner$BuildOperationExecutionListener;)Lorg/gradle/internal/operations/BuildOperation; (110 bytes) @ 0x000001651d79d5c8 [0x000001651d79d500+0x00000000000000c8]
J 67337 c2 org.gradle.internal.operations.DefaultBuildOperationRunner.execute(Lorg/gradle/internal/operations/BuildOperationDescriptor$Builder;Lorg/gradle/internal/operations/BuildOperationState;Lorg/gradle/internal/operations/DefaultBuildOperationRunner$BuildOperationExecution;)Ljava/lang/Object; (147 bytes) @ 0x000001651eb8b294 [0x000001651eb8aa60+0x0000000000000834]
J 150314 c2 org.gradle.api.internal.tasks.execution.TaskExecution.execute(Lorg/gradle/internal/execution/UnitOfWork$ExecutionRequest;)Lorg/gradle/internal/execution/UnitOfWork$WorkOutput; (110 bytes) @ 0x0000016520587cd4 [0x0000016520586fe0+0x0000000000000cf4]
J 29180 c1 org.gradle.internal.execution.steps.ExecuteStep.executeInternal(Lorg/gradle/internal/execution/UnitOfWork;Lorg/gradle/internal/execution/steps/InputChangesContext;)Lorg/gradle/internal/execution/steps/Result; (78 bytes) @ 0x0000016517df105c [0x0000016517df0be0+0x000000000000047c]
J 25260 c1 org.gradle.internal.execution.steps.ExecuteStep$1.call(Lorg/gradle/internal/operations/BuildOperationContext;)Ljava/lang/Object; (6 bytes) @ 0x00000165177e6ffc [0x00000165177e6ee0+0x000000000000011c]
J 13564 c2 org.gradle.internal.operations.DefaultBuildOperationRunner$CallableBuildOperationWorker.execute(Lorg/gradle/internal/operations/BuildOperation;Lorg/gradle/internal/operations/BuildOperationContext;)V (10 bytes) @ 0x000001651ce02520 [0x000001651ce024a0+0x0000000000000080]
J 51510 c2 org.gradle.internal.operations.DefaultBuildOperationRunner$2.execute(Lorg/gradle/internal/operations/BuildOperationDescriptor;Lorg/gradle/internal/operations/BuildOperationState;Lorg/gradle/internal/operations/BuildOperationState;Lorg/gradle/internal/operations/DefaultBuildOperationRunner$ReadableBuildOperationContext;Lorg/gradle/internal/operations/DefaultBuildOperationRunner$BuildOperationExecutionListener;)Lorg/gradle/internal/operations/BuildOperation; (110 bytes) @ 0x000001651d79d5c8 [0x000001651d79d500+0x00000000000000c8]
J 67337 c2 org.gradle.internal.operations.DefaultBuildOperationRunner.execute(Lorg/gradle/internal/operations/BuildOperationDescriptor$Builder;Lorg/gradle/internal/operations/BuildOperationState;Lorg/gradle/internal/operations/DefaultBuildOperationRunner$BuildOperationExecution;)Ljava/lang/Object; (147 bytes) @ 0x000001651eb8b294 [0x000001651eb8aa60+0x0000000000000834]
J 147521 c2 org.gradle.internal.execution.steps.PreCreateOutputParentsStep.execute(Lorg/gradle/internal/execution/UnitOfWork;Lorg/gradle/internal/execution/steps/ChangingOutputsContext;)Lorg/gradle/internal/execution/steps/Result; (30 bytes) @ 0x00000165201298c4 [0x0000016520128b00+0x0000000000000dc4]
J 147522 c2 org.gradle.internal.execution.steps.CaptureOutputsAfterExecutionStep.execute(Lorg/gradle/internal/execution/UnitOfWork;Lorg/gradle/internal/execution/steps/WorkspaceContext;)Lorg/gradle/internal/execution/steps/AfterExecutionResult; (56 bytes) @ 0x00000165201505c8 [0x000001652014f980+0x0000000000000c48]
J 151335 c2 org.gradle.internal.execution.steps.BuildCacheStep.executeWithoutCache(Lorg/gradle/internal/execution/UnitOfWork;Lorg/gradle/internal/execution/steps/WorkspaceContext;)Lorg/gradle/internal/execution/steps/AfterExecutionResult; (15 bytes) @ 0x00000165205c4140 [0x00000165205c3920+0x0000000000000820]
J 139375 c2 org.gradle.internal.execution.steps.ResolveIncrementalCachingStateStep.executeDelegate(Lorg/gradle/internal/execution/UnitOfWork;Lorg/gradle/internal/execution/steps/IncrementalChangesContext;Lorg/gradle/internal/execution/caching/CachingState;)Lorg/gradle/internal/execution/steps/UpToDateResult; (23 bytes) @ 0x000001651fbdef74 [0x000001651fbdd4c0+0x0000000000001ab4]
J 150365 c2 org.gradle.internal.execution.steps.ResolveIncrementalCachingStateStep.executeDelegate(Lorg/gradle/internal/execution/UnitOfWork;Lorg/gradle/internal/execution/steps/ValidationFinishedContext;Lorg/gradle/internal/execution/caching/CachingState;)Lorg/gradle/internal/execution/steps/UpToDateResult; (11 bytes) @ 0x000001651f5727f0 [0x000001651f5727a0+0x0000000000000050]
J 144732 c2 org.gradle.internal.execution.steps.AbstractResolveCachingStateStep.execute(Lorg/gradle/internal/execution/UnitOfWork;Lorg/gradle/internal/execution/steps/ValidationFinishedContext;)Lorg/gradle/internal/execution/steps/CachingResult; (67 bytes) @ 0x000001651fd5b3d4 [0x000001651fd59c00+0x00000000000017d4]
J 150573 c2 org.gradle.internal.execution.steps.ResolveChangesStep.execute(Lorg/gradle/internal/execution/UnitOfWork;Lorg/gradle/internal/execution/steps/Context;)Lorg/gradle/internal/execution/steps/Result; (10 bytes) @ 0x000001651faed7c0 [0x000001651faed2e0+0x00000000000004e0]
J 137375 c2 org.gradle.internal.execution.steps.AbstractCaptureStateBeforeExecutionStep.execute(Lorg/gradle/internal/execution/UnitOfWork;Lorg/gradle/internal/execution/steps/Context;)Lorg/gradle/internal/execution/steps/Result; (10 bytes) @ 0x000001651fbe9bc4 [0x000001651fbe7c80+0x0000000000001f44]
J 144781 c2 org.gradle.internal.execution.steps.AbstractSkipEmptyWorkStep.execute(Lorg/gradle/internal/execution/UnitOfWork;Lorg/gradle/internal/execution/steps/WorkspaceContext;)Lorg/gradle/internal/execution/steps/CachingResult; (87 bytes) @ 0x000001651fdc2fe0 [0x000001651fdc2560+0x0000000000000a80]
J 150372 c2 org.gradle.internal.execution.steps.legacy.MarkSnapshottingInputsStartedStep.execute(Lorg/gradle/internal/execution/UnitOfWork;Lorg/gradle/internal/execution/steps/Context;)Lorg/gradle/internal/execution/steps/Result; (37 bytes) @ 0x00000165201ccadc [0x00000165201cca20+0x00000000000000bc]
J 135558 c2 org.gradle.internal.execution.steps.AssignMutableWorkspaceStep.execute(Lorg/gradle/internal/execution/UnitOfWork;Lorg/gradle/internal/execution/steps/IdentityContext;)Lorg/gradle/internal/execution/steps/WorkspaceResult; (35 bytes) @ 0x000001651e364e40 [0x000001651e3640a0+0x0000000000000da0]
J 135589 c2 org.gradle.internal.execution.steps.AssignMutableWorkspaceStep.execute(Lorg/gradle/internal/execution/UnitOfWork;Lorg/gradle/internal/execution/steps/Context;)Lorg/gradle/internal/execution/steps/Result; (10 bytes) @ 0x000001651d23a5f0 [0x000001651d23a5a0+0x0000000000000050]
J 113207 c2 org.gradle.internal.execution.steps.ChoosePipelineStep.execute(Lorg/gradle/internal/execution/UnitOfWork;Lorg/gradle/internal/execution/steps/Context;)Lorg/gradle/internal/execution/steps/Result; (10 bytes) @ 0x000001651f7a8280 [0x000001651f7a5fa0+0x00000000000022e0]
J 136932 c2 org.gradle.internal.execution.steps.ExecuteWorkBuildOperationFiringStep.lambda$execute$2(Lorg/gradle/internal/execution/UnitOfWork;Lorg/gradle/internal/execution/steps/IdentityContext;)Lorg/gradle/internal/execution/steps/CachingResult; (15 bytes) @ 0x000001651dc2de18 [0x000001651dc2ddc0+0x0000000000000058]
J 23433 c2 org.gradle.internal.execution.steps.ExecuteWorkBuildOperationFiringStep.execute(Lorg/gradle/internal/execution/UnitOfWork;Lorg/gradle/internal/execution/steps/Context;)Lorg/gradle/internal/execution/steps/Result; (10 bytes) @ 0x000001651d945c9c [0x000001651d944f60+0x0000000000000d3c]
J 136944 c2 org.gradle.api.internal.tasks.execution.ExecuteActionsTaskExecuter.executeIfValid(Lorg/gradle/api/internal/TaskInternal;Lorg/gradle/api/internal/tasks/TaskStateInternal;Lorg/gradle/api/internal/tasks/TaskExecutionContext;Lorg/gradle/api/internal/tasks/execution/TaskExecution;)Lorg/gradle/api/internal/tasks/TaskExecuterResult; (95 bytes) @ 0x000001651fd33dbc [0x000001651fd33540+0x000000000000087c]
J 37756 c2 org.gradle.api.internal.tasks.execution.FinalizePropertiesTaskExecuter.execute(Lorg/gradle/api/internal/TaskInternal;Lorg/gradle/api/internal/tasks/TaskStateInternal;Lorg/gradle/api/internal/tasks/TaskExecutionContext;)Lorg/gradle/api/internal/tasks/TaskExecuterResult; (168 bytes) @ 0x000001651cf49000 [0x000001651cf48b00+0x0000000000000500]
J 136943 c2 org.gradle.api.internal.tasks.execution.ResolveTaskExecutionModeExecuter.execute(Lorg/gradle/api/internal/TaskInternal;Lorg/gradle/api/internal/tasks/TaskStateInternal;Lorg/gradle/api/internal/tasks/TaskExecutionContext;)Lorg/gradle/api/internal/tasks/TaskExecuterResult; (107 bytes) @ 0x000001651f5a9a28 [0x000001651f5a96a0+0x0000000000000388]
J 137169 c2 org.gradle.api.internal.tasks.execution.SkipTaskWithNoActionsExecuter.execute(Lorg/gradle/api/internal/TaskInternal;Lorg/gradle/api/internal/tasks/TaskStateInternal;Lorg/gradle/api/internal/tasks/TaskExecutionContext;)Lorg/gradle/api/internal/tasks/TaskExecuterResult; (126 bytes) @ 0x000001651e44b7e8 [0x000001651e44b720+0x00000000000000c8]
J 137234 c2 org.gradle.api.internal.tasks.execution.CatchExceptionTaskExecuter.execute(Lorg/gradle/api/internal/TaskInternal;Lorg/gradle/api/internal/tasks/TaskStateInternal;Lorg/gradle/api/internal/tasks/TaskExecutionContext;)Lorg/gradle/api/internal/tasks/TaskExecuterResult; (33 bytes) @ 0x000001651cf0deb8 [0x000001651cf0dd40+0x0000000000000178]
J 150553 c2 org.gradle.api.internal.tasks.execution.EventFiringTaskExecuter$1.call(Lorg/gradle/internal/operations/BuildOperationContext;)Ljava/lang/Object; (6 bytes) @ 0x00000165203f1f20 [0x00000165203f1b40+0x00000000000003e0]
J 13564 c2 org.gradle.internal.operations.DefaultBuildOperationRunner$CallableBuildOperationWorker.execute(Lorg/gradle/internal/operations/BuildOperation;Lorg/gradle/internal/operations/BuildOperationContext;)V (10 bytes) @ 0x000001651ce02520 [0x000001651ce024a0+0x0000000000000080]
J 51510 c2 org.gradle.internal.operations.DefaultBuildOperationRunner$2.execute(Lorg/gradle/internal/operations/BuildOperationDescriptor;Lorg/gradle/internal/operations/BuildOperationState;Lorg/gradle/internal/operations/BuildOperationState;Lorg/gradle/internal/operations/DefaultBuildOperationRunner$ReadableBuildOperationContext;Lorg/gradle/internal/operations/DefaultBuildOperationRunner$BuildOperationExecutionListener;)Lorg/gradle/internal/operations/BuildOperation; (110 bytes) @ 0x000001651d79d5c8 [0x000001651d79d500+0x00000000000000c8]
J 67337 c2 org.gradle.internal.operations.DefaultBuildOperationRunner.execute(Lorg/gradle/internal/operations/BuildOperationDescriptor$Builder;Lorg/gradle/internal/operations/BuildOperationState;Lorg/gradle/internal/operations/DefaultBuildOperationRunner$BuildOperationExecution;)Ljava/lang/Object; (147 bytes) @ 0x000001651eb8b294 [0x000001651eb8aa60+0x0000000000000834]
J 23646 c2 org.gradle.internal.operations.DefaultBuildOperationRunner.execute(Lorg/gradle/internal/operations/BuildOperation;Lorg/gradle/internal/operations/BuildOperationWorker;Lorg/gradle/internal/operations/BuildOperationState;)V (23 bytes) @ 0x000001651d967b20 [0x000001651d967a40+0x00000000000000e0]
J 13571 c2 org.gradle.internal.operations.DefaultBuildOperationRunner.call(Lorg/gradle/internal/operations/CallableBuildOperation;)Ljava/lang/Object; (24 bytes) @ 0x000001651cd50b30 [0x000001651cd509e0+0x0000000000000150]
J 72526 c2 org.gradle.internal.operations.CurrentBuildOperationRef.with(Lorg/gradle/internal/operations/BuildOperationRef;Ljava/lang/Runnable;)V (35 bytes) @ 0x000001651ceba81c [0x000001651ceb9a40+0x0000000000000ddc]
J 90350 c2 org.gradle.execution.plan.DefaultPlanExecutor$ExecutorWorker.execute(Ljava/lang/Object;Lorg/gradle/execution/plan/WorkSource;Lorg/gradle/api/Action;)V (88 bytes) @ 0x000001651f394150 [0x000001651f394040+0x0000000000000110]
j  org.gradle.execution.plan.DefaultPlanExecutor$ExecutorWorker.run()V+75
J 63646 c2 org.gradle.internal.concurrent.AbstractManagedExecutor$1.run()V (57 bytes) @ 0x000001651df8c3f4 [0x000001651df8c0c0+0x0000000000000334]
J 63249 c1 java.util.concurrent.ThreadPoolExecutor.runWorker(Ljava/util/concurrent/ThreadPoolExecutor$Worker;)V java.base@21.0.8 (187 bytes) @ 0x00000165188762d4 [0x0000016518875940+0x0000000000000994]
J 100565 c1 java.util.concurrent.ThreadPoolExecutor$Worker.run()V java.base@21.0.8 (9 bytes) @ 0x0000016519280154 [0x00000165192800c0+0x0000000000000094]
J 80075 c1 java.lang.Thread.run()V java.base@21.0.8 (23 bytes) @ 0x00000165192cd8f4 [0x00000165192cd6e0+0x0000000000000214]
v  ~StubRoutines::call_stub 0x000001651c22100d

Compiled method (n/a) 16018172  810     n 0       java.lang.ClassLoader::defineClass1 (native)
 total in heap  [0x000001651c822b90,0x000001651c8231f0] = 1632
 relocation     [0x000001651c822cf0,0x000001651c822d28] = 56
 main code      [0x000001651c822d40,0x000001651c8231ef] = 1199
 stub code      [0x000001651c8231ef,0x000001651c8231f0] = 1

[Constant Pool (empty)]

[MachCode]
[Entry Point]
  # {method} {0x000001652c025088} 'defineClass1' '(Ljava/lang/ClassLoader;Ljava/lang/String;[BIILjava/security/ProtectionDomain;Ljava/lang/String;)Ljava/lang/Class;' in 'java/lang/ClassLoader'
  # parm0:    rdx:rdx   = 'java/lang/ClassLoader'
  # parm1:    r8:r8     = 'java/lang/String'
  # parm2:    r9:r9     = '[B'
  # parm3:    rdi       = int
  # parm4:    rsi       = int
  # parm5:    rcx:rcx   = 'java/security/ProtectionDomain'
  # parm6:    [sp+0xa0]   = 'java/lang/String'  (sp of caller)
  0x000001651c822d40: 448b 5208 | 49bb 0000 | 0000 0800 | 0000 4d03 | d349 3bc2 | 0f84 0600 

  0x000001651c822d58: ;   {runtime_call ic_miss_stub}
  0x000001651c822d58: 0000 e921 | baa4 ff90 
[Verified Entry Point]
  0x000001651c822d60: 8984 2400 | 80ff ff55 | 488b ec48 | 81ec 9000 | 0000 6690 | 4181 7f20 | 6400 0000 

  0x000001651c822d7c: ;   {runtime_call StubRoutines (final stubs)}
  0x000001651c822d7c: 7405 e8dd | 6da3 ff48 | 837d 1000 | 488d 4510 | 480f 4445 | 1048 8944 | 2440 4889 | 4c24 7048 
  0x000001651c822d9c: 83f9 0048 | 8d44 2470 | 480f 4444 | 2470 4889 | 4424 3848 | 8974 2430 | 4889 7c24 | 284c 894c 
  0x000001651c822dbc: 2458 4983 | f900 488d | 4424 5848 | 0f44 4424 | 5848 8944 | 2420 4c89 | 4424 5049 | 83f8 004c 
  0x000001651c822ddc: 8d4c 2450 | 4c0f 444c | 2450 4889 | 5424 4848 | 83fa 004c | 8d44 2448 | 4c0f 4444 

  0x000001651c822df8: ;   {oop(a 'java/lang/Class'{0x0000000700633340} = 'java/lang/ClassLoader')}
  0x000001651c822df8: 2448 49be | 4033 6300 | 0700 0000 | 4c89 7424 | 784c 8d74 | 2478 498b | d6c5 f877 

  0x000001651c822e14: ;   {internal_word}
  0x000001651c822e14: 49ba 112e | 821c 6501 | 0000 4d89 | 97a0 0300 | 0049 89a7 | 9803 0000 

  0x000001651c822e2c: ;   {external_word}
  0x000001651c822e2c: 49ba 18fa | d70b f97f | 0000 4180 | 3a00 0f84 | 4e00 0000 | 5241 5041 

  0x000001651c822e44: ;   {metadata({method} {0x000001652c025088} 'defineClass1' '(Ljava/lang/ClassLoader;Ljava/lang/String;[BIILjava/security/ProtectionDomain;Ljava/lang/String;)Ljava/lang/Class;' in 'java/lang/ClassLoader')}
  0x000001651c822e44: 5148 ba80 | 5002 2c65 | 0100 0049 | 8bcf 4883 | ec20 40f6 | c40f 0f84 | 1900 0000 | 4883 ec08 
  0x000001651c822e64: ;   {runtime_call}
  0x000001651c822e64: 48b8 90d7 | 910b f97f | 0000 ffd0 | 4883 c408 | e90c 0000 

  0x000001651c822e78: ;   {runtime_call}
  0x000001651c822e78: 0048 b890 | d791 0bf9 | 7f00 00ff | d048 83c4 | 2041 5941 | 585a 498d | 8fb8 0300 | 0041 c787 
  0x000001651c822e98: 4404 0000 | 0400 0000 

  0x000001651c822ea0: ;   {runtime_call}
  0x000001651c822ea0: 48b8 ac16 | 0648 f97f | 0000 ffd0 | c5f8 7741 | c787 4404 | 0000 0500 | 0000 f083 | 4424 c000 
  0x000001651c822ec0: 493b af48 | 0400 000f | 870e 0000 | 0041 83bf | 4004 0000 | 000f 842b | 0000 00c5 | f877 4889 
  0x000001651c822ee0: 45f8 498b | cf4c 8be4 | 4883 ec20 | 4883 e4f0 

  0x000001651c822ef0: ;   {runtime_call}
  0x000001651c822ef0: 48b8 2014 | 5d0b f97f | 0000 ffd0 | 498b e44d | 33e4 488b | 45f8 41c7 | 8744 0400 | 0008 0000 
  0x000001651c822f10: 0041 83bf | c004 0000 | 020f 84a3 

  0x000001651c822f1c: ;   {external_word}
  0x000001651c822f1c: 0200 0049 | ba18 fad7 | 0bf9 7f00 | 0041 803a | 000f 844c | 0000 0048 

  0x000001651c822f34: ;   {metadata({method} {0x000001652c025088} 'defineClass1' '(Ljava/lang/ClassLoader;Ljava/lang/String;[BIILjava/security/ProtectionDomain;Ljava/lang/String;)Ljava/lang/Class;' in 'java/lang/ClassLoader')}
  0x000001651c822f34: 8945 f848 | ba80 5002 | 2c65 0100 | 0049 8bcf | 4883 ec20 | 40f6 c40f | 0f84 1900 | 0000 4883 
  0x000001651c822f54: ;   {runtime_call}
  0x000001651c822f54: ec08 48b8 | 90d7 910b | f97f 0000 | ffd0 4883 | c408 e90c 

  0x000001651c822f68: ;   {runtime_call}
  0x000001651c822f68: 0000 0048 | b890 d791 | 0bf9 7f00 | 00ff d048 | 83c4 2048 | 8b45 f849 | c787 9803 | 0000 0000 
  0x000001651c822f88: 0000 49c7 | 87a0 0300 | 0000 0000 | 00c5 f877 | 4885 c00f | 84fe 0100 | 00a8 030f | 8508 0000 
  0x000001651c822fa8: 0048 8b00 | e9ee 0100 | 00a8 010f | 8509 0000 | 0048 8b40 | fee9 dd01 | 0000 488b | 40ff 4180 
  0x000001651c822fc8: 7f40 000f | 84ce 0100 | 0048 83f8 | 000f 84c4 | 0100 0049 | 8b4f 2848 | 83f9 000f | 8414 0000 
  0x000001651c822fe8: 0048 83e9 | 0849 894f | 2849 034f | 3848 8901 | e9a2 0100 | 0048 81ec | d000 0000 | 4889 0424 
  0x000001651c823008: 4889 4c24 | 0848 8954 | 2410 4889 | 7424 1848 | 897c 2420 | 4c89 4424 | 284c 894c | 2430 4c89 
  0x000001651c823028: 5424 384c | 895c 2440 | c5fb 1144 | 2450 c5fb | 114c 2458 | c5fb 1154 | 2460 c5fb | 115c 2468 
  0x000001651c823048: c5fb 1164 | 2470 c5fb | 116c 2478 | c5fb 11b4 | 2480 0000 | 00c5 fb11 | bc24 8800 | 0000 c57b 
  0x000001651c823068: ;   {no_reloc}
  0x000001651c823068: 1184 2490 | 0000 00c5 | 7b11 8c24 | 9800 0000 | c57b 1194 | 24a0 0000 | 00c5 7b11 | 9c24 a800 
  0x000001651c823088: 0000 c57b | 11a4 24b0 | 0000 00c5 | 7b11 ac24 | b800 0000 | c57b 11b4 | 24c0 0000 | 00c5 7b11 
  0x000001651c8230a8: bc24 c800 | 0000 498b | d748 8bc8 | 4883 ec20 | 40f6 c40f | 0f84 1900 | 0000 4883 

  0x000001651c8230c4: ;   {runtime_call}
  0x000001651c8230c4: ec08 48b8 | 1022 500b | f97f 0000 | ffd0 4883 | c408 e90c 

  0x000001651c8230d8: ;   {runtime_call}
  0x000001651c8230d8: 0000 0048 | b810 2250 | 0bf9 7f00 | 00ff d048 | 83c4 20c5 | 7b10 bc24 | c800 0000 | c57b 10b4 
  0x000001651c8230f8: 24c0 0000 | 00c5 7b10 | ac24 b800 | 0000 c57b | 10a4 24b0 | 0000 00c5 | 7b10 9c24 | a800 0000 
  0x000001651c823118: c57b 1094 | 24a0 0000 | 00c5 7b10 | 8c24 9800 | 0000 c57b | 1084 2490 | 0000 00c5 | fb10 bc24 
  0x000001651c823138: 8800 0000 | c5fb 10b4 | 2480 0000 | 00c5 fb10 | 6c24 78c5 | fb10 6424 | 70c5 fb10 | 5c24 68c5 
  0x000001651c823158: fb10 5424 | 60c5 fb10 | 4c24 58c5 | fb10 4424 | 504c 8b5c | 2440 4c8b | 5424 384c | 8b4c 2430 
  0x000001651c823178: 4c8b 4424 | 2848 8b7c | 2420 488b | 7424 1848 | 8b54 2410 | 488b 4c24 | 0848 8b04 | 2448 81c4 
  0x000001651c823198: d000 0000 | c5f8 7749 | 8b8f 2804 | 0000 c781 | 0001 0000 | 0000 0000 | c949 837f | 0800 0f85 
  0x000001651c8231b8: 0100 0000 

  0x000001651c8231bc: ;   {runtime_call StubRoutines (initial stubs)}
  0x000001651c8231bc: c3e9 3edd | 9fff c5f8 | 7748 8945 | f84c 8be4 | 4883 ec20 | 4883 e4f0 

  0x000001651c8231d4: ;   {runtime_call}
  0x000001651c8231d4: 48b8 e00e | 920b f97f | 0000 ffd0 | 498b e44d | 33e4 488b | 45f8 e930 | fdff fff4 
[/MachCode]


Compiled method (c2) 16018189 50016       4       java.lang.ClassLoader::defineClass (43 bytes)
 total in heap  [0x000001651dd6c790,0x000001651dd6cd38] = 1448
 relocation     [0x000001651dd6c8f0,0x000001651dd6c948] = 88
 main code      [0x000001651dd6c960,0x000001651dd6cae0] = 384
 stub code      [0x000001651dd6cae0,0x000001651dd6cb30] = 80
 metadata       [0x000001651dd6cb30,0x000001651dd6cb70] = 64
 scopes data    [0x000001651dd6cb70,0x000001651dd6cc30] = 192
 scopes pcs     [0x000001651dd6cc30,0x000001651dd6ccb0] = 128
 dependencies   [0x000001651dd6ccb0,0x000001651dd6ccc8] = 24
 handler table  [0x000001651dd6ccc8,0x000001651dd6cd28] = 96
 nul chk table  [0x000001651dd6cd28,0x000001651dd6cd38] = 16

[Constant Pool (empty)]

[MachCode]
[Entry Point]
  # {method} {0x000001652c024ea8} 'defineClass' '(Ljava/lang/String;[BIILjava/security/ProtectionDomain;)Ljava/lang/Class;' in 'java/lang/ClassLoader'
  # this:     rdx:rdx   = 'java/lang/ClassLoader'
  # parm0:    r8:r8     = 'java/lang/String'
  # parm1:    r9:r9     = '[B'
  # parm2:    rdi       = int
  # parm3:    rsi       = int
  # parm4:    rcx:rcx   = 'java/security/ProtectionDomain'
  #           [sp+0x50]  (sp of caller)
  0x000001651dd6c960: 448b 5208 | 49bb 0000 | 0000 0800 | 0000 4d03 | d349 3bc2 

  0x000001651dd6c974: ;   {runtime_call ic_miss_stub}
  0x000001651dd6c974: 0f85 061e | 50fe 6690 | 0f1f 4000 
[Verified Entry Point]
  0x000001651dd6c980: 8984 2400 | 80ff ff55 | 4883 ec40 | 4181 7f20 | 6400 0000 | 0f85 3801 | 0000 8974 | 2424 897c 
  0x000001651dd6c9a0: 2420 4c89 | 4c24 184c | 8944 2410 | 4889 5424 | 084c 8bc9 

  0x000001651dd6c9b4: ;   {optimized virtual_call}
  0x000001651dd6c9b4: 6666 90e8 

  0x000001651dd6c9b8: ; ImmutableOopMap {[8]=Oop [16]=Oop [24]=Oop }
                      ;*invokevirtual preDefineClass {reexecute=0 rethrow=0 return_oop=1}
                      ; - java.lang.ClassLoader::defineClass@4
  0x000001651dd6c9b8: a4cf 79ff 

  0x000001651dd6c9bc: ;   {other}
  0x000001651dd6c9bc: 0f1f 8400 | 2c02 0000 | 4889 4424 | 2844 8b58 | 1045 85db | 0f84 9c00 | 0000 438b | 6cdc 0c0f 
  0x000001651dd6c9dc: 1f44 0000 | 85ed 0f84 | 8e00 0000 | 458b 5cec | 3845 85db | 0f84 8400 | 0000 4b8d | 14dc 4d8d 
  0x000001651dd6c9fc: ;   {optimized virtual_call}
  0x000001651dd6c9fc: 04ec 90e8 

  0x000001651dd6ca00: ; ImmutableOopMap {[8]=Oop [16]=Oop [24]=Oop [40]=Oop }
                      ;*invokevirtual toExternalForm {reexecute=0 rethrow=0 return_oop=1}
                      ; - java.net.URL::toExternalForm@5
                      ; - java.net.URL::toString@1
                      ; - java.lang.ClassLoader::defineClassSourceLocation@22
                      ; - java.lang.ClassLoader::defineClass@12
  0x000001651dd6ca00: 9cc4 adfe 

  0x000001651dd6ca04: ;   {other}
  0x000001651dd6ca04: 0f1f 8400 | 7402 0001 | 488b 5424 | 084c 8b44 | 2410 4c8b | 4c24 188b | 7c24 208b | 7424 2448 
  0x000001651dd6ca24: 8b4c 2428 | 4889 0424 

  0x000001651dd6ca2c: ;   {static_call}
  0x000001651dd6ca2c: 6666 90e8 

  0x000001651dd6ca30: ; ImmutableOopMap {[8]=Oop [40]=Oop }
                      ;*invokestatic defineClass1 {reexecute=0 rethrow=0 return_oop=1}
                      ; - java.lang.ClassLoader::defineClass@27
  0x000001651dd6ca30: 2c63 abfe 

  0x000001651dd6ca34: ;   {other}
  0x000001651dd6ca34: 0f1f 8400 | a402 0002 | 488b e848 | 8b54 2408 | 4c8b c04c | 8b4c 2428 

  0x000001651dd6ca4c: ;   {optimized virtual_call}
  0x000001651dd6ca4c: 6666 90e8 

  0x000001651dd6ca50: ; ImmutableOopMap {rbp=Oop }
                      ;*invokevirtual postDefineClass {reexecute=0 rethrow=0 return_oop=0}
                      ; - java.lang.ClassLoader::defineClass@37
  0x000001651dd6ca50: acaf 7500 

  0x000001651dd6ca54: ;   {other}
  0x000001651dd6ca54: 0f1f 8400 | c402 0003 | 488b c548 | 83c4 405d 

  0x000001651dd6ca64: ;   {poll_return}
  0x000001651dd6ca64: 493b a748 | 0400 000f | 874b 0000 | 00c3 33c0 | eb96 33c0 | eb92 baf6 

  0x000001651dd6ca7c: ;   {runtime_call UncommonTrapBlob}
  0x000001651dd6ca7c: ffff ffe8 

  0x000001651dd6ca80: ; ImmutableOopMap {rbp=NarrowOop }
                      ;*invokevirtual toExternalForm {reexecute=0 rethrow=0 return_oop=0}
                      ; - java.net.URL::toExternalForm@5
                      ; - java.net.URL::toString@1
                      ; - java.lang.ClassLoader::defineClassSourceLocation@22
                      ; - java.lang.ClassLoader::defineClass@12
  0x000001651dd6ca80: 7c7b 50fe 

  0x000001651dd6ca84: ;   {other}
  0x000001651dd6ca84: 0f1f 8400 | f402 0004 | 488b d0eb | 0d48 8bd0 | eb08 488b | d0eb 0348 | 8bd0 4883 

  0x000001651dd6caa0: ;   {runtime_call _rethrow_Java}
  0x000001651dd6caa0: c440 5de9 | d8c6 5cfe | baf6 ffff 

  0x000001651dd6caac: ;   {runtime_call UncommonTrapBlob}
  0x000001651dd6caac: ff66 90e8 

  0x000001651dd6cab0: ; ImmutableOopMap {}
                      ;*invokevirtual getCodeSource {reexecute=0 rethrow=0 return_oop=0}
                      ; - java.lang.ClassLoader::defineClassSourceLocation@1
                      ; - java.lang.ClassLoader::defineClass@12
  0x000001651dd6cab0: 4c7b 50fe 

  0x000001651dd6cab4: ;   {other}
  0x000001651dd6cab4: 0f1f 8400 | 2403 0005 

  0x000001651dd6cabc: ;   {internal_word}
  0x000001651dd6cabc: 49ba 64ca | d61d 6501 | 0000 4d89 | 9760 0400 

  0x000001651dd6cacc: ;   {runtime_call SafepointBlob}
  0x000001651dd6cacc: 00e9 2e8c 

  0x000001651dd6cad0: ;   {runtime_call StubRoutines (final stubs)}
  0x000001651dd6cad0: 50fe e889 | d04e fee9 | befe ffff | f4f4 f4f4 
[Stub Code]
  0x000001651dd6cae0: ;   {no_reloc}
  0x000001651dd6cae0: 48bb 0000 | 0000 0000 

  0x000001651dd6cae8: ;   {runtime_call nmethod}
  0x000001651dd6cae8: 0000 e9fb 

  0x000001651dd6caec: ;   {static_stub}
  0x000001651dd6caec: ffff ff48 | bb00 0000 | 0000 0000 

  0x000001651dd6caf8: ;   {runtime_call nmethod}
  0x000001651dd6caf8: 00e9 fbff 

  0x000001651dd6cafc: ;   {static_stub}
  0x000001651dd6cafc: ffff 48bb | 0000 0000 | 0000 0000 

  0x000001651dd6cb08: ;   {runtime_call nmethod}
  0x000001651dd6cb08: e9fb ffff 

  0x000001651dd6cb0c: ;   {static_stub}
  0x000001651dd6cb0c: ff48 bb00 | 0000 0000 

  0x000001651dd6cb14: ;   {runtime_call nmethod}
  0x000001651dd6cb14: 0000 00e9 | fbff ffff 
[Exception Handler]
  0x000001651dd6cb1c: ;   {runtime_call ExceptionBlob}
  0x000001651dd6cb1c: e95f 645c | fee8 0000 | 0000 4883 

  0x000001651dd6cb28: ;   {runtime_call DeoptimizationBlob}
  0x000001651dd6cb28: 2c24 05e9 | 707e 50fe 
[/MachCode]


Compiled method (c2) 16018197 11982   !   4       java.net.URLClassLoader$1::run (81 bytes)
 total in heap  [0x000001651ce8e010,0x000001651ce947c0] = 26544
 relocation     [0x000001651ce8e170,0x000001651ce8e540] = 976
 main code      [0x000001651ce8e540,0x000001651ce91fb0] = 14960
 stub code      [0x000001651ce91fb0,0x000001651ce920f0] = 320
 oops           [0x000001651ce920f0,0x000001651ce92130] = 64
 metadata       [0x000001651ce92130,0x000001651ce92520] = 1008
 scopes data    [0x000001651ce92520,0x000001651ce939f0] = 5328
 scopes pcs     [0x000001651ce939f0,0x000001651ce941d0] = 2016
 dependencies   [0x000001651ce941d0,0x000001651ce942e8] = 280
 handler table  [0x000001651ce942e8,0x000001651ce946d8] = 1008
 nul chk table  [0x000001651ce946d8,0x000001651ce947c0] = 232

[Constant Pool (empty)]

[MachCode]
[Entry Point]
  # {method} {0x000001652c7b43f8} 'run' '()Ljava/lang/Class;' in 'java/net/URLClassLoader$1'
  #           [sp+0xf0]  (sp of caller)
  0x000001651ce8e540: 448b 5208 | 49bb 0000 | 0000 0800 | 0000 4d03 | d349 3bc2 

  0x000001651ce8e554: ;   {runtime_call ic_miss_stub}
  0x000001651ce8e554: 0f85 2602 | 3eff 6690 | 0f1f 4000 
[Verified Entry Point]
  0x000001651ce8e560: 8984 2400 | 80ff ff55 | 4881 ece0 | 0000 0090 | 4181 7f20 | 6400 0000 | 0f85 233a | 0000 4889 
  0x000001651ce8e580: 5424 5044 | 8b42 0c47 | 0fbe 5cc4 | 1045 85db | 0f85 c621 | 0000 478b | 5cc4 140f | 1f44 0000 
  0x000001651ce8e5a0: ; implicit exception: dispatches to 0x000001651ce913dc
  0x000001651ce8e5a0: 438b 4cdc | 0c4f 8d34 | c485 c90f | 8641 0400 | 008b d9ff | cb3b d90f | 8303 2100 | 008d 79fd 
  0x000001651ce8e5c0: 4b8d 34dc | 4380 7cdc | 102e 0f84 | 8311 0000 | 83ff 010f | 8eeb 0300 | 00bd 0100 | 0000 ba01 
  0x000001651ce8e5e0: 0000 0044 | 8bc9 442b | cd41 83c1 | fd45 33d2 | 3bfd 450f | 4cca 4181 | f9a0 0f00 | 0041 baa0 
  0x000001651ce8e600: 0f00 0045 | 0f47 ca44 | 03cd eb07 | 0f1f 4000 | 418b ea4c | 63d5 460f | be6c 1610 | 0f1f 4000 
  0x000001651ce8e620: 4183 fd2e | 0f84 4f01 | 0000 460f | be6c 1611 | 4183 fd2e | 0f84 3801 | 0000 460f | be6c 1612 
  0x000001651ce8e640: 4183 fd2e | 0f84 2c01 | 0000 460f | be6c 1613 

  0x000001651ce8e650: ;   {no_reloc}
  0x000001651ce8e650: 4183 fd2e | 0f84 1501 | 0000 448d | 5504 6690 | 453b d17c | ab4d 8b8f | 5004 0000 

  0x000001651ce8e66c: ; ImmutableOopMap {r11=NarrowOop r8=NarrowOop rsi=Oop r14=Oop [80]=Oop }
                      ;*if_icmpne {reexecute=1 rethrow=0 return_oop=0}
                      ; - (reexecute) java.lang.StringLatin1::replace@28
                      ; - java.lang.String::replace@18
                      ; - java.net.URLClassLoader$1::run@8
                      ;   {poll}
  0x000001651ce8e66c: 83c5 0341 | 8501 443b | d70f 8d54 | 0300 0041 | 8bea 6690 | e95e ffff | ff66 6666 | 0f1f 8400 
  0x000001651ce8e68c: 0000 0000 | 418b d348 | 63fa 440f | be5c 3e10 | c4c1 f97e | d845 885c | 3810 440f | be44 3e11 
  0x000001651ce8e6ac: c4c1 f97e | db45 8844 | 3b11 448d | 5a02 453b | d97c d14d | 8b87 5004 

  0x000001651ce8e6c4: ; ImmutableOopMap {rsi=Oop rax=NarrowOop r14=Oop xmm0=NarrowOop xmm3=Oop [80]=Oop }
                      ;*goto {reexecute=1 rethrow=0 return_oop=0}
                      ; - (reexecute) java.lang.StringLatin1::replace@76
                      ; - java.lang.String::replace@18
                      ; - java.net.URLClassLoader$1::run@8
                      ;   {poll}
  0x000001651ce8e6c4: 0000 4185 | 0041 8bd3 | 453b da0f | 8c85 0000 | 00c4 c179 | 7ec0 448b | d8c5 f97e | d1c5 f97e 
  0x000001651ce8e6e4: cfc4 c1f9 | 7ed9 3bd5 | 7d16 6690 | 4863 c244 | 0fbe 5406 | 1045 8854 | 0110 ffc2 | 3bd5 7cec 
  0x000001651ce8e704: 3be9 0f8d | 6a02 0000 | 3be9 0f83 | 2020 0000 | 3bd9 0f83 | 1820 0000 | 448b dd41 | ffc3 4c63 
  0x000001651ce8e724: d542 0fbe | 5c16 1083 | fb2e 0f84 | a80f 0000 | 4388 5c11 | 1044 8bc5 | 41ff c090 | 453b c37d 
  0x000001651ce8e744: 0541 8be8 | ebd8 443b | c70f 8dfd | 0100 00ff | c5e9 aa01 | 0000 c4c1 | 797e c044 | 8bd8 c5f9 
  0x000001651ce8e764: 7ed1 c5f9 | 7ecf e9b8 | 0000 0083 | c502 ffc5 | eb03 83c5 | 020f 1f80 | 0000 0000 | 3be9 0f8d 
  0x000001651ce8e784: 6a02 0000 | 81f9 0000 | 1000 0f87 | 1118 0000 | 4d8b 8fb8 | 0100 004c | 63d1 4983 | c217 4983 
  0x000001651ce8e7a4: e2f8 498b | c149 03c2 | 493b 87c8 | 0100 000f | 83ec 1700 | 0049 8987 | b801 0000 | 0f0d 8800 
  0x000001651ce8e7c4: ;   {no_reloc}
  0x000001651ce8e7c4: 0100 0049 | c701 0100 | 0000 0f0d | 8840 0100 

  0x000001651ce8e7d4: ;   {metadata({type array byte})}
  0x000001651ce8e7d4: 0041 c741 | 08c8 0a04 | 0041 8949 | 0c0f 0d88 | 8001 0000 | 85ed 0f8e | 14ff ffff | 448b d541 
  0x000001651ce8e7f4: ffca 443b | d10f 8381 | 1f00 0090 | 85c9 0f86 | 781f 0000 | 470f be6c | dc10 4588 | 6910 4183 
  0x000001651ce8e814: fa01 0f8e | cefe ffff | 41bd d007 | 0000 c4c1 | f96e d944 | 8bcd 442b | ca41 ffc9 | 33c0 443b 
  0x000001651ce8e834: d244 0f4c | c841 81f9 | d007 0000 | 450f 47cd | 4403 cac4 | c179 6ec0 | 418b c3c5 | f96e d1c5 
  0x000001651ce8e854: f96e cfe9 | 37fe ffff | 41b8 2f00 | 0000 6666 | 0f1f 8400 | 0000 0000 | 6666 6690 | 4788 4419 
  0x000001651ce8e874: 1046 0fbe | 441e 110f | 1f44 0000 | 4183 f82e | 0f84 5b00 | 0000 4788 | 4419 1146 | 0fbe 441e 
  0x000001651ce8e894: 1241 83f8 | 2e0f 843e | 0000 0047 | 8844 1912 | 460f be44 | 1e13 4183 | f82e 0f84 | 3900 0000 
  0x000001651ce8e8b4: 4788 4419 | 1383 c504 | 0f1f 4000 | 413b ea0f | 8d2c 0000 | 004c 63dd | 460f be44 | 1e10 4183 
  0x000001651ce8e8d4: ;   {no_reloc}
  0x000001651ce8e8d4: f82e 7598 | e97f ffff | ff41 b82f | 0000 00eb | ba41 b82f | 0000 00eb | 9d41 b82f | 0000 00eb 
  0x000001651ce8e8f4: bf4d 8b9f 

  0x000001651ce8e8f8: ; ImmutableOopMap {r9=Oop rsi=Oop r14=Oop [80]=Oop }
                      ;*goto {reexecute=1 rethrow=0 return_oop=0}
                      ; - (reexecute) java.lang.StringLatin1::replace@113
                      ; - java.lang.String::replace@18
                      ; - java.net.URLClassLoader$1::run@8
  0x000001651ce8e8f8: 5004 0000 

  0x000001651ce8e8fc: ;   {poll}
  0x000001651ce8e8fc: 4185 0390 | 3bef 7d4f | 448b d144 | 2bd5 4183 | c2fd 4533 | c03b fd45 | 0f4c d041 | 81fa a00f 
  0x000001651ce8e91c: 0000 41b8 | a00f 0000 | 450f 47d0 | 4403 d5eb | 9cc6 441d | 102e c644 | 1d11 63c6 | 441d 126c 
  0x000001651ce8e93c: c644 1d13 | 61c6 441d | 1473 c644 | 1d15 73e9 | a301 0000 | 418b e83b | e97d 1f90 | 4c63 d546 
  0x000001651ce8e95c: 0fbe 4416 | 1041 83f8 | 2e0f 848d | 0d00 0047 | 8844 1110 | ffc5 3be9 | 7ce2 4d8b | 9fb8 0100 
  0x000001651ce8e97c: 004d 8bd3 | 4983 c218 | 4d3b 97c8 | 0100 000f | 8383 1600 | 004d 8997 | b801 0000 | 410f 0d8a 
  0x000001651ce8e99c: 0001 0000 | 49c7 0301 

  0x000001651ce8e9a4: ;   {metadata('java/lang/String')}
  0x000001651ce8e9a4: 0000 0041 | c743 0890 | 2004 0045 | 8963 0c4d | 8963 104d | 8bc1 49c1 | e803 4589 | 4314 eb38 
  0x000001651ce8e9c4: 41ba 0100 | 0000 ba01 | 0000 0044 | 3bd1 7d1e | 460f be4c | 1610 660f | 1f44 0000 | 4183 f92e 
  0x000001651ce8e9e4: 0f84 b21c | 0000 41ff | c244 3bd1 | 7ce2 4d8b | cb49 c1e1 | 034d 8bde | 458b 410c | 4585 c00f 
  0x000001651ce8ea04: 866c 0c00 | 0041 0fbe | 4b10 c4c2 | 72f7 f848 | 63df 83f9 | 010f 8401 | 2100 0090 | 85ff 0f8c 
  0x000001651ce8ea24: 9c20 0000 | 488d 7306 | 8bee 85ed | 0f8c ae20 | 0000 4c8b | d649 c1fa | 2045 8bd2 | c462 29f7 
  0x000001651ce8ea44: d545 85d2 | 0f8c f620 | 0000 4181 | fa00 0010 | 000f 878d | 1c00 0049 | 63d2 6690 | 4181 fa00 
  0x000001651ce8ea64: 0010 000f | 87a5 1400 | 0049 8baf | b801 0000 | 4883 c217 | 4883 e2f8 | 488b c548 | 03c2 493b 
  0x000001651ce8ea84: 87c8 0100 | 000f 8383 | 1400 0049 | 8987 b801 | 0000 0f0d | 8800 0100 | 0048 c745 | 0001 0000 
  0x000001651ce8eaa4: ;   {no_reloc}
  0x000001651ce8eaa4: 000f 0d88 | 4001 0000 

  0x000001651ce8eaac: ;   {metadata({type array byte})}
  0x000001651ce8eaac: c745 08c8 | 0a04 0044 | 8955 0c0f | 0d88 8001 | 0000 8d57 | 0644 3bd2 | 0f82 261c | 0000 4863 
  0x000001651ce8eacc: df85 ff0f | 8e58 feff | ffc6 441d | 1573 c644 | 1d14 73c6 | 441d 1361 | c644 1d12 | 6cc6 441d 
  0x000001651ce8eaec: 1163 c644 | 1d10 2e85 | c90f 8505 | 2000 000f | 1f44 0000 | 453b d00f | 820b 1c00 | 0045 85c0 
  0x000001651ce8eb0c: 7629 488b | d548 83c2 | 1049 83c1 | 104d 63c0 | 498b c9c5 | f877 49ba | c07a 251c | 6501 0000 
  0x000001651ce8eb2c: ;   {other}
  0x000001651ce8eb2c: 41ff d20f | 1f84 0000 | 0000 0049 | 8b87 b801 | 0000 4c8b | d049 83c2 | 184d 3b97 | c801 0000 
  0x000001651ce8eb4c: 0f83 3314 | 0000 4d89 | 97b8 0100 | 0041 0f0d | 8a00 0100 | 0048 c700 | 0100 0000 

  0x000001651ce8eb68: ;   {metadata('java/lang/String')}
  0x000001651ce8eb68: c740 0890 | 2004 0044 | 8960 0c44 | 8960 104c | 8bdd 49c1 | eb03 4489 | 5814 4c8b | 5424 5045 
  0x000001651ce8eb88: 8b52 1047 | 8b5c d454 | 4585 db0f | 840c 1b00 | 004b 8d14 | dc4c 8bc0 | 4533 c990 

  0x000001651ce8eba4: ;   {optimized virtual_call}
  0x000001651ce8eba4: c5f8 77e8 

  0x000001651ce8eba8: ; ImmutableOopMap {[80]=Oop }
                      ;*invokevirtual getResource {reexecute=0 rethrow=0 return_oop=1}
                      ; - java.net.URLClassLoader$1::run@26
  0x000001651ce8eba8: 9444 b8ff 

  0x000001651ce8ebac: ;   {other}
  0x000001651ce8ebac: 0f1f 8400 | 9c0b 0003 | 4c8b f066 | 0f1f 8400 | 0000 0000 | 4885 c00f | 8491 0a00 | 004c 8b54 
  0x000001651ce8ebcc: 2450 458b | 5a10 4489 | 9c24 9800 | 0000 458b | 520c 4489 | 9424 9c00 | 0000 4585 | db0f 84b9 
  0x000001651ce8ebec: 1b00 00c5 | f877 49ba | 5015 8b0b | f97f 0000 

  0x000001651ce8ebfc: ;   {other}
  0x000001651ce8ebfc: 41ff d20f | 1f84 0000 | 0000 0048 | 8944 2438 | 448b 9424 | 9c00 0000 

  0x000001651ce8ec14: ; implicit exception: dispatches to 0x000001651ce91414
  0x000001651ce8ec14: 438b 4cd4 | 1441 8b54 | cc0c 470f | be54 d410 | c462 2af7 | da45 8bc3 | 41ff c845 | 85d2 0f85 
  0x000001651ce8ec34: 3b20 0000 | 448b d241 | ffca 453b | d045 0f4f | d044 8b84 | 249c 0000 | 004b 8d34 | c44d 8d04 
  0x000001651ce8ec54: cc8b 9c24 | 9800 0000 | 48c1 e303 | 4585 d20f | 8c01 0d00 | 0045 33c9 | 4c89 8c24 | 9000 0000 
  0x000001651ce8ec74: 0f1f 8400 | 0000 0000 | 6666 6690 | 443b d20f | 83af 1800 | 0043 807c | 1010 2e74 | 1a49 8bbf 
  0x000001651ce8ec94: 5004 0000 | 41ff ca4d 

  0x000001651ce8ec9c: ; ImmutableOopMap {r8=Oop r9=Oop rcx=NarrowOop rbx=Oop rsi=Oop r14=Oop [80]=Oop [152]=NarrowOop [156]=NarrowOop }
                      ;*goto {reexecute=1 rethrow=0 return_oop=0}
                      ; - (reexecute) java.lang.StringLatin1::lastIndexOf@35
                      ; - java.lang.String::lastIndexOf@13
                      ; - java.lang.String::lastIndexOf@8
                      ; - java.net.URLClassLoader::defineClass@7
                      ; - java.net.URLClassLoader$1::run@43
                      ;   {poll}
  0x000001651ce8ec9c: 8bce 8507 | 4585 d27d | db41 baff | ffff ff41 

  0x000001651ce8ecac: ;   {metadata('jdk/internal/loader/URLClassPath$JarLoader$2')}
  0x000001651ce8ecac: 8b7e 0881 | ff50 7409 | 000f 857a | 0c00 0048 | 895c 2428 | 4889 7424 | 204d 8bce | 418b 7920 
  0x000001651ce8eccc: ; implicit exception: dispatches to 0x000001651ce91520
  0x000001651ce8eccc: 458b 6cfc | 1c41 83fa | ff0f 8448 | 0400 000f | 1f44 0000 | 4585 d20f | 8ce7 1f00 | 0045 3bd3 
  0x000001651ce8ecec: 0f8f a220 | 0000 453b | d30f 84eb | 0900 000f | 1f44 0000 | 4585 d20f | 84d6 0b00 | 0049 8b9f 
  0x000001651ce8ed0c: b801 0000 | 4c8b db49 | 83c3 1866 | 0f1f 8400 | 0000 0000 | 4d3b 9fc8 | 0100 000f | 83d9 1300 
  0x000001651ce8ed2c: 004d 899f | b801 0000 | 410f 0d8b | 0001 0000 | 48c7 0301 

  0x000001651ce8ed40: ;   {metadata('java/lang/String')}
  0x000001651ce8ed40: 0000 00c7 | 4308 9020 | 0400 4489 | 630c 4c89 | 6310 4d8d | 5ccc 1066 | 0f1f 8400 | 0000 0000 
  0x000001651ce8ed60: 443b d20f | 84dc 0000 | 0041 81fa | 0000 1000 | 0f87 c921 | 0000 4d63 | ca41 3bd2 | 8bea 410f 
  0x000001651ce8ed80: 4fea 3bd5 | 0f82 2922 | 0000 443b | d50f 8220 | 2200 0049 | 83c1 1749 | 8bf9 4883 | e7f8 6690 
  0x000001651ce8eda0: 4181 fa00 | 0010 000f | 87dc 1700 | 0049 8bb7 | b801 0000 | 488b ce48 | 03cf 660f | 1f44 0000 
  0x000001651ce8edc0: 493b 8fc8 | 0100 000f | 83bc 1700 | 0049 898f | b801 0000 | 0f0d 8900 | 0100 0048 | c706 0100 
  0x000001651ce8ede0: 0000 0f0d | 8940 0100 

  0x000001651ce8ede8: ;   {metadata({type array byte})}
  0x000001651ce8ede8: 00c7 4608 | c80a 0400 | 4489 560c | 0f0d 8980 | 0100 0048 | 8bd6 4883 | c210 49c1 | e903 85ed 
  0x000001651ce8ee08: 0f84 3921 | 0000 413b | ea0f 8c60 | 1000 0048 | 83c7 f048 | c1ef 0349 | 8bcb 4c8b | c7c5 f877 
  0x000001651ce8ee28: 49ba 6081 | 251c 6501 | 0000 41ff 

  0x000001651ce8ee34: ;   {other}
  0x000001651ce8ee34: d20f 1f84 | 0000 0000 | 0066 6690 | e98b 0000 | 004c 63d2 | 81fa 0000 | 1000 0f87 | 2916 0000 
  0x000001651ce8ee54: 498b b7b8 | 0100 004d | 8d4a 1749 | 83e1 f848 | 8bfe 4903 | f949 3bbf | c801 0000 | 0f83 0716 
  0x000001651ce8ee74: 0000 4989 | bfb8 0100 | 000f 0d8f | 0001 0000 | 48c7 0601 | 0000 000f | 0d8f 4001 

  0x000001651ce8ee90: ;   {metadata({type array byte})}
  0x000001651ce8ee90: 0000 c746 | 08c8 0a04 | 0089 560c | 0f0d 8f80 | 0100 0048 | 8bd6 4883 | c210 4983 | c207 49c1 
  0x000001651ce8eeb0: ea03 498b | cb4d 8bc2 | c5f8 7749 | ba60 8125 | 1c65 0100 | 0041 ffd2 

  0x000001651ce8eec8: ;   {other}
  0x000001651ce8eec8: 0f1f 8400 | 0000 0000 | 4180 7f40 | 000f 852a | 0b00 004c | 8bd3 4c8b | c649 c1e8 | 0344 8943 
  0x000001651ce8eee8: 144c 8bde | 4d33 da49 | c1eb 154d | 85db 741a | 49c1 ea09 | 48b9 0000 | cf20 6501 | 0000 4903 
  0x000001651ce8ef08: ca80 3902 | 0f85 2d0b | 0000 4488 | 6310 4889 | 9c24 b800 | 0000 458b 

  0x000001651ce8ef20: ;   {metadata('jdk/internal/loader/URLClassPath$JarLoader$2')}
  0x000001651ce8ef20: 5e08 4181 | fb50 7409 | 000f 8561 | 0b00 0049 

  0x000001651ce8ef30: ;   {oop(a 'java/lang/Class'{0x00000007005af8f8} = 'jdk/internal/access/SharedSecrets')}
  0x000001651ce8ef30: 8bfe 49ba | f8f8 5a00 | 0700 0000 | 458b 82d4 | 0000 0047 | 8b4c c408 | 448b 5720 

  0x000001651ce8ef4c: ; implicit exception: dispatches to 0x000001651ce91550
  0x000001651ce8ef4c: 478b 54d4 

  0x000001651ce8ef50: ;   {metadata('java/util/jar/JavaUtilJarAccessImpl')}
  0x000001651ce8ef50: 1841 81f9 | 5042 0800 | 0f85 f619 | 0000 6690 

  0x000001651ce8ef60: ; implicit exception: dispatches to 0x000001651ce91580
  0x000001651ce8ef60: 478b 44d4 | 084f 8d0c | d448 8d9c | 24c0 0000 | 0049 8b01 | a802 0f85 | 2300 0000 | 4883 c801 
  0x000001651ce8ef80: 4889 03f0 | 490f b119 | 0f84 3700 | 0000 482b | c448 2507 | f0ff ff48 | 8903 e924 | 0000 004c 
  0x000001651ce8efa0: 8bd8 4833 | c0f0 4d0f | b17b 3e48 | c703 0300 | 0000 7411 | 4c3b f875 | 1549 ff83 | 8600 0000 
  0x000001651ce8efc0: 4833 c075 | 0949 ff87 | 4805 0000 | 33c0 0f85 | c019 0000 | 473b 64d4 | 3075 0f47 | 0fb6 5cd4 
  0x000001651ce8efe0: 1245 85db | 0f85 7507 | 0000 473b | 64d4 300f | 85ba 0a00 | 0048 8d84 | 24c0 0000 | 0048 8338 
  0x000001651ce8f000: 000f 8479 | 0000 004d | 8b11 41f6 | c202 0f84 | 6200 0000 | 4983 ba86 | 0000 0000 | 7409 49ff 
  0x000001651ce8f020: 8a86 0000 | 00eb 4b49 | 8b82 9600 | 0000 490b | 828e 0000 | 0075 0a49 | c742 3e00 | 0000 00eb 
  0x000001651ce8f040: 3d49 83ba | 9e00 0000 | 0074 2248 | 33c0 49c7 

  0x000001651ce8f050: ;   {no_reloc}
  0x000001651ce8f050: 423e 0000 | 0000 f083 | 0424 0049 | 83ba 9e00 | 0000 0075 | 0df0 4d0f | b17a 3e75 | 0583 c801 
  0x000001651ce8f070: eb0c a800 | eb08 4c8b | 10f0 4d0f | b111 750a | 49ff 8f48 | 0500 0045 | 33d2 0f85 | ad19 0000 
  0x000001651ce8f090: 448b 5f20 

  0x000001651ce8f094: ; implicit exception: dispatches to 0x000001651ce915b0
  0x000001651ce8f094: 438b 6cdc | 1845 8b54 | ec08 6690 

  0x000001651ce8f0a0: ;   {metadata('java/util/jar/JarFile')}
  0x000001651ce8f0a0: 4181 fa30 | 3d08 000f | 85bb 1900 | 0048 897c | 2448 4489 | 6c24 404c | 8974 2430 | 498d 14ec 
  0x000001651ce8f0c0: ;   {optimized virtual_call}
  0x000001651ce8f0c0: c5f8 77e8 

  0x000001651ce8f0c4: ; ImmutableOopMap {[32]=Oop [40]=Oop [48]=Oop [64]=NarrowOop [72]=Oop [80]=Oop [152]=NarrowOop [156]=NarrowOop [184]=Oop }
                      ;*invokevirtual getManifest {reexecute=0 rethrow=0 return_oop=1}
                      ; - jdk.internal.loader.URLClassPath$JarLoader$2::getManifest@22
                      ; - java.net.URLClassLoader::defineClass@34
                      ; - java.net.URLClassLoader$1::run@43
  0x000001651ce8f0c4: 38d7 6e02 

  0x000001651ce8f0c8: ;   {other}
  0x000001651ce8f0c8: 0f1f 8400 | b810 0005 | 4889 4424 | 5844 8b6c | 2440 4d8b | d549 c1e2 | 034c 8954 | 2448 4489 
  0x000001651ce8f0e8: 6c24 4048 | 8b54 2428 | 4c8b 8424 | b800 0000 | 4c8b 4c24 | 5849 8bfa 

  0x000001651ce8f100: ;   {optimized virtual_call}
  0x000001651ce8f100: c5f8 77e8 

  0x000001651ce8f104: ; ImmutableOopMap {[32]=Oop [40]=Oop [48]=Oop [64]=NarrowOop [72]=Oop [80]=Oop [88]=Oop [152]=NarrowOop [156]=NarrowOop [184]=Oop }
                      ;*invokevirtual getAndVerifyPackage {reexecute=0 rethrow=0 return_oop=1}
                      ; - java.net.URLClassLoader::defineClass@46
                      ; - java.net.URLClassLoader$1::run@43
  0x000001651ce8f104: b827 feff 

  0x000001651ce8f108: ;   {other}
  0x000001651ce8f108: 0f1f 8400 | f810 0006 | 4885 c00f | 84ec 0500 | 004c 8b74 | 2430 448b | 6c24 4044 | 896c 2440 
  0x000001651ce8f128: 4c89 7424 | 3049 8bd6 

  0x000001651ce8f130: ;   {optimized virtual_call}
  0x000001651ce8f130: c5f8 77e8 

  0x000001651ce8f134: ; ImmutableOopMap {[32]=Oop [40]=Oop [48]=Oop [64]=NarrowOop [80]=Oop [152]=NarrowOop [156]=NarrowOop }
                      ;*invokevirtual cachedInputStream {reexecute=0 rethrow=0 return_oop=1}
                      ; - jdk.internal.loader.Resource::getByteBuffer@1
                      ; - java.net.URLClassLoader::defineClass@132
                      ; - java.net.URLClassLoader$1::run@43
  0x000001651ce8f134: c844 f8ff 

  0x000001651ce8f138: ;   {other}
  0x000001651ce8f138: 0f1f 8400 | 2811 0007 | 4c8b d044 

  0x000001651ce8f144: ;   {metadata('sun/nio/ByteBuffered')}
  0x000001651ce8f144: 8b40 0848 | b8a8 7e09 | 0008 0000 | 0048 be00 | 0000 0008 | 0000 0049 | 03f0 4c8b | 5e20 4c3b 
  0x000001651ce8f164: d80f 8459 | 1600 0048 | 33ff 4c8b | 9ea0 0000 | 0049 8bd3 | 48c1 e230 | 0f89 2100 | 0000 f348 
  0x000001651ce8f184: 0fb8 d248 | 8b5e 2848 | 3b04 d374 | 1549 0fba | e310 730b | 49c1 cb0f 

  0x000001651ce8f19c: ;   {runtime_call StubRoutines (compiler stubs)}
  0x000001651ce8f19c: e8b6 a940 | ffeb 0348 | ffc7 4885 | ff0f 8415 | 1600 004c | 8b5c 2430 | 458b 5308 | 0f1f 8400 
  0x000001651ce8f1bc: 0000 0000 

  0x000001651ce8f1c0: ;   {metadata('jdk/internal/loader/URLClassPath$JarLoader$2')}
  0x000001651ce8f1c0: 4181 fa50 | 7409 000f | 8521 0700 | 004c 895c | 2448 498b | d366 6690 

  0x000001651ce8f1d8: ;   {optimized virtual_call}
  0x000001651ce8f1d8: c5f8 77e8 

  0x000001651ce8f1dc: ; ImmutableOopMap {[32]=Oop [40]=Oop [48]=Oop [64]=NarrowOop [72]=Oop [80]=Oop [152]=NarrowOop [156]=NarrowOop }
                      ;*invokespecial getBytes {reexecute=0 rethrow=0 return_oop=1}
                      ; - jdk.internal.loader.URLClassPath$JarLoader$2::getBytes@1
                      ; - java.net.URLClassLoader::defineClass@179
                      ; - java.net.URLClassLoader$1::run@43
  0x000001651ce8f1dc: 202c f9ff 

  0x000001651ce8f1e0: ;   {other}
  0x000001651ce8f1e0: 0f1f 8400 | d011 0008 | 488b d844 | 8b40 0c45 | 85c0 0f86 | f41b 0000 | 418b e8ff | cd66 6690 
  0x000001651ce8f200: 413b e80f | 8323 1600 | 0048 8bd0 | 4883 c210 | 33c9 c5f8 | 7749 bae0 | 1222 1c65 | 0100 0041 
  0x000001651ce8f220: ;   {other}
  0x000001651ce8f220: ffd2 0f1f | 8400 0000 | 0000 4c8b | 4424 4845 | 8b50 1c4f | 8b54 d418 | 448b d80f | 1f44 0000 
  0x000001651ce8f240: 4d3b da0f | 85db 1b00 | 0048 899c | 24a0 0000 | 0048 8b7c | 2430 448b | 5f08 660f | 1f44 0000 
  0x000001651ce8f260: ;   {metadata('jdk/internal/loader/URLClassPath$JarLoader$2')}
  0x000001651ce8f260: 4181 fb50 | 7409 000f | 85ac 0600 | 004c 8bd7 | 418b 6a1c 

  0x000001651ce8f274: ; implicit exception: dispatches to 0x000001651ce91668
  0x000001651ce8f274: 458b 5cec | 080f 1f80 | 0000 0000 

  0x000001651ce8f280: ;   {metadata('java/util/jar/JarFile$JarFileEntry')}
  0x000001651ce8f280: 4181 fb38 | 4309 000f | 8513 1800 | 0049 8d34 | ec44 8b6e | 6447 0fb6 | 54ec 120f | 1f44 0000 
  0x000001651ce8f2a0: 473b 64ec | 3075 0945 | 85d2 0f85 | e904 0000 | 448b 4e5c | 4585 c90f | 8511 0b00 | 0044 8b5e 
  0x000001651ce8f2c0: 6443 8b6c | dc30 85ed | 0f85 630a | 0000 4c8b | 9424 9000 | 0000 4d8b | 8fb8 0100 | 004d 8bd9 
  0x000001651ce8f2e0: 4983 c328 | 4d3b 9fc8 | 0100 000f | 8354 0d00 | 004d 899f | b801 0000 | 410f 0d8b | 0001 0000 
  0x000001651ce8f300: 49c7 0101 

  0x000001651ce8f304: ;   {metadata('java/security/CodeSource')}
  0x000001651ce8f304: 0000 0041 | c741 08f0 | 6005 0045 | 8961 0c4d | 8961 104d | 8961 184d | 8961 2044 | 8b44 2440 
  0x000001651ce8f324: 4589 410c | 4585 c00f | 84f3 1900 | 004c 8954 | 2440 4889 | 7c24 304b | 8d14 c449 | 8be9 6690 
  0x000001651ce8f344: ;   {static_call}
  0x000001651ce8f344: c5f8 77e8 

  0x000001651ce8f348: ; ImmutableOopMap {rbp=Oop [32]=Oop [40]=Oop [48]=Oop [64]=Oop [80]=Oop [152]=NarrowOop [156]=NarrowOop [160]=Oop }
                      ;*invokestatic urlNoFragString {reexecute=0 rethrow=0 return_oop=1}
                      ; - java.security.CodeSource::<init>@30
                      ; - java.net.URLClassLoader::defineClass@198
                      ; - java.net.URLClassLoader$1::run@43
  0x000001651ce8f348: 74b1 d5ff 

  0x000001651ce8f34c: ;   {other}
  0x000001651ce8f34c: 0f1f 8400 | 3c13 0009 | 488b d866 | 0f1f 8400 | 0000 0000 | 4180 7f40 | 000f 850f | 0600 0048 
  0x000001651ce8f36c: 8bfd 4c8b | d349 c1ea | 0344 8957 | 204c 8bd3 | 4c8b df4d | 33d3 49c1 | ea15 4d85 | d274 1f48 
  0x000001651ce8f38c: 85db 741a | 49c1 eb09 | 48b9 0000 | cf20 6501 | 0000 4903 | cb80 3902 | 0f85 0a06 | 0000 4c8b 
  0x000001651ce8f3ac: 4424 404d | 85c0 0f85 | bd07 0000 | c5f8 7749 | ba50 158b | 0bf9 7f00 | 0041 ffd2 

  0x000001651ce8f3c8: ;   {other}
  0x000001651ce8f3c8: 0f1f 8400 | 0000 0000 | 4c8b c04c | 2b44 2438 

  0x000001651ce8f3d8: ;   {oop(a 'jdk/internal/perf/PerfCounter'{0x0000000700633470})}
  0x000001651ce8f3d8: 49bb 7034 | 6300 0700 | 0000 488d | 9c24 c000 | 0000 498b | 03a8 020f | 8523 0000 | 0048 83c8 
  0x000001651ce8f3f8: 0148 8903 | f049 0fb1 | 1b0f 8437 | 0000 0048 | 2bc4 4825 | 07f0 ffff | 4889 03e9 | 2400 0000 
  0x000001651ce8f418: 4c8b d048 | 33c0 f04d | 0fb1 7a3e | 48c7 0303 | 0000 0074 | 114c 3bf8 | 7515 49ff | 8286 0000 
  0x000001651ce8f438: 0048 33c0 | 7509 49ff | 8748 0500 | 0033 c00f | 851f 1400 

  0x000001651ce8f44c: ;   {oop(a 'jdk/internal/perf/PerfCounter'{0x0000000700633470})}
  0x000001651ce8f44c: 0049 ba70 | 3463 0007 | 0000 0045 | 8b5a 100f | 1f44 0000 

  0x000001651ce8f460: ; implicit exception: dispatches to 0x000001651ce91480
  0x000001651ce8f460: 438b 6cdc | 2485 ed0f | 85ef 1800 | 0043 8b6c | dc1c 85ed | 0f8c 2b14 | 0000 660f | 1f44 0000 
  0x000001651ce8f480: 85ed 0f84 | 6c13 0000 | 4f8b 54dc | 104d 0102 

  0x000001651ce8f490: ;   {oop(a 'jdk/internal/perf/PerfCounter'{0x0000000700633470})}
  0x000001651ce8f490: 49bb 7034 | 6300 0700 | 0000 488d | 8424 c000 | 0000 4883 | 3800 0f84 | 7900 0000 | 4d8b 1341 
  0x000001651ce8f4b0: f6c2 020f | 8462 0000 | 0049 83ba | 8600 0000 | 0074 0949 | ff8a 8600 | 0000 eb4b | 498b 8296 
  0x000001651ce8f4d0: 0000 0049 | 0b82 8e00 | 0000 750a | 49c7 423e | 0000 0000 | eb3d 4983 | ba9e 0000 | 0000 7422 
  0x000001651ce8f4f0: 4833 c049 | c742 3e00 | 0000 00f0 | 8304 2400 | 4983 ba9e | 0000 0000 | 750d f04d | 0fb1 7a3e 
  0x000001651ce8f510: 7505 83c8 | 01eb 0ca8 | 00eb 084c | 8b10 f04d | 0fb1 1375 | 0a49 ff8f | 4805 0000 | 4533 d20f 
  0x000001651ce8f530: 85ab 1300 | 004c 8b84 | 24a0 0000 | 0066 6690 

  0x000001651ce8f540: ; implicit exception: dispatches to 0x000001651ce914a4
  0x000001651ce8f540: 458b 580c | 4d8b 8fb8 | 0100 004d | 8bd1 4983 | c210 4d3b | 97c8 0100 | 000f 8366 | 0b00 004d 
  0x000001651ce8f560: 8997 b801 | 0000 410f | 0d8a 0001 | 0000 49c7 | 0101 0000 

  0x000001651ce8f574: ;   {metadata('java/security/SecureClassLoader$CodeSourceKey')}
  0x000001651ce8f574: 0041 c741 | 08e8 8709 | 0045 8961 | 0c4c 8bd7 | 49c1 ea03 | 4589 510c | 498b 9fb8 | 0100 008b 
  0x000001651ce8f594: 8c24 9800 | 0000 418b | 6ccc 504c | 8bd3 4983 | c210 4d3b | 97c8 0100 | 000f 83c5 | 0a00 004d 
  0x000001651ce8f5b4: 8997 b801 | 0000 410f | 0d8a 0001 | 0000 48c7 | 0301 0000 

  0x000001651ce8f5c8: ;   {metadata('java/security/SecureClassLoader$1')}
  0x000001651ce8f5c8: 00c7 4308 | 288a 0900 | 4489 630c | 894b 0c45 | 8b54 ec08 | 0f1f 4000 

  0x000001651ce8f5e0: ;   {metadata('java/util/concurrent/ConcurrentHashMap')}
  0x000001651ce8f5e0: 4181 fa48 | 6905 000f | 8525 1300 | 0044 895c | 243c 4c89 | 4424 4089 | 4c24 3849 | 8d14 ec4d 
  0x000001651ce8f600: 8bc1 4c8b | cb66 6690 

  0x000001651ce8f608: ;   {optimized virtual_call}
  0x000001651ce8f608: c5f8 77e8 

  0x000001651ce8f60c: ; ImmutableOopMap {[32]=Oop [40]=Oop [48]=Oop [56]=NarrowOop [64]=Oop [80]=Oop [156]=NarrowOop }
                      ;*invokeinterface computeIfAbsent {reexecute=0 rethrow=0 return_oop=1}
                      ; - java.security.SecureClassLoader::getProtectionDomain@28
                      ; - java.security.SecureClassLoader::defineClass@9
                      ; - java.net.URLClassLoader::defineClass@220
                      ; - java.net.URLClassLoader$1::run@43
  0x000001651ce8f60c: d078 1901 

  0x000001651ce8f610: ;   {other}
  0x000001651ce8f610: 0f1f 8400 | 0016 000a 

  0x000001651ce8f618: ; implicit exception: dispatches to 0x000001651ce914f4
  0x000001651ce8f618: 448b 5808 | 0f1f 4000 

  0x000001651ce8f620: ;   {metadata('java/security/ProtectionDomain')}
  0x000001651ce8f620: 4181 fb78 | 4604 000f | 855b 1d00 | 0048 8bc8 | 488b 5424 | 284c 8b44 | 2420 4c8b | 4c24 4033 
  0x000001651ce8f640: ff8b 7424 | 3c66 6690 

  0x000001651ce8f648: ;   {optimized virtual_call}
  0x000001651ce8f648: c5f8 77e8 

  0x000001651ce8f64c: ; ImmutableOopMap {[48]=Oop [80]=Oop }
                      ;*invokevirtual defineClass {reexecute=0 rethrow=0 return_oop=1}
                      ; - java.security.SecureClassLoader::defineClass@12
                      ; - java.net.URLClassLoader::defineClass@220
                      ; - java.net.URLClassLoader$1::run@43
  0x000001651ce8f64c: 30d3 ed00 

  0x000001651ce8f650: ;   {other}
  0x000001651ce8f650: 0f1f 8400 | 4016 000b | eb02 33c0 | c5f8 7748 | 81c4 e000 

  0x000001651ce8f664: ;   {poll_return}
  0x000001651ce8f664: 0000 5d49 | 3ba7 4804 | 0000 0f87 | 1729 0000 | c349 8b87 | b801 0000 | 4c8b d049 | 83c2 184d 
  0x000001651ce8f684: 3b97 c801 | 0000 0f83 | d80e 0000 | 4d89 97b8 | 0100 0041 | 0f0d 8a00 | 0100 0048 | c700 0100 
  0x000001651ce8f6a4: ;   {metadata('java/lang/String')}
  0x000001651ce8f6a4: 0000 c740 | 0890 2004 | 0044 8960 | 0c44 8960 

  0x000001651ce8f6b4: ;   {oop([B{0x00000007005d6698})}
  0x000001651ce8f6b4: 10c7 4014 | d3ac 0be0 

  0x000001651ce8f6bc: ;   {oop(".class"{0x00000007006334a0})}
  0x000001651ce8f6bc: 49ba a034 | 6300 0700 | 0000 458b | 5a0c 4489 | 580c 450f | b65a 1144 | 8858 11e9 | a6f4 ffff 
  0x000001651ce8f6dc: bb2f 0000 | 00e9 4ef0 | ffff 48ff | 7424 2048 | 8f84 24b8 | 0000 00e9 | 26f8 ffff | 41b8 2f00 
  0x000001651ce8f6fc: 0000 6690 | e966 f2ff 

  0x000001651ce8f704: ;   {metadata('java/lang/IllegalArgumentException')}
  0x000001651ce8f704: ff48 bd00 | 0002 0008 | 0000 004c | 8b54 2458 | 4d85 d20f | 84aa 0500 | 0048 8b54 | 2428 4c8b 
  0x000001651ce8f724: 8424 b800 | 0000 4c8b | 4c24 5848 | 8b7c 2448 

  0x000001651ce8f734: ;   {optimized virtual_call}
  0x000001651ce8f734: c5f8 77e8 

  0x000001651ce8f738: ; ImmutableOopMap {[32]=Oop [40]=Oop [48]=Oop [64]=NarrowOop [72]=Oop [80]=Oop [88]=Oop [152]=NarrowOop [156]=NarrowOop [184]=Oop }
                      ;*invokevirtual definePackage {reexecute=0 rethrow=0 return_oop=1}
                      ; - java.net.URLClassLoader::defineClass@64
                      ; - java.net.URLClassLoader$1::run@43
  0x000001651ce8f738: 44f3 3dff 

  0x000001651ce8f73c: ;   {other}
  0x000001651ce8f73c: 0f1f 8400 | 2c17 000c | 4c8b 7424 | 3044 8b6c | 2440 e9d0 | f9ff ff33 | edba 0100 | 0000 e91a 
  0x000001651ce8f75c: f0ff ff43 | 0fb6 6cd4 | 1085 ed0f | 8569 1900 | 0043 8b4c | d418 418b | 6ccc 1841 | 8b4c ec18 
  0x000001651ce8f77c: 0f1f 4000 | 85c9 7c0b | 453b 64ec | 400f 8509 | 0a00 0047 | 8864 d412 | e951 f8ff | ff4f 8d1c 
  0x000001651ce8f79c: ec48 8d9c | 24c0 0000 | 0049 8b03 | a802 0f85 | 2300 0000 | 4883 c801 | 4889 03f0 | 490f b11b 
  0x000001651ce8f7bc: 0f84 3700 | 0000 482b | c448 2507 | f0ff ff48 | 8903 e924 | 0000 004c | 8bd0 4833 | c0f0 4d0f 
  0x000001651ce8f7dc: b17a 3e48 | c703 0300 | 0000 7411 | 4c3b f875 | 1549 ff82 | 8600 0000 | 4833 c075 | 0949 ff87 
  0x000001651ce8f7fc: 4805 0000 | 33c0 0f85 | 5d18 0000 | 430f b66c | ec10 85ed | 0f85 0219 | 0000 478b | 54ec 180f 
  0x000001651ce8f81c: 1f44 0000 

  0x000001651ce8f820: ; implicit exception: dispatches to 0x000001651ce91778
  0x000001651ce8f820: 438b 6cd4 | 1845 8b44 | ec18 4585 | c07c 0b45 | 3b64 ec40 | 0f85 d80a 

  0x000001651ce8f838: ;   {no_reloc}
  0x000001651ce8f838: 0000 488d | 8424 c000 | 0000 4883 | 3800 0f84 | 7900 0000 | 4d8b 1341 | f6c2 020f | 8462 0000 
  0x000001651ce8f858: 0049 83ba | 8600 0000 | 0074 0949 | ff8a 8600 | 0000 eb4b | 498b 8296 | 0000 0049 | 0b82 8e00 
  0x000001651ce8f878: 0000 750a | 49c7 423e | 0000 0000 | eb3d 4983 | ba9e 0000 | 0000 7422 | 4833 c049 | c742 3e00 
  0x000001651ce8f898: 0000 00f0 | 8304 2400 | 4983 ba9e | 0000 0000 | 750d f04d | 0fb1 7a3e | 7505 83c8 | 01eb 0ca8 
  0x000001651ce8f8b8: 00eb 084c | 8b10 f04d | 0fb1 1375 | 0a49 ff8f | 4805 0000 | 4533 d20f | 85d6 1700 | 0047 8864 
  0x000001651ce8f8d8: ec12 e9d1 

  0x000001651ce8f8dc: ;   {oop(""{0x0000000700633b28})}
  0x000001651ce8f8dc: f9ff ff48 | bb28 3b63 | 0007 0000 | 00e9 28f6 | ffff 498b | d390 c5f8 | 7748 b878 | f26c 0008 
  0x000001651ce8f8fc: ;   {virtual_call}
  0x000001651ce8f8fc: 0000 00e8 

  0x000001651ce8f900: ; ImmutableOopMap {[32]=Oop [40]=Oop [48]=Oop [64]=NarrowOop [80]=Oop [152]=NarrowOop [156]=NarrowOop }
                      ;*invokevirtual getBytes {reexecute=0 rethrow=0 return_oop=1}
                      ; - java.net.URLClassLoader::defineClass@179
                      ; - java.net.URLClassLoader$1::run@43
  0x000001651ce8f900: dc24 f9ff 

  0x000001651ce8f904: ;   {other}
  0x000001651ce8f904: 0f1f 8400 | f418 000d | 4889 8424 | a000 0000 | e938 f9ff | ff0f 1f80 | 0000 0000 

  0x000001651ce8f920: ;   {metadata('jdk/internal/loader/URLClassPath$FileLoader$1')}
  0x000001651ce8f920: 4181 fb78 | f26c 000f | 852b 1800 | 0045 33d2 | e9a1 f9ff | ff66 6666 | 0f1f 8400 | 0000 0000 
  0x000001651ce8f940: ;   {metadata('jdk/internal/loader/URLClassPath$FileLoader$1')}
  0x000001651ce8f940: 81ff 78f2 | 6c00 0f85 | 2c18 0000 | 4889 5c24 | 2848 8974 | 2420 4d8b | ce41 8b79 | 1c66 6690 
  0x000001651ce8f960: ; implicit exception: dispatches to 0x000001651ce91840
  0x000001651ce8f960: 458b 6cfc | 0ce9 67f3 | ffff 4533 | d24c 8994 | 2490 0000 | 00e9 2bf3 | ffff 488b | fd44 8b5f 
  0x000001651ce8f980: 2045 85db | 0f84 e4f9 | ffff 4d8b | 5728 498b | cb48 c1e1 | 034d 85d2 | 0f84 1213 | 0000 4d8b 
  0x000001651ce8f9a0: 5f38 4b89 | 4c13 f849 | 83c2 f84d | 8957 28e9 | baf9 ffff | 4d8b 5758 | 4d8b 5f48 | f083 4424 
  0x000001651ce8f9c0: c000 8039 | 000f 84df | f9ff ff44 | 8821 4d85 | db75 2049 | 8bd7 c5f8 | 7749 baf0 | 2150 0bf9 
  0x000001651ce8f9e0: 7f00 0041 

  0x000001651ce8f9e4: ;   {other}
  0x000001651ce8f9e4: ffd2 0f1f | 8400 0000 | 0000 e9b7 | f9ff ff4b | 894c 1af8 | 4983 c3f8 | 4d89 5f48 | e9a5 f9ff 
  0x000001651ce8fa04: ff44 8b53 | 1445 85d2 | 0f84 c9f4 | ffff 4d8b | 5f28 498b | ca48 c1e1 | 0366 6690 | 4d85 db0f 
  0x000001651ce8fa24: 8447 1400 | 004d 8b57 | 384b 894c | 1af8 4983 | c3f8 4d89 | 5f28 e99c | f4ff ff4d | 8b57 484d 
  0x000001651ce8fa44: 8b5f 58f0 | 8344 24c0 | 0080 3900 | 0f84 bcf4 | ffff 4488 | 214d 85d2 | 7520 498b | d7c5 f877 
  0x000001651ce8fa64: 49ba f021 | 500b f97f | 0000 41ff 

  0x000001651ce8fa70: ;   {other}
  0x000001651ce8fa70: d20f 1f84 | 0000 0000 | 00e9 94f4 | ffff 4b89 | 4c13 f849 | 83c2 f84d | 8957 48e9 | 82f4 ffff 
  0x000001651ce8fa90: ;   {metadata('jdk/internal/loader/URLClassPath$FileLoader$1')}
  0x000001651ce8fa90: 4181 fb78 | f26c 000f | 850b 1700 | 0045 33d2 | 4c89 7424 | 304c 8954 | 2458 e92b | f6ff ff47 
  0x000001651ce8fab0: 0fb6 5cd4 | 1145 85db | 0f85 37f5 | ffff 4c89 | 4c24 7044 | 8954 244c | 4889 7c24 | 5844 896c 
  0x000001651ce8fad0: 2448 48ff | 7424 2848 | 8f44 2440 | 48ff 7424 | 2048 8f44 | 2428 488b | ac24 9000 | 0000 4c89 
  0x000001651ce8faf0: 7424 3090 

  0x000001651ce8faf4: ;   {static_call}
  0x000001651ce8faf4: c5f8 77e8 

  0x000001651ce8faf8: ; ImmutableOopMap {[40]=Oop [48]=Oop [64]=Oop [72]=NarrowOop [76]=NarrowOop [80]=Oop [88]=Oop [112]=Oop [152]=NarrowOop [156]=NarrowOop [184]=Oop }
                      ;*invokestatic beginInit {reexecute=0 rethrow=0 return_oop=1}
                      ; - java.util.jar.JarFile::ensureInitialization@31
                      ; - java.util.jar.JavaUtilJarAccessImpl::ensureInitialization@1
                      ; - jdk.internal.loader.URLClassPath$JarLoader$2::getManifest@10
                      ; - java.net.URLClassLoader::defineClass@34
                      ; - java.net.URLClassLoader$1::run@43
  0x000001651ce8faf8: 6825 0000 

  0x000001651ce8fafc: ;   {other}
  0x000001651ce8fafc: 0f1f 8400 | ec1a 000e | 4889 4424 | 6048 8b54 | 2470 6690 

  0x000001651ce8fb10: ;   {optimized virtual_call}
  0x000001651ce8fb10: c5f8 77e8 

  0x000001651ce8fb14: ; ImmutableOopMap {[40]=Oop [48]=Oop [64]=Oop [72]=NarrowOop [76]=NarrowOop [80]=Oop [88]=Oop [96]=Oop [112]=Oop [152]=NarrowOop [156]=NarrowOop [184]=Oop }
                      ;*invokevirtual initializeVerifier {reexecute=0 rethrow=0 return_oop=0}
                      ; - java.util.jar.JarFile::ensureInitialization@36
                      ; - java.util.jar.JavaUtilJarAccessImpl::ensureInitialization@1
                      ; - jdk.internal.loader.URLClassPath$JarLoader$2::getManifest@10
                      ; - java.net.URLClassLoader::defineClass@34
                      ; - java.net.URLClassLoader$1::run@43
  0x000001651ce8fb14: 5b25 0000 

  0x000001651ce8fb18: ;   {other}
  0x000001651ce8fb18: 0f1f 8400 | 081b 000f | 448b 5424 | 4c43 c644 | d411 0148 | 8b54 2460 

  0x000001651ce8fb30: ;   {static_call}
  0x000001651ce8fb30: c5f8 77e8 

  0x000001651ce8fb34: ; ImmutableOopMap {[40]=Oop [48]=Oop [64]=Oop [72]=NarrowOop [80]=Oop [88]=Oop [112]=Oop [152]=NarrowOop [156]=NarrowOop [184]=Oop }
                      ;*invokestatic endInit {reexecute=0 rethrow=0 return_oop=0}
                      ; - java.util.jar.JarFile::ensureInitialization@45
                      ; - java.util.jar.JavaUtilJarAccessImpl::ensureInitialization@1
                      ; - jdk.internal.loader.URLClassPath$JarLoader$2::getManifest@10
                      ; - java.net.URLClassLoader::defineClass@34
                      ; - java.net.URLClassLoader$1::run@43
  0x000001651ce8fb34: 4a25 0000 

  0x000001651ce8fb38: ;   {other}
  0x000001651ce8fb38: 0f1f 8400 | 281b 0010 | 4c8b 7424 | 3048 89ac | 2490 0000 | 0048 ff74 | 2428 488f | 4424 2048 
  0x000001651ce8fb58: ff74 2440 | 488f 4424 | 2844 8b6c | 2448 488b | 7c24 584c | 8b4c 2470 | e980 f4ff | ff41 8b48 
  0x000001651ce8fb78: 0c4c 63c9 | 49c1 e102 | 81f9 0000 | 0400 0f87 | a714 0000 | 498b 9fb8 | 0100 004d | 8d51 1749 
  0x000001651ce8fb98: 83e2 f84c | 8bdb 4d03 | da4d 3b9f | c801 0000 | 0f83 8514 | 0000 4d89 | 9fb8 0100 | 0041 0f0d 
  0x000001651ce8fbb8: 8b00 0100 | 0048 c703 | 0100 0000 | 410f 0d8b | 4001 0000 

  0x000001651ce8fbcc: ;   {metadata('java/security/CodeSigner'[])}
  0x000001651ce8fbcc: c743 0850 | f76c 0089 | 4b0c 410f | 0d8b 8001 | 0000 4889 | 7c24 4849 | 8be9 488b | 4c24 4048 
  0x000001651ce8fbec: 83c1 1048 | 8bd3 4883 | c210 4c8d | 5507 49c1 | ea03 4d8b | c2c5 f877 | 49ba 6081 | 251c 6501 
  0x000001651ce8fc0c: 0000 41ff 

  0x000001651ce8fc10: ;   {other}
  0x000001651ce8fc10: d20f 1f84 | 0000 0000 | 000f 1f80 | 0000 0000 | 4180 7f40 | 000f 8508 | 1000 0048 | 8b7c 2448 
  0x000001651ce8fc30: 4c8b d349 | c1ea 0344 | 8957 104c | 8bd7 4c8b | db4d 33da | 49c1 eb15 | 4d85 db0f | 8467 f7ff 
  0x000001651ce8fc50: ff49 c1ea | 0949 b800 | 00cf 2065 | 0100 004d | 03c2 4180 | 3802 0f84 | 4cf7 ffff | 4d8b 5758 
  0x000001651ce8fc70: 4d8b 5f48 | f083 4424 | c000 660f | 1f44 0000 | 4180 3800 | 0f84 2ef7 | ffff 4588 | 204d 85db 
  0x000001651ce8fc90: 7523 498b | c849 8bd7 | c5f8 7749 | baf0 2150 | 0bf9 7f00 | 0041 ffd2 

  0x000001651ce8fca8: ;   {other}
  0x000001651ce8fca8: 0f1f 8400 | 0000 0000 | e903 f7ff | ff4f 8944 | 1af8 4983 | c3f8 4d89 | 5f48 e9f1 | f6ff ff48 
  0x000001651ce8fcc8: 8b54 2428 | 4c8b 8424 | b800 0000 | 4c8b 8c24 | 9000 0000 | 488b bc24 | 9000 0000 | 488b b424 
  0x000001651ce8fce8: 9000 0000 | 488b 8c24 | 9000 0000 | 4c8b 9424 | 9000 0000 | 4c89 1424 | 4c8b 9424 | 9000 0000 
  0x000001651ce8fd08: 4c89 5424 | 084c 8b94 | 2490 0000 | 004c 8954 | 2410 6690 

  0x000001651ce8fd1c: ;   {optimized virtual_call}
  0x000001651ce8fd1c: c5f8 77e8 

  0x000001651ce8fd20: ; ImmutableOopMap {[32]=Oop [40]=Oop [48]=Oop [64]=NarrowOop [72]=Oop [80]=Oop [152]=NarrowOop [156]=NarrowOop [184]=Oop }
                      ;*invokevirtual definePackage {reexecute=0 rethrow=0 return_oop=1}
                      ; - java.net.URLClassLoader::defineClass@81
                      ; - java.net.URLClassLoader$1::run@43
  0x000001651ce8fd20: 1c5f 17f8 

  0x000001651ce8fd24: ;   {other}
  0x000001651ce8fd24: 0f1f 8400 | 141d 0011 | e913 faff | ff48 8974 | 2448 4889 | 7c24 3048 | 8bd6 6690 

  0x000001651ce8fd40: ;   {optimized virtual_call}
  0x000001651ce8fd40: c5f8 77e8 

  0x000001651ce8fd44: ; ImmutableOopMap {rbp=NarrowOop [32]=Oop [40]=Oop [48]=Oop [64]=NarrowOop [72]=Oop [80]=Oop [152]=NarrowOop [156]=NarrowOop [160]=Oop }
                      ;*invokevirtual realEntry {reexecute=0 rethrow=0 return_oop=1}
                      ; - java.util.jar.JarFile$JarFileEntry::getCodeSigners@46
                      ; - jdk.internal.loader.URLClassPath$JarLoader$2::getCodeSigners@4
                      ; - java.net.URLClassLoader::defineClass@185
                      ; - java.net.URLClassLoader$1::run@43
  0x000001651ce8fd44: 38ed 3dff 

  0x000001651ce8fd48: ;   {other}
  0x000001651ce8fd48: 0f1f 8400 | 381d 0012 | 498d 14ec | 4c8b c090 

  0x000001651ce8fd58: ;   {optimized virtual_call}
  0x000001651ce8fd58: c5f8 77e8 

  0x000001651ce8fd5c: ; ImmutableOopMap {[32]=Oop [40]=Oop [48]=Oop [64]=NarrowOop [72]=Oop [80]=Oop [152]=NarrowOop [156]=NarrowOop [160]=Oop }
                      ;*invokevirtual getCodeSigners {reexecute=0 rethrow=0 return_oop=1}
                      ; - java.util.jar.JarFile$JarFileEntry::getCodeSigners@49
                      ; - jdk.internal.loader.URLClassPath$JarLoader$2::getCodeSigners@4
                      ; - java.net.URLClassLoader::defineClass@185
                      ; - java.net.URLClassLoader$1::run@43
  0x000001651ce8fd5c: 20ed 3dff 

  0x000001651ce8fd60: ;   {other}
  0x000001651ce8fd60: 0f1f 8400 | 501d 0013 | 488b d841 | 807f 4000 | 0f85 8411 | 0000 488b | 7c24 484c | 8bc3 4d8b 
  0x000001651ce8fd80: c849 c1e9 | 0344 894f | 5c4c 8bd7 | 4d8b d84d | 33da 49c1 | eb15 4d85 | db0f 84f1 | 1000 0090 
  0x000001651ce8fda0: 4d85 c00f | 8447 1100 | 0049 c1ea | 0948 b900 | 00cf 2065 | 0100 0049 | 03ca 660f | 1f44 0000 
  0x000001651ce8fdc0: 8039 020f | 85d5 1000 | 0048 8b7c | 2430 438b | 4ccc 0c4b | 8d2c cc4c | 63c1 49c1 | e002 6690 
  0x000001651ce8fde0: 81f9 0000 | 0400 0f87 | 0412 0000 | 498b 9fb8 | 0100 004d | 8d50 1749 | 83e2 f84c | 8bdb 4d03 
  0x000001651ce8fe00: da4d 3b9f | c801 0000 | 0f83 e211 | 0000 4d89 | 9fb8 0100 | 0041 0f0d | 8b00 0100 | 0048 c703 
  0x000001651ce8fe20: 0100 0000 | 410f 0d8b | 4001 0000 

  0x000001651ce8fe2c: ;   {metadata('java/security/CodeSigner'[])}
  0x000001651ce8fe2c: c743 0850 | f76c 0089 | 4b0c 410f | 0d8b 8001 | 0000 4b8d | 4ccc 1048 | 8bd3 4883 | c210 4983 
  0x000001651ce8fe4c: c007 49c1 | e803 c5f8 | 7749 ba60 | 8125 1c65 | 0100 0041 

  0x000001651ce8fe60: ;   {other}
  0x000001651ce8fe60: ffd2 0f1f | 8400 0000 | 0000 4889 | 9c24 9000 | 0000 e957 | f4ff ff4c | 63c5 4d8d | 5010 498b 
  0x000001651ce8fe80: ca48 83e1 | f848 8bfe | 4803 f949 | c1ea 034d | 2bca 498b | c948 33c0 | 4883 f908 | 7f10 48ff 
  0x000001651ce8fea0: c978 4f48 | 8904 cf48 | ffc9 7df7 | eb44 c5fd | efc0 e90d | 0000 00c5 | fe7f 07c5 | fe7f 4720 
  0x000001651ce8fec0: 4883 c740 | 4883 e908 | 7ded 4883 | c104 7c0c | c5fe 7f07 | 4883 c720 | 4883 e904 | 4883 c104 
  0x000001651ce8fee0: 7e10 48ff | c9c5 f9d6 | 0748 83c7 | 0848 ffc9 | 7df3 498b | cbc5 f877 | 49ba c07a | 251c 6501 
  0x000001651ce8ff00: 0000 41ff 

  0x000001651ce8ff04: ;   {other}
  0x000001651ce8ff04: d20f 1f84 | 0000 0000 | 00e9 2bef | ffff 4489 | 5424 3c48 | 895c 2440 | 897c 2438 | 894c 2434 
  0x000001651ce8ff24: 4489 4424 | 304c 895c | 2428 4c89 

  0x000001651ce8ff30: ;   {metadata({type array byte})}
  0x000001651ce8ff30: 4c24 2048 | bac8 0a04 | 0008 0000 | 0044 8b44 | 243c 4889 | 7424 4890 

  0x000001651ce8ff48: ;   {runtime_call _new_array_Java}
  0x000001651ce8ff48: c5f8 77e8 

  0x000001651ce8ff4c: ; ImmutableOopMap {[32]=Oop [40]=Oop [80]=Oop }
                      ;*invokevirtual allocateUninitializedArray0 {reexecute=0 rethrow=0 return_oop=1}
                      ; - jdk.internal.misc.Unsafe::allocateUninitializedArray@51
                      ; - java.lang.StringConcatHelper::newArray@33
                      ; - java.lang.StringConcatHelper::simpleConcat@61
                      ; - java.lang.String::concat@11
                      ; - java.net.URLClassLoader$1::run@13
  0x000001651ce8ff4c: 306c 4aff 

  0x000001651ce8ff50: ;   {other}
  0x000001651ce8ff50: 0f1f 8400 | 401f 0014 | 4c8b 5c24 | 2844 8b44 | 2430 8b4c | 2434 8b7c | 2438 488b | 5c24 4044 
  0x000001651ce8ff70: 8b54 243c | 488b e84c | 8b4c 2420 | 0f1f 4000 | e939 ebff 

  0x000001651ce8ff84: ;   {metadata('java/lang/String')}
  0x000001651ce8ff84: ff48 ba90 | 2004 0008 | 0000 0090 

  0x000001651ce8ff90: ;   {runtime_call _new_instance_Java}
  0x000001651ce8ff90: c5f8 77e8 

  0x000001651ce8ff94: ; ImmutableOopMap {rbp=Oop [80]=Oop }
                      ;*new {reexecute=0 rethrow=0 return_oop=1}
                      ; - java.lang.StringConcatHelper::newString@6
                      ; - java.lang.StringConcatHelper::simpleConcat@90
                      ; - java.lang.String::concat@11
                      ; - java.net.URLClassLoader$1::run@13
  0x000001651ce8ff94: e868 4aff 

  0x000001651ce8ff98: ;   {other}
  0x000001651ce8ff98: 0f1f 8400 | 881f 0015 | e9d2 ebff | ff89 5424 | 4448 8974 | 2448 897c | 2440 895c | 2434 4c89 
  0x000001651ce8ffb8: 7424 3889 | 4c24 3044 | 895c 242c | 4489 4424 

  0x000001651ce8ffc8: ;   {metadata({type array byte})}
  0x000001651ce8ffc8: 2848 bac8 | 0a04 0008 | 0000 0044 | 8bc1 6690 

  0x000001651ce8ffd8: ;   {runtime_call _new_array_Java}
  0x000001651ce8ffd8: c5f8 77e8 

  0x000001651ce8ffdc: ; ImmutableOopMap {[40]=NarrowOop [44]=NarrowOop [56]=Oop [72]=Oop [80]=Oop }
                      ;*invokevirtual allocateUninitializedArray0 {reexecute=0 rethrow=0 return_oop=1}
                      ; - jdk.internal.misc.Unsafe::allocateUninitializedArray@51
                      ; - java.lang.StringConcatHelper::newArray@33
                      ; - java.lang.StringLatin1::replace@49
                      ; - java.lang.String::replace@18
                      ; - java.net.URLClassLoader$1::run@8
  0x000001651ce8ffdc: a06b 4aff 

  0x000001651ce8ffe0: ;   {other}
  0x000001651ce8ffe0: 0f1f 8400 | d01f 0016 | 448b 4424 | 2844 8b5c | 242c 8b4c | 2430 4c8b | 7424 388b | 5c24 348b 
  0x000001651ce90000: 7c24 4048 | 8b74 2448 | 8b54 2444 | 4c8b c8e9 | d4e7 ffff 

  0x000001651ce90014: ;   {metadata('java/lang/String')}
  0x000001651ce90014: 48ba 9020 | 0400 0800 | 0000 498b | ee4c 894c | 2430 6690 

  0x000001651ce90028: ;   {runtime_call _new_instance_Java}
  0x000001651ce90028: c5f8 77e8 

  0x000001651ce9002c: ; ImmutableOopMap {rbp=Oop [48]=Oop [80]=Oop }
                      ;*new {reexecute=0 rethrow=0 return_oop=1}
                      ; - java.lang.StringLatin1::replace@116
                      ; - java.lang.String::replace@18
                      ; - java.net.URLClassLoader$1::run@8
  0x000001651ce9002c: 5068 4aff 

  0x000001651ce90030: ;   {other}
  0x000001651ce90030: 0f1f 8400 | 2020 0017 | 4c8b d84c | 8b4c 2430 | e972 e9ff | ff49 8bea | 4889 7c24 

  0x000001651ce9004c: ;   {metadata('java/security/CodeSource')}
  0x000001651ce9004c: 3048 baf0 | 6005 0008 | 0000 0090 

  0x000001651ce90058: ;   {runtime_call _new_instance_Java}
  0x000001651ce90058: c5f8 77e8 

  0x000001651ce9005c: ; ImmutableOopMap {rbp=Oop [32]=Oop [40]=Oop [48]=Oop [64]=NarrowOop [80]=Oop [152]=NarrowOop [156]=NarrowOop [160]=Oop }
                      ;*new {reexecute=0 rethrow=0 return_oop=1}
                      ; - java.net.URLClassLoader::defineClass@190
                      ; - java.net.URLClassLoader$1::run@43
  0x000001651ce9005c: 2068 4aff 

  0x000001651ce90060: ;   {other}
  0x000001651ce90060: 0f1f 8400 | 5020 0018 | 488b 7c24 | 304c 8bd5 | 4c8b c8e9 | a7f2 ffff | 4c89 4c24 | 4844 895c 
  0x000001651ce90080: 243c 4c89 

  0x000001651ce90084: ;   {metadata('java/security/SecureClassLoader$1')}
  0x000001651ce90084: 4424 4048 | ba28 8a09 | 0008 0000 | 0066 6690 

  0x000001651ce90094: ;   {runtime_call _new_instance_Java}
  0x000001651ce90094: c5f8 77e8 

  0x000001651ce90098: ; ImmutableOopMap {rbp=NarrowOop [32]=Oop [40]=Oop [48]=Oop [64]=Oop [72]=Oop [80]=Oop [152]=NarrowOop [156]=NarrowOop }
                      ;*new {reexecute=0 rethrow=0 return_oop=1}
                      ; - java.security.SecureClassLoader::getProtectionDomain@20
                      ; - java.security.SecureClassLoader::defineClass@9
                      ; - java.net.URLClassLoader::defineClass@220
                      ; - java.net.URLClassLoader$1::run@43
  0x000001651ce90098: e467 4aff 

  0x000001651ce9009c: ;   {other}
  0x000001651ce9009c: 0f1f 8400 | 8c20 0019 | 8b8c 2498 | 0000 004c | 8b44 2440 | 448b 5c24 | 3c4c 8b4c | 2448 488b 
  0x000001651ce900bc: d866 6690 | e90f f5ff | ff44 895c | 2440 4889 

  0x000001651ce900cc: ;   {metadata('java/security/SecureClassLoader$CodeSourceKey')}
  0x000001651ce900cc: 7c24 3848 | bae8 8709 | 0008 0000 | 0066 6690 

  0x000001651ce900dc: ;   {runtime_call _new_instance_Java}
  0x000001651ce900dc: c5f8 77e8 

  0x000001651ce900e0: ; ImmutableOopMap {[32]=Oop [40]=Oop [48]=Oop [56]=Oop [80]=Oop [152]=NarrowOop [156]=NarrowOop [160]=Oop }
                      ;*new {reexecute=0 rethrow=0 return_oop=1}
                      ; - java.security.SecureClassLoader::getProtectionDomain@6
                      ; - java.security.SecureClassLoader::defineClass@9
                      ; - java.net.URLClassLoader::defineClass@220
                      ; - java.net.URLClassLoader$1::run@43
  0x000001651ce900e0: 9c67 4aff 

  0x000001651ce900e4: ;   {other}
  0x000001651ce900e4: 0f1f 8400 | d420 001a | 4c8b 8424 | a000 0000 | 488b 7c24 | 3844 8b5c | 2440 4c8b | c8e9 7bf4 
  0x000001651ce90104: ffff 4489 | 6c24 4448 | ff74 2428 | 488f 4424 | 604c 8944 | 2458 48ff | 7424 2048 | 8f44 2448 
  0x000001651ce90124: 4489 5424 | 4089 5424 | 2c89 4c24 | 2848 8bac | 2490 0000 | 004c 8974 

  0x000001651ce9013c: ;   {metadata('java/lang/String')}
  0x000001651ce9013c: 2430 48ba | 9020 0400 | 0800 0000 

  0x000001651ce90148: ;   {runtime_call _new_instance_Java}
  0x000001651ce90148: c5f8 77e8 

  0x000001651ce9014c: ; ImmutableOopMap {[40]=NarrowOop [48]=Oop [68]=NarrowOop [72]=Oop [80]=Oop [88]=Oop [96]=Oop [152]=NarrowOop [156]=NarrowOop }
                      ;*new {reexecute=0 rethrow=0 return_oop=1}
                      ; - java.lang.StringLatin1::newString@7
                      ; - java.lang.String::substring@41
                      ; - java.net.URLClassLoader::defineClass@28
                      ; - java.net.URLClassLoader$1::run@43
  0x000001651ce9014c: 3067 4aff 

  0x000001651ce90150: ;   {other}
  0x000001651ce90150: 0f1f 8400 | 4021 001b | 4c8b 7424 | 3048 89ac | 2490 0000 | 008b 4c24 | 288b 5424 | 2c44 8b54 
  0x000001651ce90170: 2440 48ff | 7424 4848 | 8f44 2420 | 4c8b 4424 | 5848 ff74 | 2460 488f | 4424 2844 | 8b6c 2444 
  0x000001651ce90190: 488b d8e9 | baeb ffff | 894c 246c | 4c89 4c24 | 7044 8944 | 2468 4489 | 5424 5c48 | 897c 2460 
  0x000001651ce901b0: 4489 6c24 | 5848 ff74 | 2428 488f | 4424 4848 | ff74 2420 | 488f 4424 | 2848 8944 | 24f8 8b84 
  0x000001651ce901d0: 249c 0000 | 0089 4424 | 4448 8b44 | 24f8 4889 | 4424 f88b | 8424 9800 | 0000 8944 | 2440 488b 
  0x000001651ce901f0: 4424 f848 | ffb4 2490 | 0000 0048 | 8f44 2420 | 4c89 7424 | 3041 8b6c | ec38 4c8b | d549 c1e2 
  0x000001651ce90210: 034c 8954 | 2478 498b | d244 8bc1 

  0x000001651ce9021c: ;   {static_call}
  0x000001651ce9021c: c5f8 77e8 

  0x000001651ce90220: ; ImmutableOopMap {rbp=NarrowOop [40]=Oop [48]=Oop [64]=NarrowOop [68]=NarrowOop [72]=Oop [80]=Oop [88]=NarrowOop [92]=NarrowOop [96]=Oop [112]=Oop [120]=Oop [184]=Oop }
                      ;*invokestatic CENNAM {reexecute=0 rethrow=0 return_oop=0}
                      ; - java.util.zip.ZipFile::getEntryName@13
                      ; - java.util.zip.ZipFile::getManifestName@41
                      ; - java.util.zip.ZipFile$1::getManifestName@2
                      ; - java.util.jar.JarFile::maybeInstantiateVerifier@20
                      ; - java.util.jar.JarFile::ensureInitialization@1
                      ; - java.util.jar.JavaUtilJarAccessImpl::ensureInitialization@1
                      ; - jdk.internal.loader.URLClassPath$JarLoader$2::getManifest@10
                      ; - java.net.URLClassLoader::defineClass@34
                      ; - java.net.URLClassLoader$1::run@43
  0x000001651ce90220: 5cee 3dff 

  0x000001651ce90224: ;   {other}
  0x000001651ce90224: 0f1f 8400 | 1422 001c | 8984 2480 | 0000 0044 | 8b5c 245c | 478b 44dc | 1866 6690 

  0x000001651ce90240: ; implicit exception: dispatches to 0x000001651ce918a0
  0x000001651ce90240: 478b 54c4 | 1845 85d2 | 0f84 ce0f | 0000 4b8d | 14d4 448b | 4424 6c90 

  0x000001651ce90258: ;   {optimized virtual_call}
  0x000001651ce90258: c5f8 77e8 

  0x000001651ce9025c: ; ImmutableOopMap {rbp=NarrowOop [40]=Oop [48]=Oop [64]=NarrowOop [68]=NarrowOop [72]=Oop [80]=Oop [88]=NarrowOop [92]=NarrowOop [96]=Oop [112]=Oop [120]=Oop [184]=Oop }
                      ;*invokevirtual zipCoderForPos {reexecute=0 rethrow=0 return_oop=1}
                      ; - java.util.zip.ZipFile::getEntryName@25
                      ; - java.util.zip.ZipFile::getManifestName@41
                      ; - java.util.zip.ZipFile$1::getManifestName@2
                      ; - java.util.jar.JarFile::maybeInstantiateVerifier@20
                      ; - java.util.jar.JarFile::ensureInitialization@1
                      ; - java.util.jar.JavaUtilJarAccessImpl::ensureInitialization@1
                      ; - jdk.internal.loader.URLClassPath$JarLoader$2::getManifest@10
                      ; - java.net.URLClassLoader::defineClass@34
                      ; - java.net.URLClassLoader$1::run@43
  0x000001651ce9025c: 20e8 3dff 

  0x000001651ce90260: ;   {other}
  0x000001651ce90260: 0f1f 8400 | 5022 001d | 448b 4c24 | 6c41 83c1 | 2e48 8bd0 | 4c8b 4424 | 788b bc24 | 8000 0000 
  0x000001651ce90280: 6690 c5f8 | 7748 b8ff | ffff ffff 

  0x000001651ce9028c: ;   {virtual_call}
  0x000001651ce9028c: ffff ffe8 

  0x000001651ce90290: ; ImmutableOopMap {[40]=Oop [48]=Oop [64]=NarrowOop [68]=NarrowOop [72]=Oop [80]=Oop [88]=NarrowOop [92]=NarrowOop [96]=Oop [112]=Oop [184]=Oop }
                      ;*invokevirtual toString {reexecute=0 rethrow=0 return_oop=1}
                      ; - java.util.zip.ZipFile::getEntryName@38
                      ; - java.util.zip.ZipFile::getManifestName@41
                      ; - java.util.zip.ZipFile$1::getManifestName@2
                      ; - java.util.jar.JarFile::maybeInstantiateVerifier@20
                      ; - java.util.jar.JarFile::ensureInitialization@1
                      ; - java.util.jar.JavaUtilJarAccessImpl::ensureInitialization@1
                      ; - jdk.internal.loader.URLClassPath$JarLoader$2::getManifest@10
                      ; - java.net.URLClassLoader::defineClass@34
                      ; - java.net.URLClassLoader$1::run@43
  0x000001651ce90290: ecea 3dff 

  0x000001651ce90294: ;   {other}
  0x000001651ce90294: 0f1f 8400 | 8422 001e | 0f1f 4000 | 4885 c00f | 85bf 0800 | 004c 8b74 | 2430 48ff | 7424 2048 
  0x000001651ce902b4: 8f84 2490 | 0000 0048 | 8944 24f8 | 8b44 2440 | 8984 2498 | 0000 0048 | 8b44 24f8 | 4889 4424 
  0x000001651ce902d4: f88b 4424 | 4489 8424 | 9c00 0000 | 488b 4424 | f848 ff74 | 2428 488f | 4424 2048 | ff74 2448 
  0x000001651ce902f4: 488f 4424 | 2844 8b6c | 2458 488b | 7c24 6044 | 8b54 245c | 4c8b 4c24 | 70e9 7df4 | ffff 4489 
  0x000001651ce90314: 4424 604c | 895c 2458 | 4489 6c24 | 4448 8974 | 2448 4889 | 7c24 3041 | 8b6c ec38 | 4c8b d549 
  0x000001651ce90334: c1e2 034c | 8954 2468 | 498b d290 

  0x000001651ce90340: ;   {static_call}
  0x000001651ce90340: c5f8 77e8 

  0x000001651ce90344: ; ImmutableOopMap {rbp=NarrowOop [32]=Oop [40]=Oop [48]=Oop [64]=NarrowOop [68]=NarrowOop [72]=Oop [80]=Oop [88]=Oop [104]=Oop [152]=NarrowOop [156]=NarrowOop [160]=Oop }
                      ;*invokestatic CENNAM {reexecute=0 rethrow=0 return_oop=0}
                      ; - java.util.zip.ZipFile::getEntryName@13
                      ; - java.util.zip.ZipFile::getManifestName@41
                      ; - java.util.zip.ZipFile$1::getManifestName@2
                      ; - java.util.jar.JarFile::maybeInstantiateVerifier@20
                      ; - java.util.jar.JarFile$JarFileEntry::getCodeSigners@4
                      ; - jdk.internal.loader.URLClassPath$JarLoader$2::getCodeSigners@4
                      ; - java.net.URLClassLoader::defineClass@185
                      ; - java.net.URLClassLoader$1::run@43
  0x000001651ce90344: 38ed 3dff 

  0x000001651ce90348: ;   {other}
  0x000001651ce90348: 0f1f 8400 | 3823 001f | 8944 2464 | 448b 5c24 | 4447 8b54 | dc18 6690 

  0x000001651ce90360: ; implicit exception: dispatches to 0x000001651ce918fc
  0x000001651ce90360: 478b 44d4 | 1845 85c0 | 0f84 0a0f | 0000 4b8d | 14c4 448b | 4424 6090 

  0x000001651ce90378: ;   {optimized virtual_call}
  0x000001651ce90378: c5f8 77e8 

  0x000001651ce9037c: ; ImmutableOopMap {rbp=NarrowOop [32]=Oop [40]=Oop [48]=Oop [64]=NarrowOop [68]=NarrowOop [72]=Oop [80]=Oop [88]=Oop [104]=Oop [152]=NarrowOop [156]=NarrowOop [160]=Oop }
                      ;*invokevirtual zipCoderForPos {reexecute=0 rethrow=0 return_oop=1}
                      ; - java.util.zip.ZipFile::getEntryName@25
                      ; - java.util.zip.ZipFile::getManifestName@41
                      ; - java.util.zip.ZipFile$1::getManifestName@2
                      ; - java.util.jar.JarFile::maybeInstantiateVerifier@20
                      ; - java.util.jar.JarFile$JarFileEntry::getCodeSigners@4
                      ; - jdk.internal.loader.URLClassPath$JarLoader$2::getCodeSigners@4
                      ; - java.net.URLClassLoader::defineClass@185
                      ; - java.net.URLClassLoader$1::run@43
  0x000001651ce9037c: 00e7 3dff 

  0x000001651ce90380: ;   {other}
  0x000001651ce90380: 0f1f 8400 | 7023 0020 | 448b 4c24 | 6041 83c1 | 2e48 8bd0 | 4c8b 4424 | 688b 7c24 | 6490 c5f8 
  0x000001651ce903a0: 7748 b8ff | ffff ffff 

  0x000001651ce903a8: ;   {virtual_call}
  0x000001651ce903a8: ffff ffe8 

  0x000001651ce903ac: ; ImmutableOopMap {[32]=Oop [40]=Oop [48]=Oop [64]=NarrowOop [68]=NarrowOop [72]=Oop [80]=Oop [88]=Oop [152]=NarrowOop [156]=NarrowOop [160]=Oop }
                      ;*invokevirtual toString {reexecute=0 rethrow=0 return_oop=1}
                      ; - java.util.zip.ZipFile::getEntryName@38
                      ; - java.util.zip.ZipFile::getManifestName@41
                      ; - java.util.zip.ZipFile$1::getManifestName@2
                      ; - java.util.jar.JarFile::maybeInstantiateVerifier@20
                      ; - java.util.jar.JarFile$JarFileEntry::getCodeSigners@4
                      ; - jdk.internal.loader.URLClassPath$JarLoader$2::getCodeSigners@4
                      ; - java.net.URLClassLoader::defineClass@185
                      ; - java.net.URLClassLoader$1::run@43
  0x000001651ce903ac: d0e9 3dff 

  0x000001651ce903b0: ;   {other}
  0x000001651ce903b0: 0f1f 8400 | a023 0021 | 488b d84c | 8b4c 2458 | 488d 8424 | c000 0000 | 4883 3800 | 0f84 7900 
  0x000001651ce903d0: 0000 4d8b | 1141 f6c2 | 020f 8462 | 0000 0049 | 83ba 8600 | 0000 0074 | 0949 ff8a | 8600 0000 
  0x000001651ce903f0: eb4b 498b | 8296 0000 | 0049 0b82 | 8e00 0000 | 750a 49c7 | 423e 0000 | 0000 eb3d | 4983 ba9e 
  0x000001651ce90410: 0000 0000 | 7422 4833 | c049 c742 | 3e00 0000 | 00f0 8304 | 2400 4983 | ba9e 0000 | 0000 750d 
  0x000001651ce90430: f04d 0fb1 | 7a3e 7505 | 83c8 01eb | 0ca8 00eb | 084c 8b10 | f04d 0fb1 | 1175 0a49 | ff8f 4805 
  0x000001651ce90450: 0000 4533 | d20f 8561 | 0e00 000f | 1f44 0000 | 4885 db0f | 8590 0700 | 0048 8b7c | 2430 488b 
  0x000001651ce90470: 7424 4844 | 8b6c 2444 | e958 f4ff | ff4c 8954 | 2478 4c89 | 5c24 7048 | 895c 2468 | 4489 6c24 
  0x000001651ce90490: 4c48 ff74 | 2428 488f | 4424 6048 | ff74 2420 | 488f 4424 | 5844 8bd2 | 894c 2448 

  0x000001651ce904ac: ;   {no_reloc}
  0x000001651ce904ac: 48ff b424 | 9000 0000 | 488f 4424 | 304c 8974 | 2428 48ff | 7424 5048 | 8f44 2420 

  0x000001651ce904c8: ;   {metadata({type array byte})}
  0x000001651ce904c8: 48ba c80a | 0400 0800 | 0000 4c89 | 4424 5045 | 8bc2 6690 

  0x000001651ce904dc: ;   {runtime_call _new_array_nozero_Java}
  0x000001651ce904dc: c5f8 77e8 

  0x000001651ce904e0: ; ImmutableOopMap {[32]=Oop [40]=Oop [72]=NarrowOop [76]=NarrowOop [80]=Oop [112]=Derived_oop_[80] [88]=Oop [96]=Oop [104]=Oop [152]=NarrowOop [156]=NarrowOop }
                      ;*invokevirtual clone {reexecute=1 rethrow=0 return_oop=1}
                      ; - (reexecute) java.util.Arrays::copyOfRange@18
                      ; - java.lang.StringLatin1::newString@16
                      ; - java.lang.String::substring@41
                      ; - java.net.URLClassLoader::defineClass@28
                      ; - java.net.URLClassLoader$1::run@43
  0x000001651ce904e0: 9c69 4aff 

  0x000001651ce904e4: ;   {other}
  0x000001651ce904e4: 0f1f 8400 | d424 0022 | 48ff 7424 | 2048 8f44 | 2450 4c8b | 7424 2848 | ff74 2430 | 488f 8424 
  0x000001651ce90504: 9000 0000 | 48ff 7424 | 5848 8f44 | 2420 48ff | 7424 6048 | 8f44 2428 | 448b 6c24 | 4c48 8b5c 
  0x000001651ce90524: 2468 4c8b | 5c24 704c | 8b54 2478 | 488b f0e9 | 6be9 ffff | bae4 ffff | ff4c 8974 | 2428 4c8b 
  0x000001651ce90544: 5c24 384c | 895c 2430 | 4489 5424 | 3c89 4c24 | 4c66 6690 

  0x000001651ce90558: ;   {runtime_call UncommonTrapBlob}
  0x000001651ce90558: c5f8 77e8 

  0x000001651ce9055c: ; ImmutableOopMap {[40]=Oop [76]=NarrowOop [80]=Oop [152]=NarrowOop [156]=NarrowOop }
                      ;*baload {reexecute=0 rethrow=0 return_oop=0}
                      ; - java.lang.StringLatin1::lastIndexOf@24
                      ; - java.lang.String::lastIndexOf@13
                      ; - java.lang.String::lastIndexOf@8
                      ; - java.net.URLClassLoader::defineClass@7
                      ; - java.net.URLClassLoader$1::run@43
  0x000001651ce9055c: a040 3eff 

  0x000001651ce90560: ;   {other}
  0x000001651ce90560: 0f1f 8400 | 5025 0023 

  0x000001651ce90568: ;   {metadata('java/lang/String')}
  0x000001651ce90568: 48ba 9020 | 0400 0800 | 0000 6690 

  0x000001651ce90574: ;   {runtime_call _new_instance_Java}
  0x000001651ce90574: c5f8 77e8 

  0x000001651ce90578: ; ImmutableOopMap {[80]=Oop }
                      ;*new {reexecute=0 rethrow=0 return_oop=1}
                      ; - java.lang.StringConcatHelper::simpleConcat@17
                      ; - java.lang.String::concat@11
                      ; - java.net.URLClassLoader$1::run@13
  0x000001651ce90578: 0463 4aff 

  0x000001651ce9057c: ;   {other}
  0x000001651ce9057c: 0f1f 8400 | 6c25 0024 | e92c f1ff | ff48 89bc | 2488 0000 | 004c 898c | 2480 0000 | 004c 895c 
  0x000001651ce9059c: 2478 4889 | 5c24 7044 | 896c 244c | 48ff 7424 | 2848 8f44 | 2468 48ff | 7424 2048 | 8f44 2458 
  0x000001651ce905bc: 4489 5424 | 4848 8944 | 24f8 8b84 | 249c 0000 | 0089 4424 | 4448 8b44 | 24f8 4889 | 4424 f88b 
  0x000001651ce905dc: 8424 9800 | 0000 8944 | 2440 488b | 4424 f848 | ffb4 2490 | 0000 0048 | 8f44 2428 | 4c89 7424 
  0x000001651ce905fc: ;   {metadata({type array byte})}
  0x000001651ce905fc: 3048 bac8 | 0a04 0008 | 0000 004c | 8944 2460 | 458b c290 

  0x000001651ce90610: ;   {runtime_call _new_array_nozero_Java}
  0x000001651ce90610: c5f8 77e8 

  0x000001651ce90614: ; ImmutableOopMap {[48]=Oop [64]=NarrowOop [68]=NarrowOop [76]=NarrowOop [80]=Oop [88]=Oop [96]=Oop [120]=Derived_oop_[96] [104]=Oop [112]=Oop }
                      ;*newarray {reexecute=0 rethrow=0 return_oop=1}
                      ; - java.util.Arrays::copyOfRangeByte@10
                      ; - java.util.Arrays::copyOfRange@13
                      ; - java.lang.StringLatin1::newString@16
                      ; - java.lang.String::substring@41
                      ; - java.net.URLClassLoader::defineClass@28
                      ; - java.net.URLClassLoader$1::run@43
  0x000001651ce90614: 6868 4aff 

  0x000001651ce90618: ;   {other}
  0x000001651ce90618: 0f1f 8400 | 0826 0025 | 4c8b 7424 | 3048 ff74 | 2428 488f | 8424 9000 | 0000 4889 | 4424 f88b 
  0x000001651ce90638: 4424 4089 | 8424 9800 | 0000 488b | 4424 f848 | 8944 24f8 | 8b44 2444 | 8984 249c | 0000 0048 
  0x000001651ce90658: 8b44 24f8 | 448b 5424 | 4848 ff74 | 2458 488f | 4424 2048 | ff74 2468 | 488f 4424 | 2844 8b6c 
  0x000001651ce90678: 244c 488b | 5c24 704c | 8b5c 2478 | 488b f04c | 8b8c 2480 | 0000 0048 | 8bbc 2488 | 0000 00e9 
  0x000001651ce90698: 5fe7 ffff | 418b ea90 | e9d4 e0ff | ffba f6ff | ffff 4889 | 4424 2090 

  0x000001651ce906b0: ;   {runtime_call UncommonTrapBlob}
  0x000001651ce906b0: c5f8 77e8 

  0x000001651ce906b4: ; ImmutableOopMap {[32]=Oop [80]=Oop }
                      ;*invokevirtual getResource {reexecute=0 rethrow=0 return_oop=0}
                      ; - java.net.URLClassLoader$1::run@26
  0x000001651ce906b4: 483f 3eff 

  0x000001651ce906b8: ;   {other}
  0x000001651ce906b8: 0f1f 8400 | a826 0026 | ba76 ffff | ff48 8b6c | 2450 894c | 2424 4489 | 4424 2844 | 895c 242c 
  0x000001651ce906d8: ;   {runtime_call UncommonTrapBlob}
  0x000001651ce906d8: c5f8 77e8 

  0x000001651ce906dc: ; ImmutableOopMap {rbp=Oop [40]=NarrowOop [44]=NarrowOop }
                      ;*if_icmpge {reexecute=1 rethrow=0 return_oop=0}
                      ; - (reexecute) java.lang.StringLatin1::replace@19
                      ; - java.lang.String::replace@18
                      ; - java.net.URLClassLoader$1::run@8
  0x000001651ce906dc: 203f 3eff 

  0x000001651ce906e0: ;   {other}
  0x000001651ce906e0: 0f1f 8400 | d026 0027 | 4963 d2e9 | 6ee3 ffff | bacc ffff | ff4c 895c | 2428 4889 | 5c24 3089 
  0x000001651ce90700: 7c24 4090 

  0x000001651ce90704: ;   {runtime_call UncommonTrapBlob}
  0x000001651ce90704: c5f8 77e8 

  0x000001651ce90708: ; ImmutableOopMap {rbp=Oop [40]=Oop [80]=Oop }
                      ;*invokestatic arraycopy {reexecute=0 rethrow=0 return_oop=0}
                      ; - java.lang.String::getBytes@22
                      ; - java.lang.StringConcatHelper::prepend@21
                      ; - java.lang.StringConcatHelper::simpleConcat@71
                      ; - java.lang.String::concat@11
                      ; - java.net.URLClassLoader$1::run@13
  0x000001651ce90708: f43e 3eff 

  0x000001651ce9070c: ;   {other}
  0x000001651ce9070c: 0f1f 8400 | fc26 0028 | bacc ffff | ff4c 894c | 2428 4489 | 4424 3890 

  0x000001651ce90724: ;   {runtime_call UncommonTrapBlob}
  0x000001651ce90724: c5f8 77e8 

  0x000001651ce90728: ; ImmutableOopMap {rbp=Oop [40]=Oop [80]=Oop }
                      ;*invokestatic arraycopy {reexecute=0 rethrow=0 return_oop=0}
                      ; - java.lang.String::getBytes@22
                      ; - java.lang.StringConcatHelper::prepend@21
                      ; - java.lang.StringConcatHelper::simpleConcat@81
                      ; - java.lang.String::concat@11
                      ; - java.net.URLClassLoader$1::run@13
  0x000001651ce90728: d43e 3eff 

  0x000001651ce9072c: ;   {other}
  0x000001651ce9072c: 0f1f 8400 | 1c27 0029 | ba76 ffff | ff4c 894c | 2430 894c | 2438 4489 | 4424 3c44 | 895c 2440 
  0x000001651ce9074c: ;   {runtime_call UncommonTrapBlob}
  0x000001651ce9074c: c5f8 77e8 

  0x000001651ce90750: ; ImmutableOopMap {[48]=Oop [60]=NarrowOop [64]=NarrowOop [80]=Oop }
                      ;*if_icmpge {reexecute=1 rethrow=0 return_oop=0}
                      ; - (reexecute) java.lang.StringLatin1::replace@82
                      ; - java.lang.String::replace@18
                      ; - java.net.URLClassLoader$1::run@8
  0x000001651ce90750: ac3e 3eff 

  0x000001651ce90754: ;   {other}
  0x000001651ce90754: 0f1f 8400 | 4427 002a | 33ed 4585 | db40 0f94 | c5ba 45ff | ffff 4489 | 4424 2890 

  0x000001651ce90770: ;   {runtime_call UncommonTrapBlob}
  0x000001651ce90770: c5f8 77e8 

  0x000001651ce90774: ; ImmutableOopMap {[40]=NarrowOop [80]=Oop }
                      ;*ifeq {reexecute=1 rethrow=0 return_oop=0}
                      ; - (reexecute) java.lang.String::replace@9
                      ; - java.net.URLClassLoader$1::run@8
  0x000001651ce90774: 883e 3eff 

  0x000001651ce90778: ;   {other}
  0x000001651ce90778: 0f1f 8400 | 6827 002b | ba76 ffff | ff89 4c24 | 284c 894c | 2430 4489 | 4424 3844 | 895c 243c 
  0x000001651ce90798: ;   {runtime_call UncommonTrapBlob}
  0x000001651ce90798: c5f8 77e8 

  0x000001651ce9079c: ; ImmutableOopMap {[48]=Oop [56]=NarrowOop [60]=NarrowOop [80]=Oop }
                      ;*if_icmpge {reexecute=1 rethrow=0 return_oop=0}
                      ; - (reexecute) java.lang.StringLatin1::replace@61
                      ; - java.lang.String::replace@18
                      ; - java.net.URLClassLoader$1::run@8
  0x000001651ce9079c: 603e 3eff 

  0x000001651ce907a0: ;   {other}
  0x000001651ce907a0: 0f1f 8400 | 9027 002c | baf6 ffff | ff48 8944 | 2428 6690 

  0x000001651ce907b4: ;   {runtime_call UncommonTrapBlob}
  0x000001651ce907b4: c5f8 77e8 

  0x000001651ce907b8: ; ImmutableOopMap {[40]=Oop [80]=Oop [156]=NarrowOop }
                      ;*invokevirtual defineClass {reexecute=0 rethrow=0 return_oop=0}
                      ; - java.net.URLClassLoader$1::run@43
  0x000001651ce907b8: 443e 3eff 

  0x000001651ce907bc: ;   {other}
  0x000001651ce907bc: 0f1f 8400 | ac27 002d | ba45 ffff | ff4c 8b5c | 2430 4c89 | 5c24 284c | 8b5c 2438 | 4c89 5c24 
  0x000001651ce907dc: 304c 8954 | 2448 6690 

  0x000001651ce907e4: ;   {runtime_call UncommonTrapBlob}
  0x000001651ce907e4: c5f8 77e8 

  0x000001651ce907e8: ; ImmutableOopMap {[40]=Oop [64]=NarrowOop [72]=Oop [80]=Oop [152]=NarrowOop [156]=NarrowOop }
                      ;*ifeq {reexecute=1 rethrow=0 return_oop=0}
                      ; - (reexecute) jdk.internal.loader.Resource::getByteBuffer@9
                      ; - java.net.URLClassLoader::defineClass@132
                      ; - java.net.URLClassLoader$1::run@43
  0x000001651ce907e8: 143e 3eff 

  0x000001651ce907ec: ;   {other}
  0x000001651ce907ec: 0f1f 8400 | dc27 002e | bae4 ffff | ff4c 8b54 | 2450 4c89 | 5424 204c | 8b54 2430 | 4c89 5424 
  0x000001651ce9080c: 2848 897c | 2440 4c89 | 4424 4844 | 895c 2454 

  0x000001651ce9081c: ;   {runtime_call UncommonTrapBlob}
  0x000001651ce9081c: c5f8 77e8 

  0x000001651ce90820: ; ImmutableOopMap {[32]=Oop [40]=Oop [64]=Oop [84]=NarrowOop [152]=NarrowOop [156]=NarrowOop [160]=Oop }
                      ;*invokestatic checkIndex {reexecute=0 rethrow=0 return_oop=0}
                      ; - java.nio.Buffer::checkIndex@8
                      ; - java.nio.DirectLongBufferU::get@11
                      ; - jdk.internal.perf.PerfCounter::get@5
                      ; - jdk.internal.perf.PerfCounter::add@1
                      ; - jdk.internal.perf.PerfCounter::addElapsedTimeFrom@6
                      ; - java.net.URLClassLoader::defineClass@207
                      ; - java.net.URLClassLoader$1::run@43
  0x000001651ce90820: dc3d 3eff 

  0x000001651ce90824: ;   {other}
  0x000001651ce90824: 0f1f 8400 | 1428 002f | bae4 ffff | ff4c 8b54 | 2450 4c89 | 5424 204c | 8b54 2430 | 4c89 5424 
  0x000001651ce90844: 284c 8b54 | 2438 4c89 | 5424 3048 | 8944 2460 | 4489 4424 | 6866 6690 

  0x000001651ce9085c: ;   {runtime_call UncommonTrapBlob}
  0x000001651ce9085c: c5f8 77e8 

  0x000001651ce90860: ; ImmutableOopMap {[32]=Oop [40]=Oop [64]=NarrowOop [72]=Oop [96]=Oop [152]=NarrowOop [156]=NarrowOop }
                      ;*invokestatic checkIndex {reexecute=0 rethrow=0 return_oop=0}
                      ; - java.util.zip.CRC32::updateBytesCheck@30
                      ; - java.util.zip.CRC32::updateBytes@3
                      ; - java.util.zip.CRC32::update@31
                      ; - java.util.zip.Checksum::update@5
                      ; - jdk.internal.loader.URLClassPath$JarLoader$2::getBytes@15
                      ; - java.net.URLClassLoader::defineClass@179
                      ; - java.net.URLClassLoader$1::run@43
  0x000001651ce90860: 9c3d 3eff 

  0x000001651ce90864: ;   {other}
  0x000001651ce90864: 0f1f 8400 | 5428 0030 | 4c89 4424 | 3848 8bef 

  0x000001651ce90874: ;   {oop(a 'jdk/internal/perf/PerfCounter'{0x0000000700633470})}
  0x000001651ce90874: 48ba 7034 | 6300 0700 | 0000 4c8d | 8424 c000 | 0000 6690 

  0x000001651ce90888: ;   {runtime_call _complete_monitor_locking_Java}
  0x000001651ce90888: c5f8 77e8 

  0x000001651ce9088c: ; ImmutableOopMap {rbp=Oop [32]=Oop [40]=Oop [48]=Oop [80]=Oop [152]=NarrowOop [156]=NarrowOop [160]=Oop }
                      ;*synchronization entry
                      ; - jdk.internal.perf.PerfCounter::add@-1
                      ; - jdk.internal.perf.PerfCounter::addElapsedTimeFrom@6
                      ; - java.net.URLClassLoader::defineClass@207
                      ; - java.net.URLClassLoader$1::run@43
  0x000001651ce9088c: 7096 4aff 

  0x000001651ce90890: ;   {other}
  0x000001651ce90890: 0f1f 8400 | 8028 0031 | 488b fd4c | 8b44 2438 | e9a8 ebff | ffba ccff | ffff 4c8b | 5424 504c 
  0x000001651ce908b0: 8954 2420 | 4c8b 5424 | 304c 8954 | 2428 4889 | 7c24 404c | 8944 2448 | 4489 5c24 | 5466 6690 
  0x000001651ce908d0: ;   {runtime_call UncommonTrapBlob}
  0x000001651ce908d0: c5f8 77e8 

  0x000001651ce908d4: ; ImmutableOopMap {[32]=Oop [40]=Oop [64]=Oop [84]=NarrowOop [152]=NarrowOop [156]=NarrowOop [160]=Oop }
                      ;*invokestatic checkIndex {reexecute=0 rethrow=0 return_oop=0}
                      ; - java.nio.Buffer::checkIndex@8
                      ; - java.nio.DirectLongBufferU::get@11
                      ; - jdk.internal.perf.PerfCounter::get@5
                      ; - jdk.internal.perf.PerfCounter::add@1
                      ; - jdk.internal.perf.PerfCounter::addElapsedTimeFrom@6
                      ; - java.net.URLClassLoader::defineClass@207
                      ; - java.net.URLClassLoader$1::run@43
  0x000001651ce908d4: 283d 3eff 

  0x000001651ce908d8: ;   {other}
  0x000001651ce908d8: 0f1f 8400 | c828 0032 

  0x000001651ce908e0: ;   {oop(a 'jdk/internal/perf/PerfCounter'{0x0000000700633470})}
  0x000001651ce908e0: 48b9 7034 | 6300 0700 | 0000 488d | 9424 c000 | 0000 4d8b | c7c5 f877 | 49ba 10c6 | 910b f97f 
  0x000001651ce90900: 0000 41ff 

  0x000001651ce90904: ;   {other}
  0x000001651ce90904: d20f 1f84 | 0000 0000 | 00e9 23ec | ffff bade | ffff ff4c | 8b54 2450 | 4c89 5424 | 204c 8b54 
  0x000001651ce90924: 2430 4c89 | 5424 2889 | 4c24 304c | 8944 2438 | 4489 5c24 | 404c 894c | 2448 4889 | 5c24 5090 
  0x000001651ce90944: ;   {runtime_call UncommonTrapBlob}
  0x000001651ce90944: c5f8 77e8 

  0x000001651ce90948: ; ImmutableOopMap {rbp=NarrowOop [32]=Oop [40]=Oop [48]=NarrowOop [56]=Oop [72]=Oop [80]=Oop [156]=NarrowOop }
                      ;*invokeinterface computeIfAbsent {reexecute=0 rethrow=0 return_oop=0}
                      ; - java.security.SecureClassLoader::getProtectionDomain@28
                      ; - java.security.SecureClassLoader::defineClass@9
                      ; - java.net.URLClassLoader::defineClass@220
                      ; - java.net.URLClassLoader$1::run@43
  0x000001651ce90948: b43c 3eff 

  0x000001651ce9094c: ;   {other}
  0x000001651ce9094c: 0f1f 8400 | 3c29 0033 | bade ffff | ff48 8b6c | 2450 4c89 | 7424 204c | 8b5c 2438 | 4c89 5c24 
  0x000001651ce9096c: 2844 896c | 2440 4889 | 7c24 5044 | 8944 2444 | 4489 5424 | 5866 6690 

  0x000001651ce90984: ;   {runtime_call UncommonTrapBlob}
  0x000001651ce90984: c5f8 77e8 

  0x000001651ce90988: ; ImmutableOopMap {rbp=Oop [32]=Oop [64]=NarrowOop [68]=NarrowOop [80]=Oop [88]=NarrowOop [152]=NarrowOop [156]=NarrowOop [184]=Oop }
                      ;*invokeinterface ensureInitialization {reexecute=0 rethrow=0 return_oop=0}
                      ; - jdk.internal.loader.URLClassPath$JarLoader$2::getManifest@10
                      ; - java.net.URLClassLoader::defineClass@34
                      ; - java.net.URLClassLoader$1::run@43
  0x000001651ce90988: 743c 3eff 

  0x000001651ce9098c: ;   {other}
  0x000001651ce9098c: 0f1f 8400 | 7c29 0034 | 4c89 4c24 | 7044 8944 | 2468 4489 | 5424 5c48 | 897c 2460 | 4489 6c24 
  0x000001651ce909ac: 5848 ff74 | 2428 488f | 4424 4848 | ff74 2420 | 488f 4424 | 4048 ffb4 | 2490 0000 | 0048 8f44 
  0x000001651ce909cc: 2428 4c89 | 7424 2048 | 8b6c 2450 | 498b d14c | 8d84 24c0 | 0000 0090 

  0x000001651ce909e4: ;   {runtime_call _complete_monitor_locking_Java}
  0x000001651ce909e4: c5f8 77e8 

  0x000001651ce909e8: ; ImmutableOopMap {rbp=Oop [32]=Oop [64]=Oop [72]=Oop [88]=NarrowOop [92]=NarrowOop [96]=Oop [112]=Oop [152]=NarrowOop [156]=NarrowOop [184]=Oop }
                      ;*synchronization entry
                      ; - java.util.jar.JarFile::ensureInitialization@-1
                      ; - java.util.jar.JavaUtilJarAccessImpl::ensureInitialization@1
                      ; - jdk.internal.loader.URLClassPath$JarLoader$2::getManifest@10
                      ; - java.net.URLClassLoader::defineClass@34
                      ; - java.net.URLClassLoader$1::run@43
  0x000001651ce909e8: 1495 4aff 

  0x000001651ce909ec: ;   {other}
  0x000001651ce909ec: 0f1f 8400 | dc29 0035 | 4889 6c24 | 504c 8b74 | 2420 48ff | 7424 2848 | 8f84 2490 | 0000 0048 
  0x000001651ce90a0c: ff74 2440 | 488f 4424 | 2048 ff74 | 2448 488f | 4424 2844 | 8b6c 2458 | 488b 7c24 | 6044 8b54 
  0x000001651ce90a2c: 245c 448b | 4424 684c | 8b4c 2470 | e997 e5ff | ff49 8bc9 | 488d 9424 | c000 0000 | 4d8b c7c5 
  0x000001651ce90a4c: f877 49ba | 10c6 910b | f97f 0000 

  0x000001651ce90a58: ;   {other}
  0x000001651ce90a58: 41ff d20f | 1f84 0000 | 0000 00e9 | 28e6 ffff | bade ffff | ff48 ff74 | 2450 488f | 4424 204c 
  0x000001651ce90a78: 8974 2428 | 4c8b 5424 | 384c 8954 | 2430 4889 | 7c24 4044 | 896c 2448 

  0x000001651ce90a90: ;   {runtime_call UncommonTrapBlob}
  0x000001651ce90a90: c5f8 77e8 

  0x000001651ce90a94: ; ImmutableOopMap {rbp=NarrowOop [32]=Oop [40]=Oop [64]=Oop [72]=NarrowOop [152]=NarrowOop [156]=NarrowOop [184]=Oop }
                      ;*invokevirtual getManifest {reexecute=0 rethrow=0 return_oop=0}
                      ; - jdk.internal.loader.URLClassPath$JarLoader$2::getManifest@22
                      ; - java.net.URLClassLoader::defineClass@34
                      ; - java.net.URLClassLoader$1::run@43
  0x000001651ce90a94: 683b 3eff 

  0x000001651ce90a98: ;   {other}
  0x000001651ce90a98: 0f1f 8400 | 882a 0036 | bade ffff | ff48 897c | 2428 4c8b | 5424 384c | 8954 2430 

  0x000001651ce90ab4: ;   {runtime_call UncommonTrapBlob}
  0x000001651ce90ab4: c5f8 77e8 

  0x000001651ce90ab8: ; ImmutableOopMap {rbp=NarrowOop [40]=Oop [64]=NarrowOop [80]=Oop [152]=NarrowOop [156]=NarrowOop [160]=Oop }
                      ;*invokevirtual getCodeSigners {reexecute=0 rethrow=0 return_oop=0}
                      ; - jdk.internal.loader.URLClassPath$JarLoader$2::getCodeSigners@4
                      ; - java.net.URLClassLoader::defineClass@185
                      ; - java.net.URLClassLoader$1::run@43
  0x000001651ce90ab8: 443b 3eff 

  0x000001651ce90abc: ;   {other}
  0x000001651ce90abc: 0f1f 8400 | ac2a 0037 | ba45 ffff | ff4c 895c | 2420 897c | 2428 6690 

  0x000001651ce90ad4: ;   {runtime_call UncommonTrapBlob}
  0x000001651ce90ad4: c5f8 77e8 

  0x000001651ce90ad8: ; ImmutableOopMap {[32]=Oop [80]=Oop }
                      ;*iflt {reexecute=1 rethrow=0 return_oop=0}
                      ; - (reexecute) java.lang.StringConcatHelper::checkOverflow@2
                      ; - java.lang.StringConcatHelper::mix@23
                      ; - java.lang.StringConcatHelper::simpleConcat@46
                      ; - java.lang.String::concat@11
                      ; - java.net.URLClassLoader$1::run@13
  0x000001651ce90ad8: 243b 3eff 

  0x000001651ce90adc: ;   {other}
  0x000001651ce90adc: 0f1f 8400 | cc2a 0038 | ba45 ffff | ff4c 895c | 2428 6690 

  0x000001651ce90af0: ;   {runtime_call UncommonTrapBlob}
  0x000001651ce90af0: c5f8 77e8 

  0x000001651ce90af4: ; ImmutableOopMap {[40]=Oop [80]=Oop }
                      ;*iflt {reexecute=1 rethrow=0 return_oop=0}
                      ; - (reexecute) java.lang.StringConcatHelper::checkOverflow@2
                      ; - java.lang.StringConcatHelper::mix@23
                      ; - java.lang.StringConcatHelper::simpleConcat@54
                      ; - java.lang.String::concat@11
                      ; - java.net.URLClassLoader$1::run@13
  0x000001651ce90af4: 083b 3eff 

  0x000001651ce90af8: ;   {other}
  0x000001651ce90af8: 0f1f 8400 | e82a 0039 | ba45 ffff | ff4c 895c | 2428 894c | 2438 6690 

  0x000001651ce90b10: ;   {runtime_call UncommonTrapBlob}
  0x000001651ce90b10: c5f8 77e8 

  0x000001651ce90b14: ; ImmutableOopMap {rbp=Oop [40]=Oop [80]=Oop }
                      ;*if_icmpne {reexecute=1 rethrow=0 return_oop=0}
                      ; - (reexecute) java.lang.String::getBytes@5
                      ; - java.lang.StringConcatHelper::prepend@21
                      ; - java.lang.StringConcatHelper::simpleConcat@81
                      ; - java.lang.String::concat@11
                      ; - java.net.URLClassLoader$1::run@13
  0x000001651ce90b14: e83a 3eff 

  0x000001651ce90b18: ;   {other}
  0x000001651ce90b18: 0f1f 8400 | 082b 003a | ba45 ffff | ff4c 895c | 2420 4889 | 5c24 2889 | 4c24 3090 

  0x000001651ce90b34: ;   {runtime_call UncommonTrapBlob}
  0x000001651ce90b34: c5f8 77e8 

  0x000001651ce90b38: ; ImmutableOopMap {[32]=Oop [80]=Oop }
                      ;*if_icmpne {reexecute=1 rethrow=0 return_oop=0}
                      ; - (reexecute) java.lang.StringConcatHelper::mix@13
                      ; - java.lang.StringConcatHelper::simpleConcat@46
                      ; - java.lang.String::concat@11
                      ; - java.net.URLClassLoader$1::run@13
  0x000001651ce90b38: c43a 3eff 

  0x000001651ce90b3c: ;   {other}
  0x000001651ce90b3c: 0f1f 8400 | 2c2b 003b | ba45 ffff | ff4c 895c | 2420 4889 | 7424 2844 | 8954 2430 

  0x000001651ce90b58: ;   {runtime_call UncommonTrapBlob}
  0x000001651ce90b58: c5f8 77e8 

  0x000001651ce90b5c: ; ImmutableOopMap {[32]=Oop [80]=Oop }
                      ;*ifge {reexecute=1 rethrow=0 return_oop=0}
                      ; - (reexecute) java.lang.StringConcatHelper::newArray@13
                      ; - java.lang.StringConcatHelper::simpleConcat@61
                      ; - java.lang.String::concat@11
                      ; - java.net.URLClassLoader$1::run@13
  0x000001651ce90b5c: a03a 3eff 

  0x000001651ce90b60: ;   {other}
  0x000001651ce90b60: 0f1f 8400 | 502b 003c | 448b 5c24 

  0x000001651ce90b6c: ;   {metadata('java/util/jar/JarFile')}
  0x000001651ce90b6c: 6841 81fb | 303d 0800 | 0f85 7307 | 0000 488b | 5424 7090 

  0x000001651ce90b80: ;   {optimized virtual_call}
  0x000001651ce90b80: c5f8 77e8 

  0x000001651ce90b84: ; ImmutableOopMap {[40]=Oop [48]=Oop [64]=NarrowOop [68]=NarrowOop [72]=Oop [80]=Oop [88]=NarrowOop [92]=NarrowOop [96]=Oop [112]=Oop [184]=Oop }
                      ;*invokevirtual getManifest {reexecute=0 rethrow=0 return_oop=1}
                      ; - java.util.jar.JarFile::maybeInstantiateVerifier@31
                      ; - java.util.jar.JarFile::ensureInitialization@1
                      ; - java.util.jar.JavaUtilJarAccessImpl::ensureInitialization@1
                      ; - jdk.internal.loader.URLClassPath$JarLoader$2::getManifest@10
                      ; - java.net.URLClassLoader::defineClass@34
                      ; - java.net.URLClassLoader$1::run@43
  0x000001651ce90b84: f8de 3dff 

  0x000001651ce90b88: ;   {other}
  0x000001651ce90b88: 0f1f 8400 | 782b 003d | 4c8b 7424 | 3048 ff74 | 2420 488f | 8424 9000 | 0000 4889 | 4424 f88b 
  0x000001651ce90ba8: 4424 4089 | 8424 9800 | 0000 488b | 4424 f848 | 8944 24f8 | 8b44 2444 | 8984 249c | 0000 0048 
  0x000001651ce90bc8: 8b44 24f8 | 48ff 7424 | 2848 8f44 | 2420 48ff | 7424 4848 | 8f44 2428 | 448b 6c24 | 5848 8b7c 
  0x000001651ce90be8: 2460 448b | 5424 5c4c | 8b4c 2470 | e9f1 e3ff | ff44 8b5c | 2444 478b 

  0x000001651ce90c00: ;   {metadata('java/util/jar/JarFile')}
  0x000001651ce90c00: 44dc 0841 | 81f8 303d | 0800 0f85 | 4007 0000 | 498b d190 

  0x000001651ce90c14: ;   {optimized virtual_call}
  0x000001651ce90c14: c5f8 77e8 

  0x000001651ce90c18: ; ImmutableOopMap {[32]=Oop [40]=Oop [48]=Oop [64]=NarrowOop [72]=Oop [80]=Oop [152]=NarrowOop [156]=NarrowOop [160]=Oop }
                      ;*invokevirtual getManifest {reexecute=0 rethrow=0 return_oop=1}
                      ; - java.util.jar.JarFile::maybeInstantiateVerifier@31
                      ; - java.util.jar.JarFile$JarFileEntry::getCodeSigners@4
                      ; - jdk.internal.loader.URLClassPath$JarLoader$2::getCodeSigners@4
                      ; - java.net.URLClassLoader::defineClass@185
                      ; - java.net.URLClassLoader$1::run@43
  0x000001651ce90c18: 64de 3dff 

  0x000001651ce90c1c: ;   {other}
  0x000001651ce90c1c: 0f1f 8400 | 0c2c 003e | 488b 7c24 | 3048 8b74 | 2448 e97d | e6ff ff48 | 8b7c 2448 | 448b 5f10 
  0x000001651ce90c3c: 0f1f 4000 | 4585 db0f | 84e7 efff | ff4d 8b57 | 2849 8bcb | 48c1 e103 | 4d85 d20f | 847f 0500 
  0x000001651ce90c5c: 004d 8b5f | 384b 894c | 13f8 4983 | c2f8 4d89 | 5728 e9bd | efff ff33 | ed45 85d2 | 400f 94c5 
  0x000001651ce90c7c: ba45 ffff | ff4c 8974 | 2430 4889 | 4424 f88b | 8424 9c00 | 0000 8944 | 2444 488b | 4424 f844 
  0x000001651ce90c9c: 8944 244c 

  0x000001651ce90ca0: ;   {runtime_call UncommonTrapBlob}
  0x000001651ce90ca0: c5f8 77e8 

  0x000001651ce90ca4: ; ImmutableOopMap {[48]=Oop [68]=NarrowOop [80]=Oop [152]=NarrowOop }
                      ;*ifeq {reexecute=1 rethrow=0 return_oop=0}
                      ; - (reexecute) java.lang.String::lastIndexOf@4
                      ; - java.lang.String::lastIndexOf@8
                      ; - java.net.URLClassLoader::defineClass@7
                      ; - java.net.URLClassLoader$1::run@43
  0x000001651ce90ca4: 5839 3eff 

  0x000001651ce90ca8: ;   {other}
  0x000001651ce90ca8: 0f1f 8400 | 982c 003f | 498b d7c5 | f877 49ba | 1022 500b | f97f 0000 

  0x000001651ce90cc0: ;   {other}
  0x000001651ce90cc0: 41ff d20f | 1f84 0000 | 0000 00e9 | 9ee6 ffff | ba45 ffff | ff48 8b6c | 2450 4c89 | 7424 2848 
  0x000001651ce90ce0: ff74 2438 | 488f 4424 | 3044 8954 | 243c 4489 | 5424 4048 | 8944 24f8 | 8b84 249c | 0000 0089 
  0x000001651ce90d00: 4424 4848 | 8b44 24f8 | 4489 6c24 | 4c44 895c | 2458 6690 

  0x000001651ce90d14: ;   {runtime_call UncommonTrapBlob}
  0x000001651ce90d14: c5f8 77e8 

  0x000001651ce90d18: ; ImmutableOopMap {rbp=Oop [40]=Oop [72]=NarrowOop [76]=NarrowOop [152]=NarrowOop }
                      ;*if_icmpgt {reexecute=1 rethrow=0 return_oop=0}
                      ; - (reexecute) jdk.internal.util.Preconditions::checkFromToIndex@6
                      ; - java.lang.String::checkBoundsBeginEnd@6
                      ; - java.lang.String::substring@8
                      ; - java.net.URLClassLoader::defineClass@28
                      ; - java.net.URLClassLoader$1::run@43
  0x000001651ce90d18: e438 3eff 

  0x000001651ce90d1c: ;   {other}
  0x000001651ce90d1c: 0f1f 8400 | 0c2d 0040 | ba45 ffff | ff48 8b6c | 2450 4889 | 7c24 204c | 8b5c 2438 | 4c89 5c24 
  0x000001651ce90d3c: 284c 894c | 2448 4c89 | 5424 5844 | 8944 2454 

  0x000001651ce90d4c: ;   {runtime_call UncommonTrapBlob}
  0x000001651ce90d4c: c5f8 77e8 

  0x000001651ce90d50: ; ImmutableOopMap {rbp=Oop [32]=Oop [72]=Oop [84]=NarrowOop [88]=Oop [152]=NarrowOop [156]=NarrowOop [160]=Oop }
                      ;*ifnull {reexecute=1 rethrow=0 return_oop=0}
                      ; - (reexecute) java.security.CodeSource::<init>@25
                      ; - java.net.URLClassLoader::defineClass@198
                      ; - java.net.URLClassLoader$1::run@43
  0x000001651ce90d50: ac38 3eff 

  0x000001651ce90d54: ;   {other}
  0x000001651ce90d54: 0f1f 8400 | 442d 0041 | ba45 ffff | ff4c 8b54 | 2450 4c89 | 5424 204c | 8b54 2430 | 4c89 5424 
  0x000001651ce90d74: 2848 897c | 2440 4c89 | 4424 4844 | 895c 2454 

  0x000001651ce90d84: ;   {runtime_call UncommonTrapBlob}
  0x000001651ce90d84: c5f8 77e8 

  0x000001651ce90d88: ; ImmutableOopMap {rbp=NarrowOop [32]=Oop [40]=Oop [64]=Oop [84]=NarrowOop [152]=NarrowOop [156]=NarrowOop [160]=Oop }
                      ;*ifnull {reexecute=1 rethrow=0 return_oop=0}
                      ; - (reexecute) java.nio.Buffer::session@4
                      ; - java.nio.DirectLongBufferU::get@4
                      ; - jdk.internal.perf.PerfCounter::get@5
                      ; - jdk.internal.perf.PerfCounter::add@1
                      ; - jdk.internal.perf.PerfCounter::addElapsedTimeFrom@6
                      ; - java.net.URLClassLoader::defineClass@207
                      ; - java.net.URLClassLoader$1::run@43
  0x000001651ce90d88: 7438 3eff 

  0x000001651ce90d8c: ;   {other}
  0x000001651ce90d8c: 0f1f 8400 | 7c2d 0042 | ba45 ffff | ff48 8b6c | 2450 4c89 | 7424 2848 | ff74 2438 | 488f 4424 
  0x000001651ce90dac: 3044 8954 | 243c 4489 | 5424 4048 | 8944 24f8 | 8b84 249c | 0000 0089 | 4424 4848 | 8b44 24f8 
  0x000001651ce90dcc: 4489 6c24 | 4c44 895c | 2458 4489 | 5c24 5c90 

  0x000001651ce90ddc: ;   {runtime_call UncommonTrapBlob}
  0x000001651ce90ddc: c5f8 77e8 

  0x000001651ce90de0: ; ImmutableOopMap {rbp=Oop [40]=Oop [72]=NarrowOop [76]=NarrowOop [152]=NarrowOop }
                      ;*if_icmple {reexecute=1 rethrow=0 return_oop=0}
                      ; - (reexecute) jdk.internal.util.Preconditions::checkFromToIndex@11
                      ; - java.lang.String::checkBoundsBeginEnd@6
                      ; - java.lang.String::substring@8
                      ; - java.net.URLClassLoader::defineClass@28
                      ; - java.net.URLClassLoader$1::run@43
  0x000001651ce90de0: 1c38 3eff 

  0x000001651ce90de4: ;   {other}
  0x000001651ce90de4: 0f1f 8400 | d42d 0043 | ba45 ffff | ff48 8b6c | 2450 4c8b | 5424 304c | 8954 2420 | 4c8b 5424 
  0x000001651ce90e04: 384c 8954 | 2428 4889 | 4424 5844 | 8944 2460 

  0x000001651ce90e14: ;   {runtime_call UncommonTrapBlob}
  0x000001651ce90e14: c5f8 77e8 

  0x000001651ce90e18: ; ImmutableOopMap {rbp=Oop [32]=Oop [64]=NarrowOop [72]=Oop [88]=Oop [152]=NarrowOop [156]=NarrowOop }
                      ;*ifgt {reexecute=1 rethrow=0 return_oop=0}
                      ; - (reexecute) java.util.zip.CRC32::updateBytesCheck@1
                      ; - java.util.zip.CRC32::updateBytes@3
                      ; - java.util.zip.CRC32::update@31
                      ; - java.util.zip.Checksum::update@5
                      ; - jdk.internal.loader.URLClassPath$JarLoader$2::getBytes@15
                      ; - java.net.URLClassLoader::defineClass@179
                      ; - java.net.URLClassLoader$1::run@43
  0x000001651ce90e18: e437 3eff 

  0x000001651ce90e1c: ;   {other}
  0x000001651ce90e1c: 0f1f 8400 | 0c2e 0044 | 4d3b dabd | ffff ffff | 7c08 400f | 95c5 400f | b6ed ba45 | ffff ff4c 
  0x000001651ce90e3c: 8b54 2450 | 4c89 5424 | 204c 8b54 | 2430 4c89 | 5424 284c | 8b54 2438 | 4c89 5424 | 3048 895c 
  0x000001651ce90e5c: 2458 6690 

  0x000001651ce90e60: ;   {runtime_call UncommonTrapBlob}
  0x000001651ce90e60: c5f8 77e8 

  0x000001651ce90e64: ; ImmutableOopMap {[32]=Oop [40]=Oop [64]=NarrowOop [72]=Oop [88]=Oop [152]=NarrowOop [156]=NarrowOop }
                      ;*ifeq {reexecute=1 rethrow=0 return_oop=0}
                      ; - (reexecute) jdk.internal.loader.URLClassPath$JarLoader$2::getBytes@30
                      ; - java.net.URLClassLoader::defineClass@179
                      ; - java.net.URLClassLoader$1::run@43
  0x000001651ce90e64: 9837 3eff 

  0x000001651ce90e68: ;   {other}
  0x000001651ce90e68: 0f1f 8400 | 582e 0045 | 498b d7c5 | f877 49ba | 1022 500b | f97f 0000 

  0x000001651ce90e80: ;   {other}
  0x000001651ce90e80: 41ff d20f | 1f84 0000 | 0000 00e9 | 4be0 ffff | 4d85 c00f | 8530 efff | ffe9 5200 | 0000 4d8b 
  0x000001651ce90ea0: 5758 4d8b | 5f48 f083 | 4424 c000 | 8039 0074 | 3244 8821 | 4d85 db74 | 0f4b 894c | 1af8 4983 
  0x000001651ce90ec0: c3f8 4d89 | 5f48 eb1b | 498b d7c5 | f877 49ba | f021 500b | f97f 0000 

  0x000001651ce90ed8: ;   {other}
  0x000001651ce90ed8: 41ff d20f | 1f84 0000 | 0000 0044 | 8b4f 5c45 | 85c9 0f85 | d9ee ffff | 488b 7c24 | 30e9 d4e3 
  0x000001651ce90ef8: ffff 488b | 7c24 4844 | 8b5f 5c45 | 85db 0f84 | 6fee ffff | 4d8b 5728 | 498b cb48 | c1e1 0366 
  0x000001651ce90f18: 0f1f 8400 | 0000 0000 | 4d85 d20f | 84d3 0200 | 004d 8b5f | 384b 894c | 13f8 4983 | c2f8 4d89 
  0x000001651ce90f38: 5728 e93c | eeff ff4d | 63ca e932 | deff ff49 | 83c1 fe49 | 8bc9 488b | fa48 33c0 | 4883 f908 
  0x000001651ce90f58: 7f10 48ff | c978 4f48 | 8904 cf48 | ffc9 7df7 | eb44 c5fd | efc0 e90d | 0000 00c5 | fe7f 07c5 
  0x000001651ce90f78: fe7f 4720 | 4883 c740 | 4883 e908 | 7ded 4883 | c104 7c0c | c5fe 7f07 | 4883 c720 | 4883 e904 
  0x000001651ce90f98: 4883 c104 | 7e10 48ff | c9c5 f9d6 | 0748 83c7 | 0848 ffc9 | 7df3 e98a | deff ffba | ccff ffff 
  0x000001651ce90fb8: 488b 6c24 | 504c 8974 | 2428 4c8b | 5c24 384c | 895c 2430 | 4489 5424 | 3c44 896c | 2448 4889 
  0x000001651ce90fd8: ;   {no_reloc}
  0x000001651ce90fd8: 5c24 5889 | 4c24 4c90 

  0x000001651ce90fe0: ;   {runtime_call UncommonTrapBlob}
  0x000001651ce90fe0: c5f8 77e8 

  0x000001651ce90fe4: ; ImmutableOopMap {rbp=Oop [40]=Oop [72]=NarrowOop [76]=NarrowOop [88]=Oop [152]=NarrowOop [156]=NarrowOop }
                      ;*newarray {reexecute=1 rethrow=0 return_oop=0}
                      ; - (reexecute) java.util.Arrays::copyOfRangeByte@10
                      ; - java.util.Arrays::copyOfRange@13
                      ; - java.lang.StringLatin1::newString@16
                      ; - java.lang.String::substring@41
                      ; - java.net.URLClassLoader::defineClass@28
                      ; - java.net.URLClassLoader$1::run@43
  0x000001651ce90fe4: 1836 3eff 

  0x000001651ce90fe8: ;   {other}
  0x000001651ce90fe8: 0f1f 8400 | d82f 0046 | 4c89 4424 | 4844 894c | 2444 4889 

  0x000001651ce90ffc: ;   {metadata('java/security/CodeSigner'[])}
  0x000001651ce90ffc: 7c24 3048 | ba50 f76c | 0008 0000 | 0044 8bc1 

  0x000001651ce9100c: ;   {runtime_call _new_array_Java}
  0x000001651ce9100c: c5f8 77e8 

  0x000001651ce91010: ; ImmutableOopMap {rbp=Oop [32]=Oop [40]=Oop [48]=Oop [64]=NarrowOop [68]=NarrowOop [80]=Oop [152]=NarrowOop [156]=NarrowOop [160]=Oop }
                      ;*invokevirtual clone {reexecute=1 rethrow=0 return_oop=1}
                      ; - (reexecute) java.util.jar.JarFile$JarFileEntry::getCodeSigners@70
                      ; - jdk.internal.loader.URLClassPath$JarLoader$2::getCodeSigners@4
                      ; - java.net.URLClassLoader::defineClass@185
                      ; - java.net.URLClassLoader$1::run@43
  0x000001651ce91010: 6c5b 4aff 

  0x000001651ce91014: ;   {other}
  0x000001651ce91014: 0f1f 8400 | 0430 0047 | 488b 7c24 | 3044 8b4c | 2444 4c8b | 4424 4848 | 8bd8 e90b | eeff ff49 
  0x000001651ce91034: 8be9 4889 

  0x000001651ce91038: ;   {metadata('java/security/CodeSigner'[])}
  0x000001651ce91038: 7c24 4848 | ba50 f76c | 0008 0000 | 0044 8bc1 

  0x000001651ce91048: ;   {runtime_call _new_array_Java}
  0x000001651ce91048: c5f8 77e8 

  0x000001651ce9104c: ; ImmutableOopMap {[32]=Oop [40]=Oop [48]=Oop [64]=Oop [72]=Oop [80]=Oop [152]=NarrowOop [156]=NarrowOop [160]=Oop }
                      ;*invokevirtual clone {reexecute=1 rethrow=0 return_oop=1}
                      ; - (reexecute) java.security.CodeSource::<init>@42
                      ; - java.net.URLClassLoader::defineClass@198
                      ; - java.net.URLClassLoader$1::run@43
  0x000001651ce9104c: 305b 4aff 

  0x000001651ce91050: ;   {other}
  0x000001651ce91050: 0f1f 8400 | 4030 0048 | 488b d80f | 1f44 0000 | e981 ebff | ff4c 895c | 2448 4489 | 6c24 4448 
  0x000001651ce91070: 8974 2430 | 488b ef49 | 8bd3 4c8d | 8424 c000 | 0000 6690 

  0x000001651ce91084: ;   {runtime_call _complete_monitor_locking_Java}
  0x000001651ce91084: c5f8 77e8 

  0x000001651ce91088: ; ImmutableOopMap {rbp=Oop [32]=Oop [40]=Oop [48]=Oop [64]=NarrowOop [68]=NarrowOop [72]=Oop [80]=Oop [152]=NarrowOop [156]=NarrowOop [160]=Oop }
                      ;*monitorenter {reexecute=0 rethrow=0 return_oop=0}
                      ; - java.util.zip.ZipFile::getManifestName@3
                      ; - java.util.zip.ZipFile$1::getManifestName@2
                      ; - java.util.jar.JarFile::maybeInstantiateVerifier@20
                      ; - java.util.jar.JarFile$JarFileEntry::getCodeSigners@4
                      ; - jdk.internal.loader.URLClassPath$JarLoader$2::getCodeSigners@4
                      ; - java.net.URLClassLoader::defineClass@185
                      ; - java.net.URLClassLoader$1::run@43
  0x000001651ce91088: 748e 4aff 

  0x000001651ce9108c: ;   {other}
  0x000001651ce9108c: 0f1f 8400 | 7c30 0049 | 488b fd48 | 8b74 2430 | 448b 6c24 | 444c 8b5c | 2448 e95d | e7ff ff49 
  0x000001651ce910ac: 8bcb 488d | 9424 c000 | 0000 4d8b | c7c5 f877 | 49ba 10c6 | 910b f97f | 0000 41ff 

  0x000001651ce910c8: ;   {other}
  0x000001651ce910c8: d20f 1f84 | 0000 0000 | 00e9 ffe7 | ffff ba45 | ffff ff48 | ff74 2450 | 488f 4424 | 204c 8974 
  0x000001651ce910e8: 2428 4c8b | 5c24 384c | 895c 2430 | 4489 6c24 | 4848 897c | 2458 4489 | 5424 6044 | 8954 2464 
  0x000001651ce91108: ;   {runtime_call UncommonTrapBlob}
  0x000001651ce91108: c5f8 77e8 

  0x000001651ce9110c: ; ImmutableOopMap {[32]=Oop [40]=Oop [72]=NarrowOop [88]=Oop [96]=NarrowOop [100]=NarrowOop [152]=NarrowOop [156]=NarrowOop [184]=Oop }
                      ;*ifeq {reexecute=1 rethrow=0 return_oop=0}
                      ; - (reexecute) java.util.zip.ZipFile::ensureOpen@4
                      ; - java.util.zip.ZipFile::getManifestName@5
                      ; - java.util.zip.ZipFile$1::getManifestName@2
                      ; - java.util.jar.JarFile::maybeInstantiateVerifier@20
                      ; - java.util.jar.JarFile::ensureInitialization@1
                      ; - java.util.jar.JavaUtilJarAccessImpl::ensureInitialization@1
                      ; - jdk.internal.loader.URLClassPath$JarLoader$2::getManifest@10
                      ; - java.net.URLClassLoader::defineClass@34
                      ; - java.net.URLClassLoader$1::run@43
  0x000001651ce9110c: f034 3eff 

  0x000001651ce91110: ;   {other}
  0x000001651ce91110: 0f1f 8400 | 0031 004a | ba45 ffff | ff4c 8b54 | 2450 4c89 | 5424 2048 | 897c 2428 | 4c8b 5424 
  0x000001651ce91130: 384c 8954 | 2430 4889 | 7424 5044 | 896c 2458 | 4489 6c24 | 5c66 6690 

  0x000001651ce91148: ;   {runtime_call UncommonTrapBlob}
  0x000001651ce91148: c5f8 77e8 

  0x000001651ce9114c: ; ImmutableOopMap {[32]=Oop [40]=Oop [64]=NarrowOop [80]=Oop [88]=NarrowOop [92]=NarrowOop [152]=NarrowOop [156]=NarrowOop [160]=Oop }
                      ;*ifeq {reexecute=1 rethrow=0 return_oop=0}
                      ; - (reexecute) java.util.zip.ZipFile::ensureOpen@4
                      ; - java.util.zip.ZipFile::getManifestName@5
                      ; - java.util.zip.ZipFile$1::getManifestName@2
                      ; - java.util.jar.JarFile::maybeInstantiateVerifier@20
                      ; - java.util.jar.JarFile$JarFileEntry::getCodeSigners@4
                      ; - jdk.internal.loader.URLClassPath$JarLoader$2::getCodeSigners@4
                      ; - java.net.URLClassLoader::defineClass@185
                      ; - java.net.URLClassLoader$1::run@43
  0x000001651ce9114c: b034 3eff 

  0x000001651ce91150: ;   {other}
  0x000001651ce91150: 0f1f 8400 | 4031 004b | bac6 ffff | ff4c 8b54 | 2438 4c89 | 5424 2890 

  0x000001651ce91168: ;   {runtime_call UncommonTrapBlob}
  0x000001651ce91168: c5f8 77e8 

  0x000001651ce9116c: ; ImmutableOopMap {[48]=Oop [64]=NarrowOop [80]=Oop [152]=NarrowOop [156]=NarrowOop [160]=Oop }
                      ;*invokevirtual getCodeSigners {reexecute=0 rethrow=0 return_oop=0}
                      ; - java.net.URLClassLoader::defineClass@185
                      ; - java.net.URLClassLoader$1::run@43
  0x000001651ce9116c: 9034 3eff 

  0x000001651ce91170: ;   {other}
  0x000001651ce91170: 0f1f 8400 | 6031 004c | bac6 ffff | ff4c 8974 | 2428 4c8b | 5c24 384c | 895c 2430 | 4489 5424 
  0x000001651ce91190: 384c 8974 | 2440 6690 

  0x000001651ce91198: ;   {runtime_call UncommonTrapBlob}
  0x000001651ce91198: c5f8 77e8 

  0x000001651ce9119c: ; ImmutableOopMap {[40]=Oop [64]=Oop [80]=Oop [152]=NarrowOop [156]=NarrowOop }
                      ;*invokevirtual getCodeSourceURL {reexecute=0 rethrow=0 return_oop=0}
                      ; - java.net.URLClassLoader::defineClass@13
                      ; - java.net.URLClassLoader$1::run@43
  0x000001651ce9119c: 6034 3eff 

  0x000001651ce911a0: ;   {other}
  0x000001651ce911a0: 0f1f 8400 | 9031 004d | bac6 ffff | ff48 8b6c | 2450 4c89 | 7424 284c | 8b54 2438 | 4c89 5424 
  0x000001651ce911c0: 304c 8974 | 2438 4489 | 6c24 4890 

  0x000001651ce911cc: ;   {runtime_call UncommonTrapBlob}
  0x000001651ce911cc: c5f8 77e8 

  0x000001651ce911d0: ; ImmutableOopMap {rbp=Oop [40]=Oop [56]=Oop [72]=NarrowOop [152]=NarrowOop [156]=NarrowOop [184]=Oop }
                      ;*invokevirtual getManifest {reexecute=0 rethrow=0 return_oop=0}
                      ; - java.net.URLClassLoader::defineClass@34
                      ; - java.net.URLClassLoader$1::run@43
  0x000001651ce911d0: 2c34 3eff 

  0x000001651ce911d4: ;   {other}
  0x000001651ce911d4: 0f1f 8400 | c431 004e | 498b d7c5 | f877 49ba | 1022 500b | f97f 0000 

  0x000001651ce911ec: ;   {other}
  0x000001651ce911ec: 41ff d20f | 1f84 0000 | 0000 00e9 | 34ea ffff | 498b d7c5 | f877 49ba | 1022 500b | f97f 0000 
  0x000001651ce9120c: ;   {other}
  0x000001651ce9120c: 41ff d20f | 1f84 0000 | 0000 00e9 | 5feb ffff | baf6 ffff | ff48 8b6c | 2450 4c8b | 5424 304c 
  0x000001651ce9122c: 8954 2420 | 4c8b 5424 | 384c 8954 | 2428 448b | 4424 4044 | 8944 2430 | 448b 5424 | 4444 8954 
  0x000001651ce9124c: 2434 4c8b | 5424 604c | 8954 2438 | 448b 4424 | 5844 8944 | 2440 4489 | 5c24 5890 

  0x000001651ce91268: ;   {runtime_call UncommonTrapBlob}
  0x000001651ce91268: c5f8 77e8 

  0x000001651ce9126c: ; ImmutableOopMap {rbp=Oop [32]=Oop [48]=NarrowOop [52]=NarrowOop [56]=Oop [64]=NarrowOop [88]=NarrowOop [92]=NarrowOop [184]=Oop }
                      ;*invokevirtual zipCoderForPos {reexecute=0 rethrow=0 return_oop=0}
                      ; - java.util.zip.ZipFile::getEntryName@25
                      ; - java.util.zip.ZipFile::getManifestName@41
                      ; - java.util.zip.ZipFile$1::getManifestName@2
                      ; - java.util.jar.JarFile::maybeInstantiateVerifier@20
                      ; - java.util.jar.JarFile::ensureInitialization@1
                      ; - java.util.jar.JavaUtilJarAccessImpl::ensureInitialization@1
                      ; - jdk.internal.loader.URLClassPath$JarLoader$2::getManifest@10
                      ; - java.net.URLClassLoader::defineClass@34
                      ; - java.net.URLClassLoader$1::run@43
  0x000001651ce9126c: 9033 3eff 

  0x000001651ce91270: ;   {other}
  0x000001651ce91270: 0f1f 8400 | 6032 004f | baf6 ffff | ff48 8b6c | 2450 4c8b | 5424 304c | 8954 2420 | 4c8b 5424 
  0x000001651ce91290: 384c 8954 | 2428 448b | 4424 4044 | 8944 2438 | 4489 5c24 | 5044 895c | 2454 6690 

  0x000001651ce912ac: ;   {runtime_call UncommonTrapBlob}
  0x000001651ce912ac: c5f8 77e8 

  0x000001651ce912b0: ; ImmutableOopMap {rbp=Oop [32]=Oop [56]=NarrowOop [72]=Oop [80]=NarrowOop [84]=NarrowOop [152]=NarrowOop [156]=NarrowOop [160]=Oop }
                      ;*invokevirtual zipCoderForPos {reexecute=0 rethrow=0 return_oop=0}
                      ; - java.util.zip.ZipFile::getEntryName@25
                      ; - java.util.zip.ZipFile::getManifestName@41
                      ; - java.util.zip.ZipFile$1::getManifestName@2
                      ; - java.util.jar.JarFile::maybeInstantiateVerifier@20
                      ; - java.util.jar.JarFile$JarFileEntry::getCodeSigners@4
                      ; - jdk.internal.loader.URLClassPath$JarLoader$2::getCodeSigners@4
                      ; - java.net.URLClassLoader::defineClass@185
                      ; - java.net.URLClassLoader$1::run@43
  0x000001651ce912b0: 4c33 3eff 

  0x000001651ce912b4: ;   {other}
  0x000001651ce912b4: 0f1f 8400 | a432 0050 | 498b f949 | 8bc9 488d | 9424 c000 | 0000 4d8b | c7c5 f877 | 49ba 10c6 
  0x000001651ce912d4: 910b f97f | 0000 41ff 

  0x000001651ce912dc: ;   {other}
  0x000001651ce912dc: d20f 1f84 | 0000 0000 | 004c 8bcf | e96e f1ff | ffba 66ff | ffff 488b | 6c24 504c | 8b54 2430 
  0x000001651ce912fc: 4c89 5424 | 204c 8b54 | 2438 4c89 | 5424 2844 | 8b54 2440 | 4489 5424 | 3044 8b5c | 2444 4489 
  0x000001651ce9131c: 5c24 344c | 8b54 2460 | 4c89 5424 | 3844 8b54 | 2458 4489 | 5424 4044 | 8b54 245c | 4489 5424 
  0x000001651ce9133c: 5866 6690 

  0x000001651ce91340: ;   {runtime_call UncommonTrapBlob}
  0x000001651ce91340: c5f8 77e8 

  0x000001651ce91344: ; ImmutableOopMap {rbp=Oop [32]=Oop [48]=NarrowOop [52]=NarrowOop [56]=Oop [64]=NarrowOop [88]=NarrowOop [92]=NarrowOop [184]=Oop }
                      ;*invokevirtual getManifest {reexecute=0 rethrow=0 return_oop=0}
                      ; - java.util.jar.JarFile::maybeInstantiateVerifier@31
                      ; - java.util.jar.JarFile::ensureInitialization@1
                      ; - java.util.jar.JavaUtilJarAccessImpl::ensureInitialization@1
                      ; - jdk.internal.loader.URLClassPath$JarLoader$2::getManifest@10
                      ; - java.net.URLClassLoader::defineClass@34
                      ; - java.net.URLClassLoader$1::run@43
  0x000001651ce91344: b832 3eff 

  0x000001651ce91348: ;   {other}
  0x000001651ce91348: 0f1f 8400 | 3833 0051 | bade ffff | ff4c 8b54 | 2430 4c89 | 5424 204c | 8b54 2438 | 4c89 5424 
  0x000001651ce91368: 2844 8b54 | 2440 4489 | 5424 3844 | 895c 243c 

  0x000001651ce91378: ;   {runtime_call UncommonTrapBlob}
  0x000001651ce91378: c5f8 77e8 

  0x000001651ce9137c: ; ImmutableOopMap {[32]=Oop [56]=NarrowOop [60]=NarrowOop [72]=Oop [80]=Oop [152]=NarrowOop [156]=NarrowOop [160]=Oop }
                      ;*invokevirtual getManifest {reexecute=0 rethrow=0 return_oop=0}
                      ; - java.util.jar.JarFile::maybeInstantiateVerifier@31
                      ; - java.util.jar.JarFile$JarFileEntry::getCodeSigners@4
                      ; - jdk.internal.loader.URLClassPath$JarLoader$2::getCodeSigners@4
                      ; - java.net.URLClassLoader::defineClass@185
                      ; - java.net.URLClassLoader$1::run@43
  0x000001651ce9137c: 8032 3eff 

  0x000001651ce91380: ;   {other}
  0x000001651ce91380: 0f1f 8400 | 7033 0052 | bade ffff | ff4c 8b54 | 2430 4c89 | 5424 2044 | 8b54 2438 | 4489 5424 
  0x000001651ce913a0: 284c 8b54 | 2440 4c89 | 5424 3048 | 8944 2440 

  0x000001651ce913b0: ;   {runtime_call UncommonTrapBlob}
  0x000001651ce913b0: c5f8 77e8 

  0x000001651ce913b4: ; ImmutableOopMap {[32]=Oop [40]=NarrowOop [48]=Oop [64]=Oop [80]=Oop [156]=NarrowOop }
                      ;*checkcast {reexecute=0 rethrow=0 return_oop=0}
                      ; - java.security.SecureClassLoader::getProtectionDomain@33
                      ; - java.security.SecureClassLoader::defineClass@9
                      ; - java.net.URLClassLoader::defineClass@220
                      ; - java.net.URLClassLoader$1::run@43
  0x000001651ce913b4: 4832 3eff 

  0x000001651ce913b8: ;   {other}
  0x000001651ce913b8: 0f1f 8400 | a833 0053 | baf6 ffff | ff48 8b6c | 2450 6690 

  0x000001651ce913cc: ;   {runtime_call UncommonTrapBlob}
  0x000001651ce913cc: c5f8 77e8 

  0x000001651ce913d0: ; ImmutableOopMap {rbp=Oop }
                      ;*invokevirtual replace {reexecute=0 rethrow=0 return_oop=0}
                      ; - java.net.URLClassLoader$1::run@8
  0x000001651ce913d0: 2c32 3eff 

  0x000001651ce913d4: ;   {other}
  0x000001651ce913d4: 0f1f 8400 | c433 0054 | baf6 ffff | ff48 8b6c | 2450 6690 

  0x000001651ce913e8: ;   {runtime_call UncommonTrapBlob}
  0x000001651ce913e8: c5f8 77e8 

  0x000001651ce913ec: ; ImmutableOopMap {rbp=Oop }
                      ;*arraylength {reexecute=0 rethrow=0 return_oop=0}
                      ; - java.lang.StringLatin1::replace@8
                      ; - java.lang.String::replace@18
                      ; - java.net.URLClassLoader$1::run@8
  0x000001651ce913ec: 1032 3eff 

  0x000001651ce913f0: ;   {other}
  0x000001651ce913f0: 0f1f 8400 | e033 0055 | baf6 ffff | ff48 8944 | 2420 6690 

  0x000001651ce91404: ;   {runtime_call UncommonTrapBlob}
  0x000001651ce91404: c5f8 77e8 

  0x000001651ce91408: ; ImmutableOopMap {[32]=Oop [80]=Oop }
                      ;*getfield ucp {reexecute=1 rethrow=0 return_oop=0}
                      ; - (reexecute) java.net.URLClassLoader$1::run@21
  0x000001651ce91408: f431 3eff 

  0x000001651ce9140c: ;   {other}
  0x000001651ce9140c: 0f1f 8400 | fc33 0056 | baf6 ffff | ff4c 8974 | 2428 4889 | 4424 3090 

  0x000001651ce91424: ;   {runtime_call UncommonTrapBlob}
  0x000001651ce91424: c5f8 77e8 

  0x000001651ce91428: ; ImmutableOopMap {[40]=Oop [80]=Oop [152]=NarrowOop }
                      ;*invokevirtual lastIndexOf {reexecute=0 rethrow=0 return_oop=0}
                      ; - java.net.URLClassLoader::defineClass@7
                      ; - java.net.URLClassLoader$1::run@43
  0x000001651ce91428: d431 3eff 

  0x000001651ce9142c: ;   {other}
  0x000001651ce9142c: 0f1f 8400 | 1c34 0057 | baf6 ffff | ff4c 8974 | 2428 4889 | 4424 3090 

  0x000001651ce91444: ;   {runtime_call UncommonTrapBlob}
  0x000001651ce91444: c5f8 77e8 

  0x000001651ce91448: ; ImmutableOopMap {[40]=Oop [80]=Oop [152]=NarrowOop [156]=NarrowOop }
                      ;*arraylength {reexecute=0 rethrow=0 return_oop=0}
                      ; - java.lang.String::length@4
                      ; - java.lang.String::lastIndexOf@3
                      ; - java.net.URLClassLoader::defineClass@7
                      ; - java.net.URLClassLoader$1::run@43
  0x000001651ce91448: b431 3eff 

  0x000001651ce9144c: ;   {other}
  0x000001651ce9144c: 0f1f 8400 | 3c34 0058 | baf4 ffff | ff4c 8b54 | 2430 4c89 | 5424 284c | 8b54 2438 | 4c89 5424 
  0x000001651ce9146c: 3066 6690 

  0x000001651ce91470: ;   {runtime_call UncommonTrapBlob}
  0x000001651ce91470: c5f8 77e8 

  0x000001651ce91474: ; ImmutableOopMap {[40]=Oop [64]=NarrowOop [80]=Oop [152]=NarrowOop [156]=NarrowOop }
                      ;*instanceof {reexecute=0 rethrow=0 return_oop=0}
                      ; - jdk.internal.loader.Resource::getByteBuffer@6
                      ; - java.net.URLClassLoader::defineClass@132
                      ; - java.net.URLClassLoader$1::run@43
  0x000001651ce91474: 8831 3eff 

  0x000001651ce91478: ;   {other}
  0x000001651ce91478: 0f1f 8400 | 6834 0059 | baf6 ffff | ff4c 8b54 | 2430 4c89 | 5424 2048 | 897c 2438 

  0x000001651ce91494: ;   {runtime_call UncommonTrapBlob}
  0x000001651ce91494: c5f8 77e8 

  0x000001651ce91498: ; ImmutableOopMap {[32]=Oop [56]=Oop [80]=Oop [152]=NarrowOop [156]=NarrowOop [160]=Oop }
                      ;*invokevirtual get {reexecute=0 rethrow=0 return_oop=0}
                      ; - jdk.internal.perf.PerfCounter::get@5
                      ; - jdk.internal.perf.PerfCounter::add@1
                      ; - jdk.internal.perf.PerfCounter::addElapsedTimeFrom@6
                      ; - java.net.URLClassLoader::defineClass@207
                      ; - java.net.URLClassLoader$1::run@43
  0x000001651ce91498: 6431 3eff 

  0x000001651ce9149c: ;   {other}
  0x000001651ce9149c: 0f1f 8400 | 8c34 005a | baf6 ffff | ff4c 8b54 | 2430 4c89 | 5424 2048 | 897c 2428 

  0x000001651ce914b8: ;   {runtime_call UncommonTrapBlob}
  0x000001651ce914b8: c5f8 77e8 

  0x000001651ce914bc: ; ImmutableOopMap {[32]=Oop [40]=Oop [80]=Oop [152]=NarrowOop [156]=NarrowOop }
                      ;*arraylength {reexecute=0 rethrow=0 return_oop=0}
                      ; - java.net.URLClassLoader::defineClass@217
                      ; - java.net.URLClassLoader$1::run@43
  0x000001651ce914bc: 4031 3eff 

  0x000001651ce914c0: ;   {other}
  0x000001651ce914c0: 0f1f 8400 | b034 005b | baf6 ffff | ff4c 8b54 | 2430 4c89 | 5424 204c | 894c 2428 | 4889 5c24 
  0x000001651ce914e0: 3066 6690 

  0x000001651ce914e4: ;   {runtime_call UncommonTrapBlob}
  0x000001651ce914e4: c5f8 77e8 

  0x000001651ce914e8: ; ImmutableOopMap {[32]=Oop [40]=Oop [48]=Oop [80]=Oop }
                      ;*invokeinterface computeIfAbsent {reexecute=0 rethrow=0 return_oop=0}
                      ; - java.security.SecureClassLoader::getProtectionDomain@28
                      ; - java.security.SecureClassLoader::defineClass@9
                      ; - java.net.URLClassLoader::defineClass@220
                      ; - java.net.URLClassLoader$1::run@43
  0x000001651ce914e8: 1431 3eff 

  0x000001651ce914ec: ;   {other}
  0x000001651ce914ec: 0f1f 8400 | dc34 005c | baf4 ffff | ff4c 8b54 | 2430 4c89 | 5424 2044 | 8b54 2438 | 4489 5424 
  0x000001651ce9150c: 2866 6690 

  0x000001651ce91510: ;   {runtime_call UncommonTrapBlob}
  0x000001651ce91510: c5f8 77e8 

  0x000001651ce91514: ; ImmutableOopMap {[32]=Oop [40]=NarrowOop [64]=Oop [80]=Oop [156]=NarrowOop }
                      ;*checkcast {reexecute=0 rethrow=0 return_oop=0}
                      ; - java.security.SecureClassLoader::getProtectionDomain@33
                      ; - java.security.SecureClassLoader::defineClass@9
                      ; - java.net.URLClassLoader::defineClass@220
                      ; - java.net.URLClassLoader$1::run@43
  0x000001651ce91514: e830 3eff 

  0x000001651ce91518: ;   {other}
  0x000001651ce91518: 0f1f 8400 | 0835 005d | baf6 ffff | ff4c 8974 | 2420 4c8b | 5c24 384c | 895c 2428 | 4489 5424 
  0x000001651ce91538: 304c 894c | 2440 6690 

  0x000001651ce91540: ;   {runtime_call UncommonTrapBlob}
  0x000001651ce91540: c5f8 77e8 

  0x000001651ce91544: ; ImmutableOopMap {[32]=Oop [64]=Oop [80]=Oop [152]=NarrowOop [156]=NarrowOop }
                      ;*getfield csu {reexecute=1 rethrow=0 return_oop=0}
                      ; - (reexecute) jdk.internal.loader.URLClassPath$JarLoader$2::getCodeSourceURL@4
                      ; - java.net.URLClassLoader::defineClass@13
                      ; - java.net.URLClassLoader$1::run@43
  0x000001651ce91544: b830 3eff 

  0x000001651ce91548: ;   {other}
  0x000001651ce91548: 0f1f 8400 | 3835 005e | baf6 ffff | ff4c 8974 | 2420 4c8b | 5424 384c | 8954 2428 | 4889 7c24 
  0x000001651ce91568: 3844 896c | 2440 6690 

  0x000001651ce91570: ;   {runtime_call UncommonTrapBlob}
  0x000001651ce91570: c5f8 77e8 

  0x000001651ce91574: ; ImmutableOopMap {[32]=Oop [56]=Oop [64]=NarrowOop [80]=Oop [152]=NarrowOop [156]=NarrowOop [184]=Oop }
                      ;*getfield jar {reexecute=1 rethrow=0 return_oop=0}
                      ; - (reexecute) jdk.internal.loader.URLClassPath$JarLoader$2::getManifest@7
                      ; - java.net.URLClassLoader::defineClass@34
                      ; - java.net.URLClassLoader$1::run@43
  0x000001651ce91574: 8830 3eff 

  0x000001651ce91578: ;   {other}
  0x000001651ce91578: 0f1f 8400 | 6835 005f | baf6 ffff | ff4c 8974 | 2420 4c8b | 5424 384c | 8954 2428 | 4889 7c24 
  0x000001651ce91598: 3844 896c | 2440 6690 

  0x000001651ce915a0: ;   {runtime_call UncommonTrapBlob}
  0x000001651ce915a0: c5f8 77e8 

  0x000001651ce915a4: ; ImmutableOopMap {[32]=Oop [56]=Oop [64]=NarrowOop [80]=Oop [152]=NarrowOop [156]=NarrowOop [184]=Oop }
                      ;*invokevirtual ensureInitialization {reexecute=0 rethrow=0 return_oop=0}
                      ; - java.util.jar.JavaUtilJarAccessImpl::ensureInitialization@1
                      ; - jdk.internal.loader.URLClassPath$JarLoader$2::getManifest@10
                      ; - java.net.URLClassLoader::defineClass@34
                      ; - java.net.URLClassLoader$1::run@43
  0x000001651ce915a4: 5830 3eff 

  0x000001651ce915a8: ;   {other}
  0x000001651ce915a8: 0f1f 8400 | 9835 0060 | baf6 ffff | ff4c 8974 | 2420 4c8b | 5424 384c | 8954 2428 | 4889 7c24 
  0x000001651ce915c8: 3844 896c | 2440 6690 

  0x000001651ce915d0: ;   {runtime_call UncommonTrapBlob}
  0x000001651ce915d0: c5f8 77e8 

  0x000001651ce915d4: ; ImmutableOopMap {[32]=Oop [56]=Oop [64]=NarrowOop [80]=Oop [152]=NarrowOop [156]=NarrowOop [184]=Oop }
                      ;*getfield jar {reexecute=1 rethrow=0 return_oop=0}
                      ; - (reexecute) jdk.internal.loader.URLClassPath$JarLoader$2::getManifest@19
                      ; - java.net.URLClassLoader::defineClass@34
                      ; - java.net.URLClassLoader$1::run@43
  0x000001651ce915d4: 2830 3eff 

  0x000001651ce915d8: ;   {other}
  0x000001651ce915d8: 0f1f 8400 | c835 0061 | baf6 ffff | ff4c 8974 | 2420 4c8b | 5424 384c | 8954 2428 | 4889 7c24 
  0x000001651ce915f8: 3844 896c | 2440 6690 

  0x000001651ce91600: ;   {runtime_call UncommonTrapBlob}
  0x000001651ce91600: c5f8 77e8 

  0x000001651ce91604: ; ImmutableOopMap {[32]=Oop [56]=Oop [64]=NarrowOop [80]=Oop [152]=NarrowOop [156]=NarrowOop [184]=Oop }
                      ;*invokevirtual getManifest {reexecute=0 rethrow=0 return_oop=0}
                      ; - jdk.internal.loader.URLClassPath$JarLoader$2::getManifest@22
                      ; - java.net.URLClassLoader::defineClass@34
                      ; - java.net.URLClassLoader$1::run@43
  0x000001651ce91604: f82f 3eff 

  0x000001651ce91608: ;   {other}
  0x000001651ce91608: 0f1f 8400 | f835 0062 | baf6 ffff | ff4c 8b54 | 2430 4c89 | 5424 204c | 8b54 2438 | 4c89 5424 
  0x000001651ce91628: 2866 6690 

  0x000001651ce9162c: ;   {runtime_call UncommonTrapBlob}
  0x000001651ce9162c: c5f8 77e8 

  0x000001651ce91630: ; ImmutableOopMap {[32]=Oop [64]=NarrowOop [72]=Oop [80]=Oop [152]=NarrowOop [156]=NarrowOop }
                      ;*arraylength {reexecute=0 rethrow=0 return_oop=0}
                      ; - java.util.zip.Checksum::update@4
                      ; - jdk.internal.loader.URLClassPath$JarLoader$2::getBytes@15
                      ; - java.net.URLClassLoader::defineClass@179
                      ; - java.net.URLClassLoader$1::run@43
  0x000001651ce91630: cc2f 3eff 

  0x000001651ce91634: ;   {other}
  0x000001651ce91634: 0f1f 8400 | 2436 0063 | baf6 ffff | ff4c 8b54 | 2430 4c89 | 5424 204c | 8b54 2438 | 4c89 5424 
  0x000001651ce91654: 2866 6690 

  0x000001651ce91658: ;   {runtime_call UncommonTrapBlob}
  0x000001651ce91658: c5f8 77e8 

  0x000001651ce9165c: ; ImmutableOopMap {[32]=Oop [64]=NarrowOop [72]=Oop [80]=Oop [152]=NarrowOop [156]=NarrowOop }
                      ;*invokevirtual getCrc {reexecute=0 rethrow=0 return_oop=0}
                      ; - jdk.internal.loader.URLClassPath$JarLoader$2::getBytes@26
                      ; - java.net.URLClassLoader::defineClass@179
                      ; - java.net.URLClassLoader$1::run@43
  0x000001651ce9165c: a02f 3eff 

  0x000001651ce91660: ;   {other}
  0x000001651ce91660: 0f1f 8400 | 5036 0064 | baf6 ffff | ff48 897c | 2420 4c8b | 5424 384c | 8954 2428 | 448b 5c24 
  0x000001651ce91680: 4044 895c | 2438 6690 

  0x000001651ce91688: ;   {runtime_call UncommonTrapBlob}
  0x000001651ce91688: c5f8 77e8 

  0x000001651ce9168c: ; ImmutableOopMap {[32]=Oop [56]=NarrowOop [80]=Oop [152]=NarrowOop [156]=NarrowOop [160]=Oop }
                      ;*invokevirtual getCodeSigners {reexecute=0 rethrow=0 return_oop=0}
                      ; - jdk.internal.loader.URLClassPath$JarLoader$2::getCodeSigners@4
                      ; - java.net.URLClassLoader::defineClass@185
                      ; - java.net.URLClassLoader$1::run@43
  0x000001651ce9168c: 702f 3eff 

  0x000001651ce91690: ;   {other}
  0x000001651ce91690: 0f1f 8400 | 8036 0065 | baf6 ffff | ff48 897c | 2420 4c8b | 5424 384c | 8954 2428 | 448b 5c24 
  0x000001651ce916b0: 4044 895c | 2438 4889 | 7424 4890 

  0x000001651ce916bc: ;   {runtime_call UncommonTrapBlob}
  0x000001651ce916bc: c5f8 77e8 

  0x000001651ce916c0: ; ImmutableOopMap {[32]=Oop [56]=NarrowOop [72]=Oop [80]=Oop [152]=NarrowOop [156]=NarrowOop [160]=Oop }
                      ;*invokevirtual maybeInstantiateVerifier {reexecute=0 rethrow=0 return_oop=0}
                      ; - java.util.jar.JarFile$JarFileEntry::getCodeSigners@4
                      ; - jdk.internal.loader.URLClassPath$JarLoader$2::getCodeSigners@4
                      ; - java.net.URLClassLoader::defineClass@185
                      ; - java.net.URLClassLoader$1::run@43
  0x000001651ce916c0: 3c2f 3eff 

  0x000001651ce916c4: ;   {other}
  0x000001651ce916c4: 0f1f 8400 | b436 0066 | baf6 ffff | ff48 897c | 2420 4c8b | 5424 384c | 8954 2428 | 448b 5424 
  0x000001651ce916e4: 4044 8954 | 2438 4889 | 7424 4890 

  0x000001651ce916f0: ;   {runtime_call UncommonTrapBlob}
  0x000001651ce916f0: c5f8 77e8 

  0x000001651ce916f4: ; ImmutableOopMap {[32]=Oop [56]=NarrowOop [72]=Oop [80]=Oop [152]=NarrowOop [156]=NarrowOop [160]=Oop }
                      ;*getfield jv {reexecute=1 rethrow=0 return_oop=0}
                      ; - (reexecute) java.util.jar.JarFile$JarFileEntry::getCodeSigners@31
                      ; - jdk.internal.loader.URLClassPath$JarLoader$2::getCodeSigners@4
                      ; - java.net.URLClassLoader::defineClass@185
                      ; - java.net.URLClassLoader$1::run@43
  0x000001651ce916f4: 082f 3eff 

  0x000001651ce916f8: ;   {other}
  0x000001651ce916f8: 0f1f 8400 | e836 0067 | ba45 ffff | ff48 8b6c | 2450 4c89 | 7424 204c | 8b54 2438 | 4c89 5424 
  0x000001651ce91718: 2844 896c | 2440 4889 | 7c24 5044 | 8944 2458 

  0x000001651ce91728: ;   {runtime_call UncommonTrapBlob}
  0x000001651ce91728: c5f8 77e8 

  0x000001651ce9172c: ; ImmutableOopMap {rbp=Oop [32]=Oop [64]=NarrowOop [80]=Oop [88]=NarrowOop [152]=NarrowOop [156]=NarrowOop [184]=Oop }
                      ;*ifnonnull {reexecute=1 rethrow=0 return_oop=0}
                      ; - (reexecute) jdk.internal.access.SharedSecrets::javaUtilJarAccess@5
                      ; - jdk.internal.loader.URLClassPath$JarLoader$2::getManifest@0
                      ; - java.net.URLClassLoader::defineClass@34
                      ; - java.net.URLClassLoader$1::run@43
  0x000001651ce9172c: d02e 3eff 

  0x000001651ce91730: ;   {other}
  0x000001651ce91730: 0f1f 8400 | 2037 0068 | baf6 ffff | ff48 8b6c | 2450 4c89 | 7424 204c | 8b5c 2438 | 4c89 5c24 
  0x000001651ce91750: 2844 896c | 2440 4889 | 7c24 5044 | 8954 2458 | 4489 5424 | 5c66 6690 

  0x000001651ce91768: ;   {runtime_call UncommonTrapBlob}
  0x000001651ce91768: c5f8 77e8 

  0x000001651ce9176c: ; ImmutableOopMap {rbp=Oop [32]=Oop [64]=NarrowOop [80]=Oop [88]=NarrowOop [92]=NarrowOop [152]=NarrowOop [156]=NarrowOop [184]=Oop }
                      ;*getfield zsrc {reexecute=1 rethrow=0 return_oop=0}
                      ; - (reexecute) java.util.zip.ZipFile::ensureOpen@22
                      ; - java.util.zip.ZipFile::getManifestName@5
                      ; - java.util.zip.ZipFile$1::getManifestName@2
                      ; - java.util.jar.JarFile::maybeInstantiateVerifier@20
                      ; - java.util.jar.JarFile::ensureInitialization@1
                      ; - java.util.jar.JavaUtilJarAccessImpl::ensureInitialization@1
                      ; - jdk.internal.loader.URLClassPath$JarLoader$2::getManifest@10
                      ; - java.net.URLClassLoader::defineClass@34
                      ; - java.net.URLClassLoader$1::run@43
  0x000001651ce9176c: 902e 3eff 

  0x000001651ce91770: ;   {other}
  0x000001651ce91770: 0f1f 8400 | 6037 0069 | baf6 ffff | ff48 8b6c | 2450 4889 | 7c24 204c | 8b54 2438 | 4c89 5424 
  0x000001651ce91790: 2844 8b54 | 2440 4489 | 5424 3848 | 8974 2448 | 4489 6c24 | 5044 896c | 2454 6690 

  0x000001651ce917ac: ;   {runtime_call UncommonTrapBlob}
  0x000001651ce917ac: c5f8 77e8 

  0x000001651ce917b0: ; ImmutableOopMap {rbp=Oop [32]=Oop [56]=NarrowOop [72]=Oop [80]=NarrowOop [84]=NarrowOop [152]=NarrowOop [156]=NarrowOop [160]=Oop }
                      ;*getfield zsrc {reexecute=1 rethrow=0 return_oop=0}
                      ; - (reexecute) java.util.zip.ZipFile::ensureOpen@22
                      ; - java.util.zip.ZipFile::getManifestName@5
                      ; - java.util.zip.ZipFile$1::getManifestName@2
                      ; - java.util.jar.JarFile::maybeInstantiateVerifier@20
                      ; - java.util.jar.JarFile$JarFileEntry::getCodeSigners@4
                      ; - jdk.internal.loader.URLClassPath$JarLoader$2::getCodeSigners@4
                      ; - java.net.URLClassLoader::defineClass@185
                      ; - java.net.URLClassLoader$1::run@43
  0x000001651ce917b0: 4c2e 3eff 

  0x000001651ce917b4: ;   {other}
  0x000001651ce917b4: 0f1f 8400 | a437 006a | ba45 ffff | ff48 ff74 | 2450 488f | 4424 204c | 8974 2428 | 4c8b 5c24 
  0x000001651ce917d4: 384c 895c | 2430 4489 | 6c24 4848 | 897c 2458 | 4489 5424 | 6044 8954 | 2464 6690 

  0x000001651ce917f0: ;   {runtime_call UncommonTrapBlob}
  0x000001651ce917f0: c5f8 77e8 

  0x000001651ce917f4: ; ImmutableOopMap {rbp=NarrowOop [32]=Oop [40]=Oop [72]=NarrowOop [88]=Oop [96]=NarrowOop [100]=NarrowOop [152]=NarrowOop [156]=NarrowOop [184]=Oop }
                      ;*ifnonnull {reexecute=1 rethrow=0 return_oop=0}
                      ; - (reexecute) java.util.zip.ZipFile::ensureOpen@25
                      ; - java.util.zip.ZipFile::getManifestName@5
                      ; - java.util.zip.ZipFile$1::getManifestName@2
                      ; - java.util.jar.JarFile::maybeInstantiateVerifier@20
                      ; - java.util.jar.JarFile::ensureInitialization@1
                      ; - java.util.jar.JavaUtilJarAccessImpl::ensureInitialization@1
                      ; - jdk.internal.loader.URLClassPath$JarLoader$2::getManifest@10
                      ; - java.net.URLClassLoader::defineClass@34
                      ; - java.net.URLClassLoader$1::run@43
  0x000001651ce917f4: 082e 3eff 

  0x000001651ce917f8: ;   {other}
  0x000001651ce917f8: 0f1f 8400 | e837 006b | ba45 ffff | ff4c 8b54 | 2450 4c89 | 5424 2048 | 897c 2428 | 4c8b 5424 
  0x000001651ce91818: 384c 8954 | 2430 4889 | 7424 5044 | 896c 2458 | 4489 6c24 | 5c66 6690 

  0x000001651ce91830: ;   {runtime_call UncommonTrapBlob}
  0x000001651ce91830: c5f8 77e8 

  0x000001651ce91834: ; ImmutableOopMap {rbp=NarrowOop [32]=Oop [40]=Oop [64]=NarrowOop [80]=Oop [88]=NarrowOop [92]=NarrowOop [152]=NarrowOop [156]=NarrowOop [160]=Oop }
                      ;*ifnonnull {reexecute=1 rethrow=0 return_oop=0}
                      ; - (reexecute) java.util.zip.ZipFile::ensureOpen@25
                      ; - java.util.zip.ZipFile::getManifestName@5
                      ; - java.util.zip.ZipFile$1::getManifestName@2
                      ; - java.util.jar.JarFile::maybeInstantiateVerifier@20
                      ; - java.util.jar.JarFile$JarFileEntry::getCodeSigners@4
                      ; - jdk.internal.loader.URLClassPath$JarLoader$2::getCodeSigners@4
                      ; - java.net.URLClassLoader::defineClass@185
                      ; - java.net.URLClassLoader$1::run@43
  0x000001651ce91834: c82d 3eff 

  0x000001651ce91838: ;   {other}
  0x000001651ce91838: 0f1f 8400 | 2838 006c | baf6 ffff | ff4c 8974 | 2420 4c8b | 5c24 384c | 895c 2428 | 4489 5424 
  0x000001651ce91858: 304c 894c | 2440 6690 

  0x000001651ce91860: ;   {runtime_call UncommonTrapBlob}
  0x000001651ce91860: c5f8 77e8 

  0x000001651ce91864: ; ImmutableOopMap {[32]=Oop [64]=Oop [80]=Oop [152]=NarrowOop [156]=NarrowOop }
                      ;*invokevirtual getBaseURL {reexecute=0 rethrow=0 return_oop=0}
                      ; - jdk.internal.loader.URLClassPath$FileLoader$1::getCodeSourceURL@4
                      ; - java.net.URLClassLoader::defineClass@13
                      ; - java.net.URLClassLoader$1::run@43
  0x000001651ce91864: 982d 3eff 

  0x000001651ce91868: ;   {other}
  0x000001651ce91868: 0f1f 8400 | 5838 006d | ba97 ffff | ff48 8b6c | 2420 4c8b | 5424 384c | 8954 2430 | 4c8b 5424 
  0x000001651ce91888: 684c 8954 | 2458 6690 

  0x000001651ce91890: ;   {runtime_call UncommonTrapBlob}
  0x000001651ce91890: c5f8 77e8 

  0x000001651ce91894: ; ImmutableOopMap {rbp=Oop [40]=Oop [72]=NarrowOop [76]=NarrowOop [88]=Oop [104]=Oop [152]=NarrowOop [156]=NarrowOop }
                      ;*invokevirtual clone {reexecute=1 rethrow=0 return_oop=0}
                      ; - (reexecute) java.util.Arrays::copyOfRange@18
                      ; - java.lang.StringLatin1::newString@16
                      ; - java.lang.String::substring@41
                      ; - java.net.URLClassLoader::defineClass@28
                      ; - java.net.URLClassLoader$1::run@43
  0x000001651ce91894: 682d 3eff 

  0x000001651ce91898: ;   {other}
  0x000001651ce91898: 0f1f 8400 | 8838 006e | baf6 ffff | ff48 8b6c | 2450 4c8b | 5424 304c | 8954 2420 | 4c8b 5424 
  0x000001651ce918b8: 384c 8954 | 2428 448b | 5424 4044 | 8954 2430 | 448b 4424 | 4444 8944 | 2434 4c8b | 5424 604c 
  0x000001651ce918d8: 8954 2438 | 448b 5424 | 5844 8954 | 2440 4489 | 5c24 5890 

  0x000001651ce918ec: ;   {runtime_call UncommonTrapBlob}
  0x000001651ce918ec: c5f8 77e8 

  0x000001651ce918f0: ; ImmutableOopMap {rbp=Oop [32]=Oop [48]=NarrowOop [52]=NarrowOop [56]=Oop [64]=NarrowOop [88]=NarrowOop [92]=NarrowOop [184]=Oop }
                      ;*getfield zsrc {reexecute=1 rethrow=0 return_oop=0}
                      ; - (reexecute) java.util.zip.ZipFile::getEntryName@21
                      ; - java.util.zip.ZipFile::getManifestName@41
                      ; - java.util.zip.ZipFile$1::getManifestName@2
                      ; - java.util.jar.JarFile::maybeInstantiateVerifier@20
                      ; - java.util.jar.JarFile::ensureInitialization@1
                      ; - java.util.jar.JavaUtilJarAccessImpl::ensureInitialization@1
                      ; - jdk.internal.loader.URLClassPath$JarLoader$2::getManifest@10
                      ; - java.net.URLClassLoader::defineClass@34
                      ; - java.net.URLClassLoader$1::run@43
  0x000001651ce918f0: 0c2d 3eff 

  0x000001651ce918f4: ;   {other}
  0x000001651ce918f4: 0f1f 8400 | e438 006f | baf6 ffff | ff48 8b6c | 2450 4c8b | 5424 304c | 8954 2420 | 4c8b 5424 
  0x000001651ce91914: 384c 8954 | 2428 448b | 5424 4044 | 8954 2438 | 4489 5c24 | 5044 895c | 2454 6690 

  0x000001651ce91930: ;   {runtime_call UncommonTrapBlob}
  0x000001651ce91930: c5f8 77e8 

  0x000001651ce91934: ; ImmutableOopMap {rbp=Oop [32]=Oop [56]=NarrowOop [72]=Oop [80]=NarrowOop [84]=NarrowOop [152]=NarrowOop [156]=NarrowOop [160]=Oop }
                      ;*getfield zsrc {reexecute=1 rethrow=0 return_oop=0}
                      ; - (reexecute) java.util.zip.ZipFile::getEntryName@21
                      ; - java.util.zip.ZipFile::getManifestName@41
                      ; - java.util.zip.ZipFile$1::getManifestName@2
                      ; - java.util.jar.JarFile::maybeInstantiateVerifier@20
                      ; - java.util.jar.JarFile$JarFileEntry::getCodeSigners@4
                      ; - jdk.internal.loader.URLClassPath$JarLoader$2::getCodeSigners@4
                      ; - java.net.URLClassLoader::defineClass@185
                      ; - java.net.URLClassLoader$1::run@43
  0x000001651ce91934: c82c 3eff 

  0x000001651ce91938: ;   {other}
  0x000001651ce91938: 0f1f 8400 | 2839 0070 | ba97 ffff | ff48 ff74 | 2430 488f | 4424 204c | 8b54 2438 | 4c89 5424 
  0x000001651ce91958: 2866 6690 

  0x000001651ce9195c: ;   {runtime_call UncommonTrapBlob}
  0x000001651ce9195c: c5f8 77e8 

  0x000001651ce91960: ; ImmutableOopMap {[32]=Oop [64]=NarrowOop [68]=NarrowOop [80]=Oop [152]=NarrowOop [156]=NarrowOop [160]=Oop }
                      ;*invokevirtual clone {reexecute=1 rethrow=0 return_oop=0}
                      ; - (reexecute) java.util.jar.JarFile$JarFileEntry::getCodeSigners@70
                      ; - jdk.internal.loader.URLClassPath$JarLoader$2::getCodeSigners@4
                      ; - java.net.URLClassLoader::defineClass@185
                      ; - java.net.URLClassLoader$1::run@43
  0x000001651ce91960: 9c2c 3eff 

  0x000001651ce91964: ;   {other}
  0x000001651ce91964: 0f1f 8400 | 5439 0071 | ba97 ffff | ff48 8b6c | 2450 4c8b | 5424 304c | 8954 2420 | 4c8b 5424 
  0x000001651ce91984: 384c 8954 | 2428 6690 

  0x000001651ce9198c: ;   {runtime_call UncommonTrapBlob}
  0x000001651ce9198c: c5f8 77e8 

  0x000001651ce91990: ; ImmutableOopMap {rbp=Oop [32]=Oop [64]=Oop [72]=Oop [152]=NarrowOop [156]=NarrowOop [160]=Oop }
                      ;*invokevirtual clone {reexecute=1 rethrow=0 return_oop=0}
                      ; - (reexecute) java.security.CodeSource::<init>@42
                      ; - java.net.URLClassLoader::defineClass@198
                      ; - java.net.URLClassLoader$1::run@43
  0x000001651ce91990: 6c2c 3eff 

  0x000001651ce91994: ;   {other}
  0x000001651ce91994: 0f1f 8400 | 8439 0072 | 488b d890 | e998 0200 | 0048 8bd8 | 448b 5808 | 49ba 0000 | 0000 0800 
  0x000001651ce919b4: 0000 4d03 | d3e9 af01 | 0000 488b | d844 8b50 | 0849 bb00 | 0000 0008 | 0000 004d | 03da e94f 
  0x000001651ce919d4: 0200 0048 | 8bd8 448b | 5808 49b8 | 0000 0000 | 0800 0000 | 4d03 c3e9 | 4004 0000 | 4c8b d0e9 
  0x000001651ce919f4: 0102 0000 | 488b d80f | 1f44 0000 | e9cb 0400 | 0048 8bd8 | e9c3 0400 | 0048 8bd8 | e9bb 0400 
  0x000001651ce91a14: 0048 8944 | 2468 488b | 6c24 404c | 8b54 2428 | 4c89 5424 | 204c 8b54 | 2438 4c89 | 5424 2848 
  0x000001651ce91a34: 8b54 2460 

  0x000001651ce91a38: ;   {static_call}
  0x000001651ce91a38: c5f8 77e8 

  0x000001651ce91a3c: ; ImmutableOopMap {rbp=Oop [32]=Oop [48]=Oop [72]=NarrowOop [80]=Oop [88]=Oop [104]=Oop [112]=Oop [184]=Oop }
                      ;*invokestatic endInit {reexecute=0 rethrow=0 return_oop=0}
                      ; - java.util.jar.JarFile::ensureInitialization@53
                      ; - java.util.jar.JavaUtilJarAccessImpl::ensureInitialization@1
                      ; - jdk.internal.loader.URLClassPath$JarLoader$2::getManifest@10
                      ; - java.net.URLClassLoader::defineClass@34
                      ; - java.net.URLClassLoader$1::run@43
  0x000001651ce91a3c: 40d6 3dff 

  0x000001651ce91a40: ;   {other}
  0x000001651ce91a40: 0f1f 8400 | 303a 0073 | 4c8b 5424 | 6849 8bda | e9e8 0100 | 0048 8bd8 | e9e0 0100 | 0048 8bd8 
  0x000001651ce91a60: e9d8 0100 | 004c 8bd0 | e9af 0300 | 004c 8bd0 | e9a7 0300 | 0048 8bd8 | 448b 5808 | 49b8 0000 
  0x000001651ce91a80: 0000 0800 | 0000 4d03 | c3e9 a203 | 0000 4c8b | d0eb 034c | 8bd0 498b | da45 8b5a | 0849 b800 
  0x000001651ce91aa0: 0000 0008 | 0000 004d | 03c3 e981 | 0300 0048 | 8bd8 eb08 | 488b d8eb | 0348 8bd8 | 4c8b 5c24 
  0x000001651ce91ac0: 5848 8d84 | 24c0 0000 | 0048 8338 | 000f 8479 | 0000 004d | 8b13 41f6 | c202 0f84 | 6200 0000 
  0x000001651ce91ae0: 4983 ba86 | 0000 0000 | 7409 49ff | 8a86 0000 | 00eb 4b49 | 8b82 9600 | 0000 490b | 828e 0000 
  0x000001651ce91b00: 0075 0a49 | c742 3e00 | 0000 00eb | 3d49 83ba | 9e00 0000 | 0074 2248 | 33c0 49c7 | 423e 0000 
  0x000001651ce91b20: 0000 f083 | 0424 0049 | 83ba 9e00 | 0000 0075 | 0df0 4d0f | b17a 3e75 | 0583 c801 

  0x000001651ce91b3c: ;   {no_reloc}
  0x000001651ce91b3c: eb0c a800 | eb08 4c8b | 10f0 4d0f | b113 750a | 49ff 8f48 | 0500 0045 | 33d2 0f85 | 0404 0000 
  0x000001651ce91b5c: 448b 5b08 | 49ba 0000 | 0000 0800 | 0000 4d03 | d34d 8b52 

  0x000001651ce91b70: ;   {metadata('java/io/IOException')}
  0x000001651ce91b70: 4849 bba8 | d009 0008 | 0000 000f | 1f44 0000 | 4d3b d30f | 8589 0100 | 0048 8beb | ba2a 0000 
  0x000001651ce91b90: 004c 8b54 | 2430 4c89 | 5424 284c | 8b54 2438 | 4c89 5424 | 3066 6690 

  0x000001651ce91ba8: ;   {runtime_call UncommonTrapBlob}
  0x000001651ce91ba8: c5f8 77e8 

  0x000001651ce91bac: ; ImmutableOopMap {rbp=Oop [40]=Oop [64]=NarrowOop [80]=Oop [152]=NarrowOop [156]=NarrowOop [160]=Oop }
                      ;*new {reexecute=0 rethrow=0 return_oop=0}
                      ; - java.util.jar.JarFile$JarFileEntry::getCodeSigners@11
                      ; - jdk.internal.loader.URLClassPath$JarLoader$2::getCodeSigners@4
                      ; - java.net.URLClassLoader::defineClass@185
                      ; - java.net.URLClassLoader$1::run@43
  0x000001651ce91bac: 502a 3eff 

  0x000001651ce91bb0: ;   {other}
  0x000001651ce91bb0: 0f1f 8400 | a03b 0074 | 4c8b d0eb | 034c 8bd0 | 498b dae9 | 0803 0000 | 488b d844 | 8b58 0849 
  0x000001651ce91bd0: b800 0000 | 0008 0000 | 004d 03c3 | 4d8b 5050 | 4c3b d50f | 8547 0200 | 0045 33c9 | e965 0100 
  0x000001651ce91bf0: 004c 8bd0 | eb03 4c8b | d049 8bda | 0f1f 4000 | e9cb 0200 | 004c 8bd0 | eb08 4c8b | d0eb 034c 
  0x000001651ce91c10: 8bd0 498b | da45 8b52 | 0849 bb00 | 0000 0008 | 0000 004d | 03da 4d8b 

  0x000001651ce91c28: ;   {metadata('java/io/IOException')}
  0x000001651ce91c28: 5348 49bb | a8d0 0900 | 0800 0000 | 4d3b d30f | 84d7 0200 | 004c 8b5c | 2470 488d | 8424 c000 
  0x000001651ce91c48: 0000 4883 | 3800 0f84 | 7900 0000 | 4d8b 1341 | f6c2 020f | 8462 0000 | 0049 83ba | 8600 0000 
  0x000001651ce91c68: 0074 0949 | ff8a 8600 | 0000 eb4b | 498b 8296 | 0000 0049 | 0b82 8e00 | 0000 750a | 49c7 423e 
  0x000001651ce91c88: 0000 0000 | eb3d 4983 | ba9e 0000 | 0000 7422 | 4833 c049 | c742 3e00 | 0000 00f0 | 8304 2400 
  0x000001651ce91ca8: 4983 ba9e | 0000 0000 | 750d f04d | 0fb1 7a3e | 7505 83c8 | 01eb 0ca8 | 00eb 084c | 8b10 f04d 
  0x000001651ce91cc8: 0fb1 1375 | 0a49 ff8f | 4805 0000 | 4533 d20f | 84be 0000 | 0048 8b4c | 2470 488d | 9424 c000 
  0x000001651ce91ce8: 0000 4d8b | c7c5 f877 | 49ba 10c6 | 910b f97f | 0000 41ff 

  0x000001651ce91cfc: ;   {other}
  0x000001651ce91cfc: d20f 1f84 | 0000 0000 | 00e9 9100 | 0000 488b | d8eb 0348 | 8bd8 448b | 5b08 49b8 | 0000 0000 
  0x000001651ce91d1c: 0800 0000 | 4d03 c3e9 | 0801 0000 | 4c8b d0e9 | b800 0000 | 488b d844 | 8b50 0849 | b800 0000 
  0x000001651ce91d3c: 0008 0000 | 004d 03c2 | 4d8b 5050 | 4c3b d50f | 85df 0000 | 004c 8b4c | 2458 488b | 5424 284c 
  0x000001651ce91d5c: 8b84 24b8 | 0000 0048 | 8b7c 2448 

  0x000001651ce91d68: ;   {optimized virtual_call}
  0x000001651ce91d68: c5f8 77e8 

  0x000001651ce91d6c: ; ImmutableOopMap {[32]=Oop [40]=Oop [48]=Oop [64]=NarrowOop [80]=Oop [152]=NarrowOop [156]=NarrowOop [184]=Oop }
                      ;*invokevirtual getAndVerifyPackage {reexecute=0 rethrow=0 return_oop=1}
                      ; - java.net.URLClassLoader::defineClass@97
                      ; - java.net.URLClassLoader$1::run@43
  0x000001651ce91d6c: 10cd 3dff 

  0x000001651ce91d70: ;   {other}
  0x000001651ce91d70: 0f1f 8400 | 603d 0075 | 0f1f 8400 | 0000 0000 | 4885 c00f | 8473 0100 | 004c 8b74 | 2430 448b 
  0x000001651ce91d90: 6c24 40e9 | 8bd3 ffff | 488b d844 | 8b53 0849 | b800 0000 | 0008 0000 | 004d 03c2 | e97f 0000 
  0x000001651ce91db0: 0048 8bd8 | 448b 5808 | 49b8 0000 | 0000 0800 | 0000 4d03 | c3e9 6600 | 0000 488b | d844 8b58 
  0x000001651ce91dd0: 0849 b800 | 0000 0008 | 0000 004d | 03c3 6690 | e94b 0000 | 004c 8bd0 | 498b da45 | 8b5a 0849 
  0x000001651ce91df0: b800 0000 | 0008 0000 | 004d 03c3 | eb32 488b | d844 8b58 | 0849 b800 | 0000 0008 | 0000 004d 
  0x000001651ce91e10: 03c3 eb1c | 4c8b d0eb | 034c 8bd0 | 498b da45 | 8b5a 0849 | b800 0000 | 0008 0000 | 004d 03c3 
  0x000001651ce91e30: 4d8b 5048 

  0x000001651ce91e34: ;   {metadata('java/io/IOException')}
  0x000001651ce91e34: 49bb a8d0 | 0900 0800 | 0000 6690 | 4d3b d30f | 849a 0000 | 004d 8b50 

  0x000001651ce91e4c: ;   {metadata('java/lang/ClassFormatError')}
  0x000001651ce91e4c: 5049 bbb8 | 2164 0008 | 0000 0066 | 0f1f 8400 | 0000 0000 | 4d3b d30f | 8567 0000 | 0048 8beb 
  0x000001651ce91e6c: 488b 5424 | 3090 c5f8 | 7748 b8ff | ffff ffff 

  0x000001651ce91e7c: ;   {virtual_call}
  0x000001651ce91e7c: ffff ffe8 

  0x000001651ce91e80: ; ImmutableOopMap {rbp=Oop [48]=Oop }
                      ;*invokevirtual getDataError {reexecute=0 rethrow=0 return_oop=1}
                      ; - java.net.URLClassLoader$1::run@63
  0x000001651ce91e80: fcce 3dff 

  0x000001651ce91e84: ;   {other}
  0x000001651ce91e84: 0f1f 8400 | 743e 0076 | 4885 c074 | 3748 8b54 | 2430 c5f8 | 7748 b8ff | ffff ffff 

  0x000001651ce91ea0: ;   {virtual_call}
  0x000001651ce91ea0: ffff ffe8 

  0x000001651ce91ea4: ; ImmutableOopMap {rbp=Oop }
                      ;*invokevirtual getDataError {reexecute=0 rethrow=0 return_oop=1}
                      ; - java.net.URLClassLoader$1::run@71
  0x000001651ce91ea4: d8ce 3dff 

  0x000001651ce91ea8: ;   {other}
  0x000001651ce91ea8: 0f1f 8400 | 983e 0077 | 488b d54c | 8bc0 6690 

  0x000001651ce91eb8: ;   {optimized virtual_call}
  0x000001651ce91eb8: c5f8 77e8 

  0x000001651ce91ebc: ; ImmutableOopMap {rbp=Oop }
                      ;*invokevirtual addSuppressed {reexecute=0 rethrow=0 return_oop=0}
                      ; - java.net.URLClassLoader$1::run@74
  0x000001651ce91ebc: c0cb 3dff 

  0x000001651ce91ec0: ;   {other}
  0x000001651ce91ec0: 0f1f 8400 | b03e 0078 | 488b d5eb | 0648 8bd8 | 488b d3c5 | f877 4881 | c4e0 0000 

  0x000001651ce91edc: ;   {runtime_call _rethrow_Java}
  0x000001651ce91edc: 005d e99d | 724a ff48 | 8beb ba2f | 0000 0090 

  0x000001651ce91eec: ;   {runtime_call UncommonTrapBlob}
  0x000001651ce91eec: c5f8 77e8 

  0x000001651ce91ef0: ; ImmutableOopMap {rbp=Oop [80]=Oop }
                      ;*new {reexecute=0 rethrow=0 return_oop=0}
                      ; - java.net.URLClassLoader$1::run@48
  0x000001651ce91ef0: 0c27 3eff 

  0x000001651ce91ef4: ;   {other}
  0x000001651ce91ef4: 0f1f 8400 | e43e 0079 | bafd 0000 | 0066 6690 

  0x000001651ce91f04: ;   {runtime_call UncommonTrapBlob}
  0x000001651ce91f04: c5f8 77e8 

  0x000001651ce91f08: ; ImmutableOopMap {[48]=Oop [80]=Oop [184]=Oop }
                      ;*new {reexecute=0 rethrow=0 return_oop=0}
                      ; - java.net.URLClassLoader::defineClass@103
                      ; - java.net.URLClassLoader$1::run@43
  0x000001651ce91f08: f426 3eff 

  0x000001651ce91f0c: ;   {other}
  0x000001651ce91f0c: 0f1f 8400 | fc3e 007a | 488b ebba | f201 0000 | 4c8b 5424 | 504c 8954 | 2420 4c8b | 5424 304c 
  0x000001651ce91f2c: 8954 2428 | 4c8b 5424 | 384c 8954 | 2430 448b | 5c24 4044 | 895c 2438 | 448b 5424 | 4444 8954 
  0x000001651ce91f4c: 243c 6690 

  0x000001651ce91f50: ;   {runtime_call UncommonTrapBlob}
  0x000001651ce91f50: c5f8 77e8 

  0x000001651ce91f54: ; ImmutableOopMap {rbp=Oop [32]=Oop [40]=Oop [56]=NarrowOop [60]=NarrowOop [88]=NarrowOop [92]=NarrowOop [96]=Oop [184]=Oop }
                      ;*new {reexecute=0 rethrow=0 return_oop=0}
                      ; - java.util.jar.JarFile::ensureInitialization@8
                      ; - java.util.jar.JavaUtilJarAccessImpl::ensureInitialization@1
                      ; - jdk.internal.loader.URLClassPath$JarLoader$2::getManifest@10
                      ; - java.net.URLClassLoader::defineClass@34
                      ; - java.net.URLClassLoader$1::run@43
  0x000001651ce91f54: a826 3eff 

  0x000001651ce91f58: ;   {other}
  0x000001651ce91f58: 0f1f 8400 | 483f 007b | 498b cb48 | 8d94 24c0 | 0000 004d | 8bc7 c5f8 | 7749 ba10 | c691 0bf9 
  0x000001651ce91f78: 7f00 0041 

  0x000001651ce91f7c: ;   {other}
  0x000001651ce91f7c: ffd2 0f1f | 8400 0000 | 0000 e9d1 

  0x000001651ce91f88: ;   {internal_word}
  0x000001651ce91f88: fbff ff49 | ba67 f6e8 | 1c65 0100 | 004d 8997 | 6004 0000 

  0x000001651ce91f9c: ;   {runtime_call SafepointBlob}
  0x000001651ce91f9c: e95f 373e 

  0x000001651ce91fa0: ;   {runtime_call StubRoutines (final stubs)}
  0x000001651ce91fa0: ffe8 ba7b | 3cff e9d3 | c5ff fff4 | f4f4 f4f4 
[Stub Code]
  0x000001651ce91fb0: ;   {no_reloc}
  0x000001651ce91fb0: 48bb 0000 | 0000 0000 

  0x000001651ce91fb8: ;   {runtime_call nmethod}
  0x000001651ce91fb8: 0000 e9fb 

  0x000001651ce91fbc: ;   {static_stub}
  0x000001651ce91fbc: ffff ff48 | bb58 795a | 2c65 0100 

  0x000001651ce91fc8: ;   {runtime_call I2C/C2I adapters}
  0x000001651ce91fc8: 00e9 9514 

  0x000001651ce91fcc: ;   {static_stub}
  0x000001651ce91fcc: 3eff 48bb | 0000 0000 | 0000 0000 

  0x000001651ce91fd8: ;   {runtime_call nmethod}
  0x000001651ce91fd8: e9fb ffff 

  0x000001651ce91fdc: ;   {static_stub}
  0x000001651ce91fdc: ff48 bbb0 | fb10 2c65 

  0x000001651ce91fe4: ;   {runtime_call I2C/C2I adapters}
  0x000001651ce91fe4: 0100 00e9 | 7f8d 3dff 

  0x000001651ce91fec: ;   {static_stub}
  0x000001651ce91fec: 48bb 40a9 | 0f2c 6501 

  0x000001651ce91ff4: ;   {runtime_call I2C/C2I adapters}
  0x000001651ce91ff4: 0000 e974 

  0x000001651ce91ff8: ;   {static_stub}
  0x000001651ce91ff8: ff3c ff48 | bb00 0000 | 0000 0000 

  0x000001651ce92004: ;   {runtime_call nmethod}
  0x000001651ce92004: 00e9 fbff 

  0x000001651ce92008: ;   {static_stub}
  0x000001651ce92008: ffff 48bb | 0000 0000 | 0000 0000 

  0x000001651ce92014: ;   {runtime_call nmethod}
  0x000001651ce92014: e9fb ffff 

  0x000001651ce92018: ;   {static_stub}
  0x000001651ce92018: ff48 bb00 | 0000 0000 

  0x000001651ce92020: ;   {runtime_call nmethod}
  0x000001651ce92020: 0000 00e9 | fbff ffff 

  0x000001651ce92028: ;   {static_stub}
  0x000001651ce92028: 48bb 0000 | 0000 0000 

  0x000001651ce92030: ;   {runtime_call nmethod}
  0x000001651ce92030: 0000 e9fb 

  0x000001651ce92034: ;   {static_stub}
  0x000001651ce92034: ffff ff48 | bb00 0000 | 0000 0000 

  0x000001651ce92040: ;   {runtime_call nmethod}
  0x000001651ce92040: 00e9 fbff 

  0x000001651ce92044: ;   {static_stub}
  0x000001651ce92044: ffff 48bb | 0000 0000 | 0000 0000 

  0x000001651ce92050: ;   {runtime_call nmethod}
  0x000001651ce92050: e9fb ffff 

  0x000001651ce92054: ;   {static_stub}
  0x000001651ce92054: ff48 bbc8 | 8059 2c65 

  0x000001651ce9205c: ;   {runtime_call I2C/C2I adapters}
  0x000001651ce9205c: 0100 00e9 | ff13 3eff 

  0x000001651ce92064: ;   {static_stub}
  0x000001651ce92064: 48bb 708f | 5a2c 6501 

  0x000001651ce9206c: ;   {runtime_call I2C/C2I adapters}
  0x000001651ce9206c: 0000 e96c 

  0x000001651ce92070: ;   {static_stub}
  0x000001651ce92070: be3d ff48 | bbd0 855a | 2c65 0100 

  0x000001651ce9207c: ;   {runtime_call I2C/C2I adapters}
  0x000001651ce9207c: 00e9 e113 

  0x000001651ce92080: ;   {static_stub}
  0x000001651ce92080: 3eff 48bb | 2090 5a2c | 6501 0000 

  0x000001651ce9208c: ;   {runtime_call I2C/C2I adapters}
  0x000001651ce9208c: e9d2 133e 

  0x000001651ce92090: ;   {static_stub}
  0x000001651ce92090: ff48 bb00 | 0000 0000 

  0x000001651ce92098: ;   {runtime_call nmethod}
  0x000001651ce92098: 0000 00e9 | fbff ffff 

  0x000001651ce920a0: ;   {static_stub}
  0x000001651ce920a0: 48bb 0000 | 0000 0000 

  0x000001651ce920a8: ;   {runtime_call nmethod}
  0x000001651ce920a8: 0000 e9fb 

  0x000001651ce920ac: ;   {static_stub}
  0x000001651ce920ac: ffff ff48 | bb00 0000 | 0000 0000 

  0x000001651ce920b8: ;   {runtime_call nmethod}
  0x000001651ce920b8: 00e9 fbff 

  0x000001651ce920bc: ;   {static_stub}
  0x000001651ce920bc: ffff 48bb | 0000 0000 | 0000 0000 

  0x000001651ce920c8: ;   {runtime_call nmethod}
  0x000001651ce920c8: e9fb ffff 

  0x000001651ce920cc: ;   {static_stub}
  0x000001651ce920cc: ff48 bba0 | 4e02 2c65 

  0x000001651ce920d4: ;   {runtime_call I2C/C2I adapters}
  0x000001651ce920d4: 0100 00e9 | 19f5 3cff 
[Exception Handler]
  0x000001651ce920dc: ;   {runtime_call ExceptionBlob}
  0x000001651ce920dc: e99f 0e4a | ffe8 0000 | 0000 4883 

  0x000001651ce920e8: ;   {runtime_call DeoptimizationBlob}
  0x000001651ce920e8: 2c24 05e9 | b028 3eff 
[/MachCode]


---------------  P R O C E S S  ---------------

Threads class SMR info:
_java_thread_list=0x0000016533a92590, length=121, elements={
0x000001650f90e3a0, 0x000001652b36cab0, 0x000001652b37c540, 0x000001652b37cfa0,
0x000001652b3add30, 0x000001652b3ae790, 0x000001652b3af1f0, 0x000001652b396720,
0x000001652b3974b0, 0x000001652b3b7d90, 0x000001652b696d90, 0x0000016531197b50,
0x0000016531352b60, 0x000001653117b480, 0x0000016531134270, 0x0000016531134900,
0x0000016531135620, 0x0000016533f8bc70, 0x0000016533f8c990, 0x0000016533f8b5e0,
0x0000016533f87440, 0x00000165361860b0, 0x0000016532fda0c0, 0x0000016532fde8f0,
0x000001653483fe50, 0x000001653c6cf4f0, 0x0000016535d34500, 0x000001654037e460,
0x0000016547e05400, 0x0000016545933210, 0x000001653ee816f0, 0x000001653483f7c0,
0x0000016534840b70, 0x0000016547e04050, 0x000001653e016fd0, 0x000001653ee7fcb0,
0x000001653ee809d0, 0x000001653ee7cec0, 0x000001653e0141e0, 0x000001653e0134c0,
0x000001653e010d60, 0x000001653e012110, 0x000001653e0127a0, 0x000001653e013b50,
0x000001653e014870, 0x000001653e010040, 0x000001653ee7b480, 0x000001653ee7ef90,
0x000001653ee81060, 0x000001653ee80340, 0x000001653e014f00, 0x000001653ee81d80,
0x000001653e015590, 0x000001653e011a80, 0x000001653e015c20, 0x0000016547e04d70,
0x0000016547e02610, 0x000001653e0162b0, 0x000001653ee82410, 0x000001653ee82aa0,
0x000001653ee7bb10, 0x00000165348425b0, 0x000001653483e410, 0x0000016547e03330,
0x00000165348404e0, 0x0000016534841890, 0x0000016534841200, 0x000001653e017660,
0x000001653e0106d0, 0x0000016534842c40, 0x0000016534843960, 0x000001653c95a700,
0x000001653c95a070, 0x0000016547dfeb00, 0x000001653ee7c1a0, 0x000001653ee7c830,
0x000001653ee7d550, 0x0000016545931140, 0x0000016545933f30, 0x0000016547dfe470,
0x0000016545930420, 0x00000165407c4f80, 0x00000165407c5610, 0x00000165407c2190,
0x00000165407c2820, 0x0000016547dff820, 0x00000165459338a0, 0x00000165459345c0,
0x00000165459317d0, 0x0000016545936000, 0x000001654592f070, 0x000001653c95b420,
0x0000016545934c50, 0x0000016547e01260, 0x000001653c961d20, 0x0000016547e02ca0,
0x00000165407c6330, 0x00000165407c00c0, 0x0000016545931e60, 0x0000016547f61880,
0x0000016535d37980, 0x0000016547f65390, 0x0000016547f625a0, 0x0000016547f62c30,
0x0000016547f66740, 0x0000016535d365d0, 0x00000165466185b0, 0x0000016535d33150,
0x0000016547e018f0, 0x0000016547e01f80, 0x0000016547e0a950, 0x0000016535d34b90,
0x0000016547e0b670, 0x0000016547e09c30, 0x0000016547e0eaf0, 0x0000016546615130,
0x0000016546617f20, 0x0000016546617890, 0x0000016547e0c390, 0x0000016546618c40,
0x0000016546617200
}

Java Threads: ( => current thread )
  0x000001650f90e3a0 JavaThread "main"                              [_thread_blocked, id=3084, stack(0x0000002f1c100000,0x0000002f1c200000) (1024K)]
  0x000001652b36cab0 JavaThread "Common-Cleaner"             daemon [_thread_blocked, id=9324, stack(0x0000002f1c900000,0x0000002f1ca00000) (1024K)]
  0x000001652b37c540 JavaThread "Reference Handler"          daemon [_thread_blocked, id=14392, stack(0x0000002f1ca00000,0x0000002f1cb00000) (1024K)]
  0x000001652b37cfa0 JavaThread "Finalizer"                  daemon [_thread_blocked, id=10412, stack(0x0000002f1cb00000,0x0000002f1cc00000) (1024K)]
  0x000001652b3add30 JavaThread "Signal Dispatcher"          daemon [_thread_blocked, id=7380, stack(0x0000002f1cc00000,0x0000002f1cd00000) (1024K)]
  0x000001652b3ae790 JavaThread "Attach Listener"            daemon [_thread_blocked, id=15752, stack(0x0000002f1cd00000,0x0000002f1ce00000) (1024K)]
  0x000001652b3af1f0 JavaThread "Service Thread"             daemon [_thread_blocked, id=3532, stack(0x0000002f1ce00000,0x0000002f1cf00000) (1024K)]
  0x000001652b396720 JavaThread "Monitor Deflation Thread"   daemon [_thread_blocked, id=14424, stack(0x0000002f1cf00000,0x0000002f1d000000) (1024K)]
  0x000001652b3974b0 JavaThread "C2 CompilerThread0"         daemon [_thread_blocked, id=10356, stack(0x0000002f1d000000,0x0000002f1d100000) (1024K)]
  0x000001652b3b7d90 JavaThread "C1 CompilerThread0"         daemon [_thread_blocked, id=3392, stack(0x0000002f1d100000,0x0000002f1d200000) (1024K)]
  0x000001652b696d90 JavaThread "Notification Thread"        daemon [_thread_blocked, id=7524, stack(0x0000002f1d200000,0x0000002f1d300000) (1024K)]
  0x0000016531197b50 JavaThread "Daemon health stats"               [_thread_blocked, id=13092, stack(0x0000002f1d700000,0x0000002f1d800000) (1024K)]
  0x0000016531352b60 JavaThread "Incoming local TCP Connector on port 50843"        [_thread_in_native, id=5560, stack(0x0000002f1d800000,0x0000002f1d900000) (1024K)]
  0x000001653117b480 JavaThread "Daemon periodic checks"            [_thread_blocked, id=6172, stack(0x0000002f1d900000,0x0000002f1da00000) (1024K)]
  0x0000016531134270 JavaThread "Cache worker for journal cache (S:\gradle-home\caches\journal-1)"        [_thread_blocked, id=10684, stack(0x0000002f1e000000,0x0000002f1e100000) (1024K)]
  0x0000016531134900 JavaThread "File lock request listener"        [_thread_in_native, id=14684, stack(0x0000002f1e100000,0x0000002f1e200000) (1024K)]
  0x0000016531135620 JavaThread "Cache worker for file hash cache (S:\gradle-home\caches\8.11.1\fileHashes)"        [_thread_blocked, id=11500, stack(0x0000002f1e200000,0x0000002f1e300000) (1024K)]
  0x0000016533f8bc70 JavaThread "Cache worker for file content cache (S:\gradle-home\caches\8.11.1\fileContent)"        [_thread_blocked, id=12776, stack(0x0000002f1e400000,0x0000002f1e500000) (1024K)]
  0x0000016533f8c990 JavaThread "File watcher server"        daemon [_thread_in_native, id=9892, stack(0x0000002f1e700000,0x0000002f1e800000) (1024K)]
  0x0000016533f8b5e0 JavaThread "File watcher consumer"      daemon [_thread_blocked, id=10404, stack(0x0000002f1e800000,0x0000002f1e900000) (1024K)]
  0x0000016533f87440 JavaThread "jar transforms"                    [_thread_blocked, id=9148, stack(0x0000002f1ec00000,0x0000002f1ed00000) (1024K)]
  0x00000165361860b0 JavaThread "Memory manager"                    [_thread_blocked, id=10816, stack(0x0000002f1f700000,0x0000002f1f800000) (1024K)]
  0x0000016532fda0c0 JavaThread "jar transforms Thread 2"           [_thread_blocked, id=2084, stack(0x0000002f21200000,0x0000002f21300000) (1024K)]
  0x0000016532fde8f0 JavaThread "jar transforms Thread 3"           [_thread_blocked, id=11632, stack(0x0000002f21300000,0x0000002f21400000) (1024K)]
  0x000001653483fe50 JavaThread "jar transforms Thread 4"           [_thread_blocked, id=7220, stack(0x0000002f21900000,0x0000002f21a00000) (1024K)]
  0x000001653c6cf4f0 JavaThread "Cache worker for Java compile cache (S:\gradle-home\caches\8.11.1\javaCompile)"        [_thread_blocked, id=14716, stack(0x0000002f22200000,0x0000002f22300000) (1024K)]
  0x0000016535d34500 JavaThread "RMI Scheduler(0)"           daemon [_thread_blocked, id=1824, stack(0x0000002f22700000,0x0000002f22800000) (1024K)]
  0x000001654037e460 JavaThread "RMI TCP Accept-0"           daemon [_thread_in_native, id=2724, stack(0x0000002f23200000,0x0000002f23300000) (1024K)]
  0x0000016547e05400 JavaThread "RMI GC Daemon"              daemon [_thread_blocked, id=16336, stack(0x0000002f22d00000,0x0000002f22e00000) (1024K)]
  0x0000016545933210 JavaThread "RMI Reaper"                        [_thread_blocked, id=12524, stack(0x0000002f22300000,0x0000002f22400000) (1024K)]
  0x000001653ee816f0 JavaThread "Daemon Thread 6"                   [_thread_blocked, id=12708, stack(0x0000002f1be00000,0x0000002f1bf00000) (1024K)]
  0x000001653483f7c0 JavaThread "Handler for socket connection from /127.0.0.1:50843 to /127.0.0.1:49865"        [_thread_in_native, id=10992, stack(0x0000002f1bf00000,0x0000002f1c000000) (1024K)]
  0x0000016534840b70 JavaThread "Cancel handler"                    [_thread_blocked, id=13112, stack(0x0000002f1c000000,0x0000002f1c100000) (1024K)]
  0x0000016547e04050 JavaThread "Daemon worker Thread 6"            [_thread_blocked, id=8548, stack(0x0000002f1d300000,0x0000002f1d400000) (1024K)]
  0x000001653e016fd0 JavaThread "Asynchronous log dispatcher for DefaultDaemonConnection: socket connection from /127.0.0.1:50843 to /127.0.0.1:49865"        [_thread_blocked, id=12920, stack(0x0000002f1da00000,0x0000002f1db00000) (1024K)]
  0x000001653ee7fcb0 JavaThread "Stdin handler"                     [_thread_blocked, id=12064, stack(0x0000002f1db00000,0x0000002f1dc00000) (1024K)]
  0x000001653ee809d0 JavaThread "Daemon client event forwarder"        [_thread_blocked, id=13340, stack(0x0000002f1dc00000,0x0000002f1dd00000) (1024K)]
  0x000001653ee7cec0 JavaThread "Cache worker for file hash cache (S:\dev\CaribTap\flutter-ulistings-app\flutter_universal_listings\android\.gradle\8.11.1\fileHashes)"        [_thread_blocked, id=5356, stack(0x0000002f1dd00000,0x0000002f1de00000) (1024K)]
  0x000001653e0141e0 JavaThread "Cache worker for Build Output Cleanup Cache (S:\dev\CaribTap\flutter-ulistings-app\flutter_universal_listings\android\.gradle\buildOutputCleanup)"        [_thread_blocked, id=16160, stack(0x0000002f1de00000,0x0000002f1df00000) (1024K)]
  0x000001653e0134c0 JavaThread "Cache worker for checksums cache (S:\dev\CaribTap\flutter-ulistings-app\flutter_universal_listings\android\.gradle\8.11.1\checksums)"        [_thread_blocked, id=10292, stack(0x0000002f1df00000,0x0000002f1e000000) (1024K)]
  0x000001653e010d60 JavaThread "Cache worker for cache directory md-rule (S:\gradle-home\caches\8.11.1\md-rule)"        [_thread_blocked, id=7312, stack(0x0000002f1e300000,0x0000002f1e400000) (1024K)]
  0x000001653e012110 JavaThread "Cache worker for cache directory md-supplier (S:\gradle-home\caches\8.11.1\md-supplier)"        [_thread_blocked, id=17108, stack(0x0000002f1e500000,0x0000002f1e600000) (1024K)]
  0x000001653e0127a0 JavaThread "Cache worker for Build Output Cleanup Cache (S:\flutter\packages\flutter_tools\gradle\.gradle\buildOutputCleanup)"        [_thread_blocked, id=16756, stack(0x0000002f1e600000,0x0000002f1e700000) (1024K)]
  0x000001653e013b50 JavaThread "Unconstrained build operations"        [_thread_blocked, id=8396, stack(0x0000002f1e900000,0x0000002f1ea00000) (1024K)]
  0x000001653e014870 JavaThread "Unconstrained build operations Thread 2"        [_thread_blocked, id=12480, stack(0x0000002f1ea00000,0x0000002f1eb00000) (1024K)]
  0x000001653e010040 JavaThread "Unconstrained build operations Thread 3"        [_thread_blocked, id=10160, stack(0x0000002f1eb00000,0x0000002f1ec00000) (1024K)]
  0x000001653ee7b480 JavaThread "Unconstrained build operations Thread 4"        [_thread_blocked, id=16252, stack(0x0000002f1ed00000,0x0000002f1ee00000) (1024K)]
  0x000001653ee7ef90 JavaThread "Unconstrained build operations Thread 5"        [_thread_blocked, id=1772, stack(0x0000002f1ee00000,0x0000002f1ef00000) (1024K)]
  0x000001653ee81060 JavaThread "Unconstrained build operations Thread 6"        [_thread_blocked, id=17060, stack(0x0000002f1ef00000,0x0000002f1f000000) (1024K)]
  0x000001653ee80340 JavaThread "build event listener"              [_thread_blocked, id=13680, stack(0x0000002f1f000000,0x0000002f1f100000) (1024K)]
  0x000001653e014f00 JavaThread "included builds"                   [_thread_in_vm, id=16732, stack(0x0000002f1f100000,0x0000002f1f200000) (1024K)]
=>0x000001653ee81d80 JavaThread "Execution worker"                  [_thread_in_vm, id=16708, stack(0x0000002f1f200000,0x0000002f1f300000) (1024K)]
  0x000001653e015590 JavaThread "Execution worker Thread 2"         [_thread_in_vm, id=11364, stack(0x0000002f1f300000,0x0000002f1f400000) (1024K)]
  0x000001653e011a80 JavaThread "Execution worker Thread 3"         [_thread_blocked, id=16560, stack(0x0000002f1f400000,0x0000002f1f500000) (1024K)]
  0x000001653e015c20 JavaThread "Cache worker for execution history cache (S:\flutter\packages\flutter_tools\gradle\.gradle\8.11.1\executionHistory)"        [_thread_blocked, id=7324, stack(0x0000002f1f500000,0x0000002f1f600000) (1024K)]
  0x0000016547e04d70 JavaThread "Unconstrained build operations Thread 7"        [_thread_blocked, id=5524, stack(0x0000002f1f600000,0x0000002f1f700000) (1024K)]
  0x0000016547e02610 JavaThread "Unconstrained build operations Thread 8"        [_thread_blocked, id=16672, stack(0x0000002f1f800000,0x0000002f1f900000) (1024K)]
  0x000001653e0162b0 JavaThread "Unconstrained build operations Thread 9"        [_thread_blocked, id=13580, stack(0x0000002f1f900000,0x0000002f1fa00000) (1024K)]
  0x000001653ee82410 JavaThread "Unconstrained build operations Thread 10"        [_thread_blocked, id=6268, stack(0x0000002f1fa00000,0x0000002f1fb00000) (1024K)]
  0x000001653ee82aa0 JavaThread "Unconstrained build operations Thread 11"        [_thread_blocked, id=17116, stack(0x0000002f1fb00000,0x0000002f1fc00000) (1024K)]
  0x000001653ee7bb10 JavaThread "Unconstrained build operations Thread 12"        [_thread_blocked, id=4688, stack(0x0000002f1fc00000,0x0000002f1fd00000) (1024K)]
  0x00000165348425b0 JavaThread "Unconstrained build operations Thread 13"        [_thread_blocked, id=5544, stack(0x0000002f1fd00000,0x0000002f1fe00000) (1024K)]
  0x000001653483e410 JavaThread "Unconstrained build operations Thread 14"        [_thread_blocked, id=2164, stack(0x0000002f1fe00000,0x0000002f1ff00000) (1024K)]
  0x0000016547e03330 JavaThread "Unconstrained build operations Thread 15"        [_thread_blocked, id=17304, stack(0x0000002f1ff00000,0x0000002f20000000) (1024K)]
  0x00000165348404e0 JavaThread "Unconstrained build operations Thread 16"        [_thread_blocked, id=16516, stack(0x0000002f20000000,0x0000002f20100000) (1024K)]
  0x0000016534841890 JavaThread "Unconstrained build operations Thread 17"        [_thread_blocked, id=14816, stack(0x0000002f20100000,0x0000002f20200000) (1024K)]
  0x0000016534841200 JavaThread "Unconstrained build operations Thread 18"        [_thread_blocked, id=12692, stack(0x0000002f20200000,0x0000002f20300000) (1024K)]
  0x000001653e017660 JavaThread "Unconstrained build operations Thread 19"        [_thread_blocked, id=16812, stack(0x0000002f20300000,0x0000002f20400000) (1024K)]
  0x000001653e0106d0 JavaThread "Unconstrained build operations Thread 20"        [_thread_blocked, id=12600, stack(0x0000002f20400000,0x0000002f20500000) (1024K)]
  0x0000016534842c40 JavaThread "Unconstrained build operations Thread 21"        [_thread_blocked, id=5180, stack(0x0000002f20500000,0x0000002f20600000) (1024K)]
  0x0000016534843960 JavaThread "Unconstrained build operations Thread 22"        [_thread_blocked, id=15320, stack(0x0000002f20600000,0x0000002f20700000) (1024K)]
  0x000001653c95a700 JavaThread "Unconstrained build operations Thread 23"        [_thread_blocked, id=10304, stack(0x0000002f20700000,0x0000002f20800000) (1024K)]
  0x000001653c95a070 JavaThread "Unconstrained build operations Thread 24"        [_thread_blocked, id=8200, stack(0x0000002f20800000,0x0000002f20900000) (1024K)]
  0x0000016547dfeb00 JavaThread "build event listener"              [_thread_blocked, id=13336, stack(0x0000002f20900000,0x0000002f20a00000) (1024K)]
  0x000001653ee7c1a0 JavaThread "Unconstrained build operations Thread 25"        [_thread_blocked, id=14600, stack(0x0000002f20b00000,0x0000002f20c00000) (1024K)]
  0x000001653ee7c830 JavaThread "Unconstrained build operations Thread 26"        [_thread_blocked, id=12700, stack(0x0000002f20c00000,0x0000002f20d00000) (1024K)]
  0x000001653ee7d550 JavaThread "Unconstrained build operations Thread 27"        [_thread_blocked, id=12624, stack(0x0000002f20d00000,0x0000002f20e00000) (1024K)]
  0x0000016545931140 JavaThread "Unconstrained build operations Thread 28"        [_thread_blocked, id=6840, stack(0x0000002f20e00000,0x0000002f20f00000) (1024K)]
  0x0000016545933f30 JavaThread "Unconstrained build operations Thread 29"        [_thread_blocked, id=17104, stack(0x0000002f20f00000,0x0000002f21000000) (1024K)]
  0x0000016547dfe470 JavaThread "Unconstrained build operations Thread 30"        [_thread_blocked, id=8588, stack(0x0000002f21000000,0x0000002f21100000) (1024K)]
  0x0000016545930420 JavaThread "Unconstrained build operations Thread 31"        [_thread_blocked, id=14620, stack(0x0000002f20a00000,0x0000002f20b00000) (1024K)]
  0x00000165407c4f80 JavaThread "Unconstrained build operations Thread 32"        [_thread_blocked, id=9220, stack(0x0000002f21100000,0x0000002f21200000) (1024K)]
  0x00000165407c5610 JavaThread "Unconstrained build operations Thread 33"        [_thread_blocked, id=14892, stack(0x0000002f21400000,0x0000002f21500000) (1024K)]
  0x00000165407c2190 JavaThread "Unconstrained build operations Thread 34"        [_thread_blocked, id=960, stack(0x0000002f21500000,0x0000002f21600000) (1024K)]
  0x00000165407c2820 JavaThread "Unconstrained build operations Thread 35"        [_thread_blocked, id=16484, stack(0x0000002f21600000,0x0000002f21700000) (1024K)]
  0x0000016547dff820 JavaThread "Unconstrained build operations Thread 36"        [_thread_blocked, id=12980, stack(0x0000002f21700000,0x0000002f21800000) (1024K)]
  0x00000165459338a0 JavaThread "Unconstrained build operations Thread 37"        [_thread_blocked, id=6824, stack(0x0000002f21800000,0x0000002f21900000) (1024K)]
  0x00000165459345c0 JavaThread "Unconstrained build operations Thread 38"        [_thread_blocked, id=8988, stack(0x0000002f21a00000,0x0000002f21b00000) (1024K)]
  0x00000165459317d0 JavaThread "Unconstrained build operations Thread 39"        [_thread_blocked, id=16900, stack(0x0000002f21b00000,0x0000002f21c00000) (1024K)]
  0x0000016545936000 JavaThread "Unconstrained build operations Thread 40"        [_thread_blocked, id=10532, stack(0x0000002f21c00000,0x0000002f21d00000) (1024K)]
  0x000001654592f070 JavaThread "Problems report writer"            [_thread_blocked, id=17212, stack(0x0000002f21d00000,0x0000002f21e00000) (1024K)]
  0x000001653c95b420 JavaThread "RMI TCP Connection(308)-127.0.0.1" daemon [_thread_in_native, id=17004, stack(0x0000002f21f00000,0x0000002f22000000) (1024K)]
  0x0000016545934c50 JavaThread "Cache worker for execution history cache (S:\dev\CaribTap\flutter-ulistings-app\flutter_universal_listings\android\.gradle\8.11.1\executionHistory)"        [_thread_blocked, id=6804, stack(0x0000002f22000000,0x0000002f22100000) (1024K)]
  0x0000016547e01260 JavaThread "WorkerExecutor Queue"              [_thread_blocked, id=16388, stack(0x0000002f22100000,0x0000002f22200000) (1024K)]
  0x000001653c961d20 JavaThread "WorkerExecutor Queue Thread 2"        [_thread_blocked, id=16244, stack(0x0000002f22500000,0x0000002f22600000) (1024K)]
  0x0000016547e02ca0 JavaThread "Exec process Thread 56"            [_thread_in_native, id=17376, stack(0x0000002f22900000,0x0000002f22a00000) (1024K)]
  0x00000165407c6330 JavaThread "Exec process Thread 57"            [_thread_in_native, id=14416, stack(0x0000002f22a00000,0x0000002f22b00000) (1024K)]
  0x00000165407c00c0 JavaThread "Exec process Thread 58"            [_thread_in_native, id=12956, stack(0x0000002f22b00000,0x0000002f22c00000) (1024K)]
  0x0000016545931e60 JavaThread "WorkerExecutor Queue Thread 5"        [_thread_blocked, id=2936, stack(0x0000002f22c00000,0x0000002f22d00000) (1024K)]
  0x0000016547f61880 JavaThread "WorkerExecutor Queue Thread 7"        [_thread_blocked, id=12984, stack(0x0000002f22600000,0x0000002f22700000) (1024K)]
  0x0000016535d37980 JavaThread "RMI TCP Connection(idle)"   daemon [_thread_blocked, id=16180, stack(0x0000002f22f00000,0x0000002f23000000) (1024K)]
  0x0000016547f65390 JavaThread "Build operations"                  [_thread_blocked, id=7488, stack(0x0000002f23000000,0x0000002f23100000) (1024K)]
  0x0000016547f625a0 JavaThread "Build operations Thread 2"         [_thread_blocked, id=16428, stack(0x0000002f23100000,0x0000002f23200000) (1024K)]
  0x0000016547f62c30 JavaThread "Build operations Thread 3"         [_thread_blocked, id=8568, stack(0x0000002f23300000,0x0000002f23400000) (1024K)]
  0x0000016547f66740 JavaThread "Build operations Thread 4"         [_thread_blocked, id=2540, stack(0x0000002f23400000,0x0000002f23500000) (1024K)]
  0x0000016535d365d0 JavaThread "RMI TCP Connection(303)-127.0.0.1" daemon [_thread_in_native, id=17316, stack(0x0000002f23500000,0x0000002f23600000) (1024K)]
  0x00000165466185b0 JavaThread "RMI TCP Connection(302)-127.0.0.1" daemon [_thread_in_native, id=6936, stack(0x0000002f23700000,0x0000002f23800000) (1024K)]
  0x0000016535d33150 JavaThread "RMI TCP Connection(306)-127.0.0.1" daemon [_thread_in_native, id=17292, stack(0x0000002f23600000,0x0000002f23700000) (1024K)]
  0x0000016547e018f0 JavaThread "RMI TCP Connection(idle)"   daemon [_thread_blocked, id=14488, stack(0x0000002f23800000,0x0000002f23900000) (1024K)]
  0x0000016547e01f80 JavaThread "RMI TCP Connection(idle)"   daemon [_thread_blocked, id=6768, stack(0x0000002f23900000,0x0000002f23a00000) (1024K)]
  0x0000016547e0a950 JavaThread "RMI TCP Connection(idle)"   daemon [_thread_blocked, id=16496, stack(0x0000002f23a00000,0x0000002f23b00000) (1024K)]
  0x0000016535d34b90 JavaThread "RMI TCP Connection(307)-127.0.0.1" daemon [_thread_in_native, id=5516, stack(0x0000002f23c00000,0x0000002f23d00000) (1024K)]
  0x0000016547e0b670 JavaThread "RMI RenewClean-[127.0.0.1:17867,org.jetbrains.kotlin.daemon.common.LoopbackNetworkInterface$ClientLoopbackSocketFactory@6187c914]" daemon [_thread_blocked, id=10648, stack(0x0000002f23d00000,0x0000002f23e00000) (1024K)]
  0x0000016547e09c30 JavaThread "RMI TCP Connection(idle)"   daemon [_thread_blocked, id=15308, stack(0x0000002f23e00000,0x0000002f23f00000) (1024K)]
  0x0000016547e0eaf0 JavaThread "RMI RenewClean-[127.0.0.1:17867,org.jetbrains.kotlin.daemon.common.LoopbackNetworkInterface$ClientLoopbackSocketFactory@1a1ee585]" daemon [_thread_blocked, id=11148, stack(0x0000002f23f00000,0x0000002f24000000) (1024K)]
  0x0000016546615130 JavaThread "RMI TCP Connection(305)-127.0.0.1" daemon [_thread_in_native, id=11064, stack(0x0000002f24000000,0x0000002f24100000) (1024K)]
  0x0000016546617f20 JavaThread "RMI RenewClean-[127.0.0.1:17867,org.jetbrains.kotlin.daemon.common.LoopbackNetworkInterface$ClientLoopbackSocketFactory@7d816ea]" daemon [_thread_blocked, id=6688, stack(0x0000002f22800000,0x0000002f22900000) (1024K)]
  0x0000016546617890 JavaThread "RMI TCP Connection(304)-127.0.0.1" daemon [_thread_in_native, id=6520, stack(0x0000002f22e00000,0x0000002f22f00000) (1024K)]
  0x0000016547e0c390 JavaThread "RMI RenewClean-[127.0.0.1:17867,org.jetbrains.kotlin.daemon.common.LoopbackNetworkInterface$ClientLoopbackSocketFactory@70a22c47]" daemon [_thread_blocked, id=2932, stack(0x0000002f23b00000,0x0000002f23c00000) (1024K)]
  0x0000016546618c40 JavaThread "RMI RenewClean-[127.0.0.1:17867,org.jetbrains.kotlin.daemon.common.LoopbackNetworkInterface$ClientLoopbackSocketFactory@3be75c43]" daemon [_thread_blocked, id=8292, stack(0x0000002f24100000,0x0000002f24200000) (1024K)]
  0x0000016546617200 JavaThread "RMI RenewClean-[127.0.0.1:17867,org.jetbrains.kotlin.daemon.common.LoopbackNetworkInterface$ClientLoopbackSocketFactory@63c4270]" daemon [_thread_blocked, id=3384, stack(0x0000002f24200000,0x0000002f24300000) (1024K)]
Total: 121

Other Threads:
  0x000001650f8ec020 VMThread "VM Thread"                           [id=8004, stack(0x0000002f1c800000,0x0000002f1c900000) (1024K)] _threads_hazard_ptr=0x0000016533a92590
  0x000001652b15cb70 WatcherThread "VM Periodic Task Thread"        [id=13156, stack(0x0000002f1c700000,0x0000002f1c800000) (1024K)]
  0x000001650f8ed240 WorkerThread "GC Thread#0"                     [id=2544, stack(0x0000002f1c200000,0x0000002f1c300000) (1024K)]
  0x000001650f8ec3c0 WorkerThread "GC Thread#1"                     [id=1512, stack(0x0000002f1d400000,0x0000002f1d500000) (1024K)]
  0x000001650f8ec760 WorkerThread "GC Thread#2"                     [id=8636, stack(0x0000002f1d500000,0x0000002f1d600000) (1024K)]
  0x000001650f8ecb00 WorkerThread "GC Thread#3"                     [id=8920, stack(0x0000002f1d600000,0x0000002f1d700000) (1024K)]
  0x0000016511c0e520 ConcurrentGCThread "G1 Main Marker"            [id=3208, stack(0x0000002f1c300000,0x0000002f1c400000) (1024K)]
  0x000001650f8ed5e0 WorkerThread "G1 Conc#0"                       [id=1872, stack(0x0000002f1c400000,0x0000002f1c500000) (1024K)]
  0x000001652b0310a0 ConcurrentGCThread "G1 Refine#0"               [id=588, stack(0x0000002f1c500000,0x0000002f1c600000) (1024K)]
  0x0000016540eb9ad0 ConcurrentGCThread "G1 Refine#1"               [id=16004, stack(0x0000002f22400000,0x0000002f22500000) (1024K)]
  0x000001652b031ab0 ConcurrentGCThread "G1 Service"                [id=5700, stack(0x0000002f1c600000,0x0000002f1c700000) (1024K)]
Total: 11

Threads with active compile tasks:
Total: 0

VM state: synchronizing (normal execution)

VM Mutex/Monitor currently owned by a thread:  ([mutex/lock_event])
[0x00007ff90bd96438] Metaspace_lock - owner thread: 0x000001653ee81d80
[0x00007ff90bd985b8] Threads_lock - owner thread: 0x000001650f8ec020

Heap address: 0x0000000700000000, size: 4096 MB, Compressed Oops mode: Zero based, Oop shift amount: 3

CDS archive(s) not mapped
Compressed class space mapped at: 0x0000000800000000-0x0000000834000000, reserved size: 872415232
Narrow klass base: 0x0000000800000000, Narrow klass shift: 0, Narrow klass range: 0x34000000

GC Precious Log:
 CardTable entry size: 512
 Card Set container configuration: InlinePtr #cards 4 size 8 Array Of Cards #cards 16 size 48 Howl #buckets 8 coarsen threshold 3686 Howl Bitmap #cards 512 size 80 coarsen threshold 460 Card regions per heap region 1 cards per card region 4096
 CPUs: 4 total, 4 available
 Memory: 7865M
 Large Page Support: Disabled
 NUMA Support: Disabled
 Compressed Oops: Enabled (Zero based)
 Heap Region Size: 2M
 Heap Min Capacity: 8M
 Heap Initial Capacity: 124M
 Heap Max Capacity: 4G
 Pre-touch: Disabled
 Parallel Workers: 4
 Concurrent Workers: 1
 Concurrent Refinement Workers: 4
 Periodic GC: Disabled

Heap:
 garbage-first heap   total 3473408K, used 1441315K [0x0000000700000000, 0x0000000800000000)
  region size 2048K, 250 young (512000K), 13 survivors (26624K)
 Metaspace       used 267944K, committed 271552K, reserved 1114112K
  class space    used 33437K, committed 35200K, reserved 851968K

Heap Regions: E=young(eden), S=young(survivor), O=old, HS=humongous(starts), HC=humongous(continues), CS=collection set, F=free, TAMS=top-at-mark-start, PB=parsable bottom
|   0|0x0000000700000000, 0x0000000700200000, 0x0000000700200000|100%|HS|  |TAMS 0x0000000700000000| PB 0x0000000700000000| Complete 
|   1|0x0000000700200000, 0x0000000700400000, 0x0000000700400000|100%|HC|  |TAMS 0x0000000700200000| PB 0x0000000700200000| Complete 
|   2|0x0000000700400000, 0x0000000700600000, 0x0000000700600000|100%| O|  |TAMS 0x0000000700400000| PB 0x0000000700400000| Untracked 
|   3|0x0000000700600000, 0x00000007007ffeb8, 0x0000000700800000| 99%| O|  |TAMS 0x0000000700600000| PB 0x0000000700600000| Untracked 
|   4|0x0000000700800000, 0x0000000700a00000, 0x0000000700a00000|100%| O|  |TAMS 0x0000000700800000| PB 0x0000000700800000| Untracked 
|   5|0x0000000700a00000, 0x0000000700c00000, 0x0000000700c00000|100%| O|  |TAMS 0x0000000700a00000| PB 0x0000000700a00000| Untracked 
|   6|0x0000000700c00000, 0x0000000700dffff8, 0x0000000700e00000| 99%| O|  |TAMS 0x0000000700c00000| PB 0x0000000700c00000| Untracked 
|   7|0x0000000700e00000, 0x0000000700fffff8, 0x0000000701000000| 99%| O|  |TAMS 0x0000000700e00000| PB 0x0000000700e00000| Untracked 
|   8|0x0000000701000000, 0x00000007011fffb8, 0x0000000701200000| 99%| O|  |TAMS 0x0000000701000000| PB 0x0000000701000000| Untracked 
|   9|0x0000000701200000, 0x00000007013ffff0, 0x0000000701400000| 99%| O|  |TAMS 0x0000000701200000| PB 0x0000000701200000| Untracked 
|  10|0x0000000701400000, 0x00000007015ffff8, 0x0000000701600000| 99%| O|  |TAMS 0x0000000701400000| PB 0x0000000701400000| Untracked 
|  11|0x0000000701600000, 0x00000007017fffc0, 0x0000000701800000| 99%| O|  |TAMS 0x0000000701600000| PB 0x0000000701600000| Untracked 
|  12|0x0000000701800000, 0x00000007019ffff0, 0x0000000701a00000| 99%| O|  |TAMS 0x0000000701800000| PB 0x0000000701800000| Untracked 
|  13|0x0000000701a00000, 0x0000000701c00000, 0x0000000701c00000|100%| O|  |TAMS 0x0000000701a00000| PB 0x0000000701a00000| Untracked 
|  14|0x0000000701c00000, 0x0000000701dffff0, 0x0000000701e00000| 99%| O|  |TAMS 0x0000000701c00000| PB 0x0000000701c00000| Untracked 
|  15|0x0000000701e00000, 0x0000000701fffff8, 0x0000000702000000| 99%| O|  |TAMS 0x0000000701e00000| PB 0x0000000701e00000| Untracked 
|  16|0x0000000702000000, 0x00000007021ffff8, 0x0000000702200000| 99%| O|  |TAMS 0x0000000702000000| PB 0x0000000702000000| Untracked 
|  17|0x0000000702200000, 0x00000007023fffc0, 0x0000000702400000| 99%| O|  |TAMS 0x0000000702200000| PB 0x0000000702200000| Untracked 
|  18|0x0000000702400000, 0x00000007025ffff0, 0x0000000702600000| 99%| O|  |TAMS 0x0000000702400000| PB 0x0000000702400000| Untracked 
|  19|0x0000000702600000, 0x00000007027fbdc8, 0x0000000702800000| 99%| O|  |TAMS 0x0000000702600000| PB 0x0000000702600000| Untracked 
|  20|0x0000000702800000, 0x0000000702a00000, 0x0000000702a00000|100%| O|  |TAMS 0x0000000702800000| PB 0x0000000702800000| Untracked 
|  21|0x0000000702a00000, 0x0000000702c00000, 0x0000000702c00000|100%|HS|  |TAMS 0x0000000702a00000| PB 0x0000000702a00000| Complete 
|  22|0x0000000702c00000, 0x0000000702e00000, 0x0000000702e00000|100%|HS|  |TAMS 0x0000000702c00000| PB 0x0000000702c00000| Complete 
|  23|0x0000000702e00000, 0x0000000703000000, 0x0000000703000000|100%|HS|  |TAMS 0x0000000702e00000| PB 0x0000000702e00000| Complete 
|  24|0x0000000703000000, 0x00000007031e6eb0, 0x0000000703200000| 95%| O|  |TAMS 0x0000000703000000| PB 0x0000000703000000| Untracked 
|  25|0x0000000703200000, 0x0000000703400000, 0x0000000703400000|100%|HS|  |TAMS 0x0000000703200000| PB 0x0000000703200000| Complete 
|  26|0x0000000703400000, 0x0000000703600000, 0x0000000703600000|100%|HC|  |TAMS 0x0000000703400000| PB 0x0000000703400000| Complete 
|  27|0x0000000703600000, 0x00000007037ffff8, 0x0000000703800000| 99%| O|  |TAMS 0x0000000703600000| PB 0x0000000703600000| Untracked 
|  28|0x0000000703800000, 0x00000007039fffe8, 0x0000000703a00000| 99%| O|  |TAMS 0x0000000703800000| PB 0x0000000703800000| Untracked 
|  29|0x0000000703a00000, 0x0000000703c00000, 0x0000000703c00000|100%|HS|  |TAMS 0x0000000703a00000| PB 0x0000000703a00000| Complete 
|  30|0x0000000703c00000, 0x0000000703e00000, 0x0000000703e00000|100%|HC|  |TAMS 0x0000000703c00000| PB 0x0000000703c00000| Complete 
|  31|0x0000000703e00000, 0x0000000703f8d4a0, 0x0000000704000000| 77%| O|  |TAMS 0x0000000703e00000| PB 0x0000000703e00000| Untracked 
|  32|0x0000000704000000, 0x00000007041fff78, 0x0000000704200000| 99%| O|  |TAMS 0x0000000704000000| PB 0x0000000704000000| Untracked 
|  33|0x0000000704200000, 0x0000000704400000, 0x0000000704400000|100%|HS|  |TAMS 0x0000000704200000| PB 0x0000000704200000| Complete 
|  34|0x0000000704400000, 0x00000007045f9b48, 0x0000000704600000| 98%| O|  |TAMS 0x0000000704400000| PB 0x0000000704400000| Untracked 
|  35|0x0000000704600000, 0x00000007047fffe8, 0x0000000704800000| 99%| O|  |TAMS 0x0000000704600000| PB 0x0000000704600000| Untracked 
|  36|0x0000000704800000, 0x0000000704a00000, 0x0000000704a00000|100%|HS|  |TAMS 0x0000000704800000| PB 0x0000000704800000| Complete 
|  37|0x0000000704a00000, 0x0000000704c00000, 0x0000000704c00000|100%|HS|  |TAMS 0x0000000704a00000| PB 0x0000000704a00000| Complete 
|  38|0x0000000704c00000, 0x0000000704dffff8, 0x0000000704e00000| 99%| O|  |TAMS 0x0000000704c00000| PB 0x0000000704c00000| Untracked 
|  39|0x0000000704e00000, 0x0000000704fe37e8, 0x0000000705000000| 94%| O|  |TAMS 0x0000000704e00000| PB 0x0000000704e00000| Untracked 
|  40|0x0000000705000000, 0x00000007051ffe30, 0x0000000705200000| 99%| O|  |TAMS 0x0000000705000000| PB 0x0000000705000000| Untracked 
|  41|0x0000000705200000, 0x00000007053ffff0, 0x0000000705400000| 99%| O|  |TAMS 0x0000000705200000| PB 0x0000000705200000| Untracked 
|  42|0x0000000705400000, 0x00000007055fffe0, 0x0000000705600000| 99%| O|  |TAMS 0x0000000705400000| PB 0x0000000705400000| Untracked 
|  43|0x0000000705600000, 0x00000007057ffff8, 0x0000000705800000| 99%| O|  |TAMS 0x0000000705600000| PB 0x0000000705600000| Untracked 
|  44|0x0000000705800000, 0x00000007059d3dd0, 0x0000000705a00000| 91%| O|  |TAMS 0x0000000705800000| PB 0x0000000705800000| Untracked 
|  45|0x0000000705a00000, 0x0000000705b44238, 0x0000000705c00000| 63%| O|  |TAMS 0x0000000705a00000| PB 0x0000000705a00000| Untracked 
|  46|0x0000000705c00000, 0x0000000705dff3f8, 0x0000000705e00000| 99%| O|  |TAMS 0x0000000705c00000| PB 0x0000000705c00000| Untracked 
|  47|0x0000000705e00000, 0x0000000705ffc1c0, 0x0000000706000000| 99%| O|  |TAMS 0x0000000705e00000| PB 0x0000000705e00000| Untracked 
|  48|0x0000000706000000, 0x00000007061fffd8, 0x0000000706200000| 99%| O|  |TAMS 0x0000000706000000| PB 0x0000000706000000| Untracked 
|  49|0x0000000706200000, 0x00000007063ffff8, 0x0000000706400000| 99%| O|  |TAMS 0x0000000706200000| PB 0x0000000706200000| Untracked 
|  50|0x0000000706400000, 0x00000007065fffe8, 0x0000000706600000| 99%| O|  |TAMS 0x0000000706400000| PB 0x0000000706400000| Untracked 
|  51|0x0000000706600000, 0x00000007067c7208, 0x0000000706800000| 88%| O|  |TAMS 0x0000000706600000| PB 0x0000000706600000| Untracked 
|  52|0x0000000706800000, 0x00000007069c96c0, 0x0000000706a00000| 89%| O|  |TAMS 0x0000000706800000| PB 0x0000000706800000| Untracked 
|  53|0x0000000706a00000, 0x0000000706bfffe8, 0x0000000706c00000| 99%| O|  |TAMS 0x0000000706a00000| PB 0x0000000706a00000| Untracked 
|  54|0x0000000706c00000, 0x0000000706df4870, 0x0000000706e00000| 97%| O|  |TAMS 0x0000000706c00000| PB 0x0000000706c00000| Untracked 
|  55|0x0000000706e00000, 0x0000000706ffc060, 0x0000000707000000| 99%| O|  |TAMS 0x0000000706e00000| PB 0x0000000706e00000| Untracked 
|  56|0x0000000707000000, 0x00000007071ffff0, 0x0000000707200000| 99%| O|  |TAMS 0x0000000707000000| PB 0x0000000707000000| Untracked 
|  57|0x0000000707200000, 0x00000007073ff2b8, 0x0000000707400000| 99%| O|  |TAMS 0x0000000707200000| PB 0x0000000707200000| Untracked 
|  58|0x0000000707400000, 0x00000007075fffd8, 0x0000000707600000| 99%| O|  |TAMS 0x0000000707400000| PB 0x0000000707400000| Untracked 
|  59|0x0000000707600000, 0x00000007077ffff0, 0x0000000707800000| 99%| O|  |TAMS 0x0000000707600000| PB 0x0000000707600000| Untracked 
|  60|0x0000000707800000, 0x0000000707a00000, 0x0000000707a00000|100%| O|  |TAMS 0x0000000707800000| PB 0x0000000707800000| Untracked 
|  61|0x0000000707a00000, 0x0000000707bbb690, 0x0000000707c00000| 86%| O|  |TAMS 0x0000000707a00000| PB 0x0000000707a00000| Untracked 
|  62|0x0000000707c00000, 0x0000000707dffff0, 0x0000000707e00000| 99%| O|  |TAMS 0x0000000707c00000| PB 0x0000000707c00000| Untracked 
|  63|0x0000000707e00000, 0x0000000707fffff8, 0x0000000708000000| 99%| O|  |TAMS 0x0000000707e00000| PB 0x0000000707e00000| Untracked 
|  64|0x0000000708000000, 0x00000007081fffd0, 0x0000000708200000| 99%| O|  |TAMS 0x0000000708000000| PB 0x0000000708000000| Untracked 
|  65|0x0000000708200000, 0x0000000708400000, 0x0000000708400000|100%| O|  |TAMS 0x0000000708200000| PB 0x0000000708200000| Untracked 
|  66|0x0000000708400000, 0x00000007085ffff0, 0x0000000708600000| 99%| O|  |TAMS 0x0000000708400000| PB 0x0000000708400000| Untracked 
|  67|0x0000000708600000, 0x0000000708800000, 0x0000000708800000|100%| O|  |TAMS 0x0000000708600000| PB 0x0000000708600000| Untracked 
|  68|0x0000000708800000, 0x00000007089ffff0, 0x0000000708a00000| 99%| O|  |TAMS 0x0000000708800000| PB 0x0000000708800000| Untracked 
|  69|0x0000000708a00000, 0x0000000708c00000, 0x0000000708c00000|100%| O|  |TAMS 0x0000000708a00000| PB 0x0000000708a00000| Untracked 
|  70|0x0000000708c00000, 0x0000000708dfffd0, 0x0000000708e00000| 99%| O|  |TAMS 0x0000000708c00000| PB 0x0000000708c00000| Untracked 
|  71|0x0000000708e00000, 0x0000000708ffffd8, 0x0000000709000000| 99%| O|  |TAMS 0x0000000708e00000| PB 0x0000000708e00000| Untracked 
|  72|0x0000000709000000, 0x00000007091ffff0, 0x0000000709200000| 99%| O|  |TAMS 0x0000000709000000| PB 0x0000000709000000| Untracked 
|  73|0x0000000709200000, 0x00000007093fffe8, 0x0000000709400000| 99%| O|  |TAMS 0x0000000709200000| PB 0x0000000709200000| Untracked 
|  74|0x0000000709400000, 0x00000007095fffe0, 0x0000000709600000| 99%| O|  |TAMS 0x0000000709400000| PB 0x0000000709400000| Untracked 
|  75|0x0000000709600000, 0x00000007097ffff8, 0x0000000709800000| 99%| O|  |TAMS 0x0000000709600000| PB 0x0000000709600000| Untracked 
|  76|0x0000000709800000, 0x0000000709a00000, 0x0000000709a00000|100%| O|  |TAMS 0x0000000709800000| PB 0x0000000709800000| Untracked 
|  77|0x0000000709a00000, 0x0000000709bffff0, 0x0000000709c00000| 99%| O|  |TAMS 0x0000000709a00000| PB 0x0000000709a00000| Untracked 
|  78|0x0000000709c00000, 0x0000000709dffff0, 0x0000000709e00000| 99%| O|  |TAMS 0x0000000709c00000| PB 0x0000000709c00000| Untracked 
|  79|0x0000000709e00000, 0x000000070a000000, 0x000000070a000000|100%| O|  |TAMS 0x0000000709e00000| PB 0x0000000709e00000| Untracked 
|  80|0x000000070a000000, 0x000000070a1fffe8, 0x000000070a200000| 99%| O|  |TAMS 0x000000070a000000| PB 0x000000070a000000| Untracked 
|  81|0x000000070a200000, 0x000000070a400000, 0x000000070a400000|100%| O|  |TAMS 0x000000070a200000| PB 0x000000070a200000| Untracked 
|  82|0x000000070a400000, 0x000000070a600000, 0x000000070a600000|100%| O|  |TAMS 0x000000070a400000| PB 0x000000070a400000| Untracked 
|  83|0x000000070a600000, 0x000000070a7fffe8, 0x000000070a800000| 99%| O|  |TAMS 0x000000070a600000| PB 0x000000070a600000| Untracked 
|  84|0x000000070a800000, 0x000000070a9ffff8, 0x000000070aa00000| 99%| O|  |TAMS 0x000000070a800000| PB 0x000000070a800000| Untracked 
|  85|0x000000070aa00000, 0x000000070ac00000, 0x000000070ac00000|100%| O|  |TAMS 0x000000070aa00000| PB 0x000000070aa00000| Untracked 
|  86|0x000000070ac00000, 0x000000070ae00000, 0x000000070ae00000|100%| O|  |TAMS 0x000000070ac00000| PB 0x000000070ac00000| Untracked 
|  87|0x000000070ae00000, 0x000000070afffff8, 0x000000070b000000| 99%| O|  |TAMS 0x000000070ae00000| PB 0x000000070ae00000| Untracked 
|  88|0x000000070b000000, 0x000000070b1ffff0, 0x000000070b200000| 99%| O|  |TAMS 0x000000070b000000| PB 0x000000070b000000| Untracked 
|  89|0x000000070b200000, 0x000000070b3ffff0, 0x000000070b400000| 99%| O|  |TAMS 0x000000070b200000| PB 0x000000070b200000| Untracked 
|  90|0x000000070b400000, 0x000000070b600000, 0x000000070b600000|100%| O|  |TAMS 0x000000070b400000| PB 0x000000070b400000| Untracked 
|  91|0x000000070b600000, 0x000000070b800000, 0x000000070b800000|100%|HS|  |TAMS 0x000000070b600000| PB 0x000000070b600000| Complete 
|  92|0x000000070b800000, 0x000000070ba00000, 0x000000070ba00000|100%|HC|  |TAMS 0x000000070b800000| PB 0x000000070b800000| Complete 
|  93|0x000000070ba00000, 0x000000070bbf2988, 0x000000070bc00000| 97%| O|  |TAMS 0x000000070ba00000| PB 0x000000070ba00000| Untracked 
|  94|0x000000070bc00000, 0x000000070bdffff8, 0x000000070be00000| 99%| O|  |TAMS 0x000000070bc00000| PB 0x000000070bc00000| Untracked 
|  95|0x000000070be00000, 0x000000070bffffb0, 0x000000070c000000| 99%| O|  |TAMS 0x000000070be00000| PB 0x000000070be00000| Untracked 
|  96|0x000000070c000000, 0x000000070c1ffff8, 0x000000070c200000| 99%| O|  |TAMS 0x000000070c000000| PB 0x000000070c000000| Untracked 
|  97|0x000000070c200000, 0x000000070c3ffff0, 0x000000070c400000| 99%| O|  |TAMS 0x000000070c200000| PB 0x000000070c200000| Untracked 
|  98|0x000000070c400000, 0x000000070c5ffff8, 0x000000070c600000| 99%| O|  |TAMS 0x000000070c400000| PB 0x000000070c400000| Untracked 
|  99|0x000000070c600000, 0x000000070c7ffff8, 0x000000070c800000| 99%| O|  |TAMS 0x000000070c600000| PB 0x000000070c600000| Untracked 
| 100|0x000000070c800000, 0x000000070c9fffb0, 0x000000070ca00000| 99%| O|  |TAMS 0x000000070c800000| PB 0x000000070c800000| Untracked 
| 101|0x000000070ca00000, 0x000000070cbffff0, 0x000000070cc00000| 99%| O|  |TAMS 0x000000070ca00000| PB 0x000000070ca00000| Untracked 
| 102|0x000000070cc00000, 0x000000070ce00000, 0x000000070ce00000|100%| O|  |TAMS 0x000000070cc00000| PB 0x000000070cc00000| Untracked 
| 103|0x000000070ce00000, 0x000000070cffffe0, 0x000000070d000000| 99%| O|  |TAMS 0x000000070ce00000| PB 0x000000070ce00000| Untracked 
| 104|0x000000070d000000, 0x000000070d1fff90, 0x000000070d200000| 99%| O|  |TAMS 0x000000070d000000| PB 0x000000070d000000| Untracked 
| 105|0x000000070d200000, 0x000000070d3fffc0, 0x000000070d400000| 99%| O|  |TAMS 0x000000070d200000| PB 0x000000070d200000| Untracked 
| 106|0x000000070d400000, 0x000000070d5ffff0, 0x000000070d600000| 99%| O|  |TAMS 0x000000070d400000| PB 0x000000070d400000| Untracked 
| 107|0x000000070d600000, 0x000000070d800000, 0x000000070d800000|100%| O|  |TAMS 0x000000070d600000| PB 0x000000070d600000| Untracked 
| 108|0x000000070d800000, 0x000000070da00000, 0x000000070da00000|100%| O|  |TAMS 0x000000070d800000| PB 0x000000070d800000| Untracked 
| 109|0x000000070da00000, 0x000000070dbfffd8, 0x000000070dc00000| 99%| O|  |TAMS 0x000000070da00000| PB 0x000000070da00000| Untracked 
| 110|0x000000070dc00000, 0x000000070ddfffd8, 0x000000070de00000| 99%| O|  |TAMS 0x000000070dc00000| PB 0x000000070dc00000| Untracked 
| 111|0x000000070de00000, 0x000000070dffffd0, 0x000000070e000000| 99%| O|  |TAMS 0x000000070de00000| PB 0x000000070de00000| Untracked 
| 112|0x000000070e000000, 0x000000070e1fffb0, 0x000000070e200000| 99%| O|  |TAMS 0x000000070e000000| PB 0x000000070e000000| Untracked 
| 113|0x000000070e200000, 0x000000070e3ffff0, 0x000000070e400000| 99%| O|  |TAMS 0x000000070e200000| PB 0x000000070e200000| Untracked 
| 114|0x000000070e400000, 0x000000070e600000, 0x000000070e600000|100%| O|  |TAMS 0x000000070e400000| PB 0x000000070e400000| Untracked 
| 115|0x000000070e600000, 0x000000070e7fff58, 0x000000070e800000| 99%| O|  |TAMS 0x000000070e600000| PB 0x000000070e600000| Untracked 
| 116|0x000000070e800000, 0x000000070e9ffff0, 0x000000070ea00000| 99%| O|  |TAMS 0x000000070e800000| PB 0x000000070e800000| Untracked 
| 117|0x000000070ea00000, 0x000000070ebfffe8, 0x000000070ec00000| 99%| O|  |TAMS 0x000000070ea00000| PB 0x000000070ea00000| Untracked 
| 118|0x000000070ec00000, 0x000000070edfffb0, 0x000000070ee00000| 99%| O|  |TAMS 0x000000070ec00000| PB 0x000000070ec00000| Untracked 
| 119|0x000000070ee00000, 0x000000070effffb8, 0x000000070f000000| 99%| O|  |TAMS 0x000000070ee00000| PB 0x000000070ee00000| Untracked 
| 120|0x000000070f000000, 0x000000070f1ffff8, 0x000000070f200000| 99%| O|  |TAMS 0x000000070f000000| PB 0x000000070f000000| Untracked 
| 121|0x000000070f200000, 0x000000070f3fffe0, 0x000000070f400000| 99%| O|  |TAMS 0x000000070f200000| PB 0x000000070f200000| Untracked 
| 122|0x000000070f400000, 0x000000070f600000, 0x000000070f600000|100%| O|Cm|TAMS 0x000000070f400000| PB 0x000000070f400000| Complete 
| 123|0x000000070f600000, 0x000000070f800000, 0x000000070f800000|100%| O|  |TAMS 0x000000070f600000| PB 0x000000070f600000| Untracked 
| 124|0x000000070f800000, 0x000000070f98ced0, 0x000000070fa00000| 77%| O|  |TAMS 0x000000070f800000| PB 0x000000070f800000| Untracked 
| 125|0x000000070fa00000, 0x000000070fbffff8, 0x000000070fc00000| 99%| O|  |TAMS 0x000000070fa00000| PB 0x000000070fa00000| Untracked 
| 126|0x000000070fc00000, 0x000000070fe00000, 0x000000070fe00000|100%| O|Cm|TAMS 0x000000070fc00000| PB 0x000000070fc00000| Complete 
| 127|0x000000070fe00000, 0x000000070fffffe8, 0x0000000710000000| 99%| O|  |TAMS 0x000000070fe00000| PB 0x000000070fe00000| Untracked 
| 128|0x0000000710000000, 0x00000007101ffff0, 0x0000000710200000| 99%| O|  |TAMS 0x0000000710000000| PB 0x0000000710000000| Untracked 
| 129|0x0000000710200000, 0x0000000710400000, 0x0000000710400000|100%| O|  |TAMS 0x0000000710200000| PB 0x0000000710200000| Untracked 
| 130|0x0000000710400000, 0x0000000710600000, 0x0000000710600000|100%| O|  |TAMS 0x0000000710400000| PB 0x0000000710400000| Untracked 
| 131|0x0000000710600000, 0x0000000710800000, 0x0000000710800000|100%| O|  |TAMS 0x0000000710600000| PB 0x0000000710600000| Untracked 
| 132|0x0000000710800000, 0x0000000710a00000, 0x0000000710a00000|100%| O|  |TAMS 0x0000000710800000| PB 0x0000000710800000| Untracked 
| 133|0x0000000710a00000, 0x0000000710c00000, 0x0000000710c00000|100%|HS|  |TAMS 0x0000000710a00000| PB 0x0000000710a00000| Complete 
| 134|0x0000000710c00000, 0x0000000710e00000, 0x0000000710e00000|100%|HS|  |TAMS 0x0000000710c00000| PB 0x0000000710c00000| Complete 
| 135|0x0000000710e00000, 0x0000000711000000, 0x0000000711000000|100%|HC|  |TAMS 0x0000000710e00000| PB 0x0000000710e00000| Complete 
| 136|0x0000000711000000, 0x0000000711200000, 0x0000000711200000|100%|HS|  |TAMS 0x0000000711000000| PB 0x0000000711000000| Complete 
| 137|0x0000000711200000, 0x0000000711400000, 0x0000000711400000|100%| O|  |TAMS 0x0000000711200000| PB 0x0000000711200000| Untracked 
| 138|0x0000000711400000, 0x00000007115fffe8, 0x0000000711600000| 99%| O|  |TAMS 0x0000000711400000| PB 0x0000000711400000| Untracked 
| 139|0x0000000711600000, 0x0000000711800000, 0x0000000711800000|100%| O|  |TAMS 0x0000000711600000| PB 0x0000000711600000| Untracked 
| 140|0x0000000711800000, 0x0000000711a00000, 0x0000000711a00000|100%| O|  |TAMS 0x0000000711800000| PB 0x0000000711800000| Untracked 
| 141|0x0000000711a00000, 0x0000000711c00000, 0x0000000711c00000|100%| O|  |TAMS 0x0000000711a00000| PB 0x0000000711a00000| Untracked 
| 142|0x0000000711c00000, 0x0000000711e00000, 0x0000000711e00000|100%|HS|  |TAMS 0x0000000711c00000| PB 0x0000000711c00000| Complete 
| 143|0x0000000711e00000, 0x0000000712000000, 0x0000000712000000|100%| O|  |TAMS 0x0000000711e00000| PB 0x0000000711e00000| Untracked 
| 144|0x0000000712000000, 0x000000071211d1b8, 0x0000000712200000| 55%| O|  |TAMS 0x0000000712000000| PB 0x0000000712000000| Untracked 
| 145|0x0000000712200000, 0x00000007123fffe8, 0x0000000712400000| 99%| O|  |TAMS 0x0000000712200000| PB 0x0000000712200000| Untracked 
| 146|0x0000000712400000, 0x0000000712600000, 0x0000000712600000|100%| O|  |TAMS 0x0000000712400000| PB 0x0000000712400000| Untracked 
| 147|0x0000000712600000, 0x0000000712800000, 0x0000000712800000|100%| O|  |TAMS 0x0000000712600000| PB 0x0000000712600000| Untracked 
| 148|0x0000000712800000, 0x0000000712a00000, 0x0000000712a00000|100%| O|Cm|TAMS 0x0000000712800000| PB 0x0000000712800000| Complete 
| 149|0x0000000712a00000, 0x0000000712bfff68, 0x0000000712c00000| 99%| O|  |TAMS 0x0000000712a00000| PB 0x0000000712a00000| Untracked 
| 150|0x0000000712c00000, 0x0000000712e00000, 0x0000000712e00000|100%| O|  |TAMS 0x0000000712c00000| PB 0x0000000712c00000| Untracked 
| 151|0x0000000712e00000, 0x0000000713000000, 0x0000000713000000|100%|HS|  |TAMS 0x0000000712e00000| PB 0x0000000712e00000| Complete 
| 152|0x0000000713000000, 0x0000000713200000, 0x0000000713200000|100%| O|  |TAMS 0x0000000713000000| PB 0x0000000713000000| Untracked 
| 153|0x0000000713200000, 0x0000000713400000, 0x0000000713400000|100%| O|  |TAMS 0x0000000713200000| PB 0x0000000713200000| Untracked 
| 154|0x0000000713400000, 0x0000000713600000, 0x0000000713600000|100%| O|  |TAMS 0x0000000713400000| PB 0x0000000713400000| Untracked 
| 155|0x0000000713600000, 0x0000000713800000, 0x0000000713800000|100%| O|  |TAMS 0x0000000713600000| PB 0x0000000713600000| Untracked 
| 156|0x0000000713800000, 0x0000000713a00000, 0x0000000713a00000|100%| O|  |TAMS 0x0000000713800000| PB 0x0000000713800000| Untracked 
| 157|0x0000000713a00000, 0x0000000713c00000, 0x0000000713c00000|100%| O|  |TAMS 0x0000000713a00000| PB 0x0000000713a00000| Untracked 
| 158|0x0000000713c00000, 0x0000000713e00000, 0x0000000713e00000|100%| O|  |TAMS 0x0000000713c00000| PB 0x0000000713c00000| Untracked 
| 159|0x0000000713e00000, 0x0000000714000000, 0x0000000714000000|100%| O|  |TAMS 0x0000000713e00000| PB 0x0000000713e00000| Untracked 
| 160|0x0000000714000000, 0x00000007141ffff8, 0x0000000714200000| 99%| O|  |TAMS 0x0000000714000000| PB 0x0000000714000000| Untracked 
| 161|0x0000000714200000, 0x0000000714400000, 0x0000000714400000|100%| O|  |TAMS 0x0000000714200000| PB 0x0000000714200000| Untracked 
| 162|0x0000000714400000, 0x0000000714600000, 0x0000000714600000|100%|HS|  |TAMS 0x0000000714400000| PB 0x0000000714400000| Complete 
| 163|0x0000000714600000, 0x0000000714800000, 0x0000000714800000|100%| O|  |TAMS 0x0000000714600000| PB 0x0000000714600000| Untracked 
| 164|0x0000000714800000, 0x0000000714a00000, 0x0000000714a00000|100%| O|  |TAMS 0x0000000714800000| PB 0x0000000714800000| Untracked 
| 165|0x0000000714a00000, 0x0000000714c00000, 0x0000000714c00000|100%| O|  |TAMS 0x0000000714a00000| PB 0x0000000714a00000| Untracked 
| 166|0x0000000714c00000, 0x0000000714e00000, 0x0000000714e00000|100%| O|  |TAMS 0x0000000714c00000| PB 0x0000000714c00000| Untracked 
| 167|0x0000000714e00000, 0x0000000715000000, 0x0000000715000000|100%| O|  |TAMS 0x0000000714e00000| PB 0x0000000714e00000| Untracked 
| 168|0x0000000715000000, 0x0000000715200000, 0x0000000715200000|100%| O|  |TAMS 0x0000000715000000| PB 0x0000000715000000| Untracked 
| 169|0x0000000715200000, 0x0000000715400000, 0x0000000715400000|100%| O|  |TAMS 0x0000000715200000| PB 0x0000000715200000| Untracked 
| 170|0x0000000715400000, 0x0000000715600000, 0x0000000715600000|100%| O|  |TAMS 0x0000000715400000| PB 0x0000000715400000| Untracked 
| 171|0x0000000715600000, 0x0000000715800000, 0x0000000715800000|100%|HS|  |TAMS 0x0000000715600000| PB 0x0000000715600000| Complete 
| 172|0x0000000715800000, 0x0000000715a00000, 0x0000000715a00000|100%| O|  |TAMS 0x0000000715800000| PB 0x0000000715800000| Untracked 
| 173|0x0000000715a00000, 0x0000000715c00000, 0x0000000715c00000|100%| O|  |TAMS 0x0000000715a00000| PB 0x0000000715a00000| Untracked 
| 174|0x0000000715c00000, 0x0000000715e00000, 0x0000000715e00000|100%| O|Cm|TAMS 0x0000000715c00000| PB 0x0000000715c00000| Complete 
| 175|0x0000000715e00000, 0x0000000716000000, 0x0000000716000000|100%| O|  |TAMS 0x0000000715e00000| PB 0x0000000715e00000| Untracked 
| 176|0x0000000716000000, 0x0000000716200000, 0x0000000716200000|100%| O|  |TAMS 0x0000000716000000| PB 0x0000000716000000| Untracked 
| 177|0x0000000716200000, 0x0000000716400000, 0x0000000716400000|100%| O|Cm|TAMS 0x0000000716200000| PB 0x0000000716200000| Complete 
| 178|0x0000000716400000, 0x0000000716600000, 0x0000000716600000|100%| O|Cm|TAMS 0x0000000716400000| PB 0x0000000716400000| Complete 
| 179|0x0000000716600000, 0x0000000716800000, 0x0000000716800000|100%|HS|  |TAMS 0x0000000716600000| PB 0x0000000716600000| Complete 
| 180|0x0000000716800000, 0x0000000716a00000, 0x0000000716a00000|100%| O|Cm|TAMS 0x0000000716800000| PB 0x0000000716800000| Complete 
| 181|0x0000000716a00000, 0x0000000716c00000, 0x0000000716c00000|100%| O|  |TAMS 0x0000000716a00000| PB 0x0000000716a00000| Untracked 
| 182|0x0000000716c00000, 0x0000000716e00000, 0x0000000716e00000|100%| O|  |TAMS 0x0000000716c00000| PB 0x0000000716c00000| Untracked 
| 183|0x0000000716e00000, 0x0000000717000000, 0x0000000717000000|100%| O|  |TAMS 0x0000000716e00000| PB 0x0000000716e00000| Untracked 
| 184|0x0000000717000000, 0x0000000717200000, 0x0000000717200000|100%|HS|  |TAMS 0x0000000717000000| PB 0x0000000717000000| Complete 
| 185|0x0000000717200000, 0x0000000717400000, 0x0000000717400000|100%| O|  |TAMS 0x0000000717200000| PB 0x0000000717200000| Untracked 
| 186|0x0000000717400000, 0x0000000717600000, 0x0000000717600000|100%| O|  |TAMS 0x0000000717400000| PB 0x0000000717400000| Untracked 
| 187|0x0000000717600000, 0x0000000717800000, 0x0000000717800000|100%|HS|  |TAMS 0x0000000717600000| PB 0x0000000717600000| Complete 
| 188|0x0000000717800000, 0x0000000717a00000, 0x0000000717a00000|100%| O|  |TAMS 0x0000000717800000| PB 0x0000000717800000| Untracked 
| 189|0x0000000717a00000, 0x0000000717c00000, 0x0000000717c00000|100%| O|  |TAMS 0x0000000717a00000| PB 0x0000000717a00000| Untracked 
| 190|0x0000000717c00000, 0x0000000717e00000, 0x0000000717e00000|100%| O|  |TAMS 0x0000000717c00000| PB 0x0000000717c00000| Untracked 
| 191|0x0000000717e00000, 0x0000000718000000, 0x0000000718000000|100%|HS|  |TAMS 0x0000000717e00000| PB 0x0000000717e00000| Complete 
| 192|0x0000000718000000, 0x0000000718200000, 0x0000000718200000|100%| O|  |TAMS 0x0000000718000000| PB 0x0000000718000000| Untracked 
| 193|0x0000000718200000, 0x0000000718400000, 0x0000000718400000|100%| O|  |TAMS 0x0000000718200000| PB 0x0000000718200000| Untracked 
| 194|0x0000000718400000, 0x0000000718600000, 0x0000000718600000|100%| O|  |TAMS 0x0000000718400000| PB 0x0000000718400000| Untracked 
| 195|0x0000000718600000, 0x0000000718800000, 0x0000000718800000|100%| O|  |TAMS 0x0000000718600000| PB 0x0000000718600000| Untracked 
| 196|0x0000000718800000, 0x0000000718a00000, 0x0000000718a00000|100%|HS|  |TAMS 0x0000000718800000| PB 0x0000000718800000| Complete 
| 197|0x0000000718a00000, 0x0000000718c00000, 0x0000000718c00000|100%| O|  |TAMS 0x0000000718a00000| PB 0x0000000718a00000| Untracked 
| 198|0x0000000718c00000, 0x0000000718e00000, 0x0000000718e00000|100%| O|  |TAMS 0x0000000718c00000| PB 0x0000000718c00000| Untracked 
| 199|0x0000000718e00000, 0x0000000719000000, 0x0000000719000000|100%| O|  |TAMS 0x0000000718e00000| PB 0x0000000718e00000| Untracked 
| 200|0x0000000719000000, 0x0000000719200000, 0x0000000719200000|100%| O|  |TAMS 0x0000000719000000| PB 0x0000000719000000| Untracked 
| 201|0x0000000719200000, 0x0000000719400000, 0x0000000719400000|100%| O|Cm|TAMS 0x0000000719200000| PB 0x0000000719200000| Complete 
| 202|0x0000000719400000, 0x0000000719600000, 0x0000000719600000|100%|HS|  |TAMS 0x0000000719400000| PB 0x0000000719400000| Complete 
| 203|0x0000000719600000, 0x0000000719800000, 0x0000000719800000|100%| O|  |TAMS 0x0000000719600000| PB 0x0000000719600000| Untracked 
| 204|0x0000000719800000, 0x0000000719a00000, 0x0000000719a00000|100%| O|  |TAMS 0x0000000719800000| PB 0x0000000719800000| Untracked 
| 205|0x0000000719a00000, 0x0000000719c00000, 0x0000000719c00000|100%| O|Cm|TAMS 0x0000000719a00000| PB 0x0000000719a00000| Complete 
| 206|0x0000000719c00000, 0x0000000719e00000, 0x0000000719e00000|100%| O|  |TAMS 0x0000000719c00000| PB 0x0000000719c00000| Untracked 
| 207|0x0000000719e00000, 0x000000071a000000, 0x000000071a000000|100%| O|  |TAMS 0x0000000719e00000| PB 0x0000000719e00000| Untracked 
| 208|0x000000071a000000, 0x000000071a200000, 0x000000071a200000|100%| O|  |TAMS 0x000000071a000000| PB 0x000000071a000000| Untracked 
| 209|0x000000071a200000, 0x000000071a400000, 0x000000071a400000|100%| O|  |TAMS 0x000000071a200000| PB 0x000000071a200000| Untracked 
| 210|0x000000071a400000, 0x000000071a600000, 0x000000071a600000|100%| O|  |TAMS 0x000000071a400000| PB 0x000000071a400000| Untracked 
| 211|0x000000071a600000, 0x000000071a800000, 0x000000071a800000|100%| O|  |TAMS 0x000000071a600000| PB 0x000000071a600000| Untracked 
| 212|0x000000071a800000, 0x000000071aa00000, 0x000000071aa00000|100%| O|  |TAMS 0x000000071a800000| PB 0x000000071a800000| Untracked 
| 213|0x000000071aa00000, 0x000000071ac00000, 0x000000071ac00000|100%|HS|  |TAMS 0x000000071aa00000| PB 0x000000071aa00000| Complete 
| 214|0x000000071ac00000, 0x000000071ae00000, 0x000000071ae00000|100%| O|  |TAMS 0x000000071ac00000| PB 0x000000071ac00000| Untracked 
| 215|0x000000071ae00000, 0x000000071b000000, 0x000000071b000000|100%| O|  |TAMS 0x000000071ae00000| PB 0x000000071ae00000| Untracked 
| 216|0x000000071b000000, 0x000000071b200000, 0x000000071b200000|100%| O|Cm|TAMS 0x000000071b000000| PB 0x000000071b000000| Complete 
| 217|0x000000071b200000, 0x000000071b400000, 0x000000071b400000|100%| O|  |TAMS 0x000000071b200000| PB 0x000000071b200000| Untracked 
| 218|0x000000071b400000, 0x000000071b600000, 0x000000071b600000|100%| O|  |TAMS 0x000000071b400000| PB 0x000000071b400000| Untracked 
| 219|0x000000071b600000, 0x000000071b800000, 0x000000071b800000|100%|HS|  |TAMS 0x000000071b600000| PB 0x000000071b600000| Complete 
| 220|0x000000071b800000, 0x000000071ba00000, 0x000000071ba00000|100%| O|  |TAMS 0x000000071b800000| PB 0x000000071b800000| Untracked 
| 221|0x000000071ba00000, 0x000000071bc00000, 0x000000071bc00000|100%|HS|  |TAMS 0x000000071ba00000| PB 0x000000071ba00000| Complete 
| 222|0x000000071bc00000, 0x000000071be00000, 0x000000071be00000|100%| O|  |TAMS 0x000000071bc00000| PB 0x000000071bc00000| Untracked 
| 223|0x000000071be00000, 0x000000071c000000, 0x000000071c000000|100%| O|  |TAMS 0x000000071be00000| PB 0x000000071be00000| Untracked 
| 224|0x000000071c000000, 0x000000071c200000, 0x000000071c200000|100%| O|  |TAMS 0x000000071c000000| PB 0x000000071c000000| Untracked 
| 225|0x000000071c200000, 0x000000071c400000, 0x000000071c400000|100%| O|  |TAMS 0x000000071c200000| PB 0x000000071c200000| Untracked 
| 226|0x000000071c400000, 0x000000071c600000, 0x000000071c600000|100%| O|  |TAMS 0x000000071c400000| PB 0x000000071c400000| Untracked 
| 227|0x000000071c600000, 0x000000071c800000, 0x000000071c800000|100%| O|  |TAMS 0x000000071c600000| PB 0x000000071c600000| Untracked 
| 228|0x000000071c800000, 0x000000071ca00000, 0x000000071ca00000|100%| O|  |TAMS 0x000000071c800000| PB 0x000000071c800000| Untracked 
| 229|0x000000071ca00000, 0x000000071cc00000, 0x000000071cc00000|100%| O|  |TAMS 0x000000071ca00000| PB 0x000000071ca00000| Untracked 
| 230|0x000000071cc00000, 0x000000071ce00000, 0x000000071ce00000|100%| O|Cm|TAMS 0x000000071cc00000| PB 0x000000071cc00000| Complete 
| 231|0x000000071ce00000, 0x000000071d000000, 0x000000071d000000|100%| O|  |TAMS 0x000000071ce00000| PB 0x000000071ce00000| Untracked 
| 232|0x000000071d000000, 0x000000071d200000, 0x000000071d200000|100%|HS|  |TAMS 0x000000071d000000| PB 0x000000071d000000| Complete 
| 233|0x000000071d200000, 0x000000071d400000, 0x000000071d400000|100%| O|  |TAMS 0x000000071d200000| PB 0x000000071d200000| Untracked 
| 234|0x000000071d400000, 0x000000071d600000, 0x000000071d600000|100%| O|  |TAMS 0x000000071d400000| PB 0x000000071d400000| Untracked 
| 235|0x000000071d600000, 0x000000071d800000, 0x000000071d800000|100%| O|  |TAMS 0x000000071d600000| PB 0x000000071d600000| Untracked 
| 236|0x000000071d800000, 0x000000071da00000, 0x000000071da00000|100%| O|  |TAMS 0x000000071d800000| PB 0x000000071d800000| Untracked 
| 237|0x000000071da00000, 0x000000071dc00000, 0x000000071dc00000|100%| O|  |TAMS 0x000000071da00000| PB 0x000000071da00000| Untracked 
| 238|0x000000071dc00000, 0x000000071de00000, 0x000000071de00000|100%| O|  |TAMS 0x000000071dc00000| PB 0x000000071dc00000| Untracked 
| 239|0x000000071de00000, 0x000000071e000000, 0x000000071e000000|100%|HS|  |TAMS 0x000000071de00000| PB 0x000000071de00000| Complete 
| 240|0x000000071e000000, 0x000000071e200000, 0x000000071e200000|100%|HS|  |TAMS 0x000000071e000000| PB 0x000000071e000000| Complete 
| 241|0x000000071e200000, 0x000000071e400000, 0x000000071e400000|100%| O|  |TAMS 0x000000071e200000| PB 0x000000071e200000| Untracked 
| 242|0x000000071e400000, 0x000000071e600000, 0x000000071e600000|100%| O|  |TAMS 0x000000071e400000| PB 0x000000071e400000| Untracked 
| 243|0x000000071e600000, 0x000000071e800000, 0x000000071e800000|100%| O|  |TAMS 0x000000071e600000| PB 0x000000071e600000| Untracked 
| 244|0x000000071e800000, 0x000000071ea00000, 0x000000071ea00000|100%| O|  |TAMS 0x000000071e800000| PB 0x000000071e800000| Untracked 
| 245|0x000000071ea00000, 0x000000071ec00000, 0x000000071ec00000|100%| O|  |TAMS 0x000000071ea00000| PB 0x000000071ea00000| Untracked 
| 246|0x000000071ec00000, 0x000000071ee00000, 0x000000071ee00000|100%| O|  |TAMS 0x000000071ec00000| PB 0x000000071ec00000| Untracked 
| 247|0x000000071ee00000, 0x000000071f000000, 0x000000071f000000|100%| O|Cm|TAMS 0x000000071ee00000| PB 0x000000071ee00000| Complete 
| 248|0x000000071f000000, 0x000000071f200000, 0x000000071f200000|100%| O|Cm|TAMS 0x000000071f000000| PB 0x000000071f000000| Complete 
| 249|0x000000071f200000, 0x000000071f400000, 0x000000071f400000|100%| O|  |TAMS 0x000000071f200000| PB 0x000000071f200000| Untracked 
| 250|0x000000071f400000, 0x000000071f600000, 0x000000071f600000|100%| O|  |TAMS 0x000000071f400000| PB 0x000000071f400000| Untracked 
| 251|0x000000071f600000, 0x000000071f800000, 0x000000071f800000|100%| O|  |TAMS 0x000000071f600000| PB 0x000000071f600000| Untracked 
| 252|0x000000071f800000, 0x000000071fa00000, 0x000000071fa00000|100%|HS|  |TAMS 0x000000071f800000| PB 0x000000071f800000| Complete 
| 253|0x000000071fa00000, 0x000000071fc00000, 0x000000071fc00000|100%| O|  |TAMS 0x000000071fa00000| PB 0x000000071fa00000| Untracked 
| 254|0x000000071fc00000, 0x000000071fe00000, 0x000000071fe00000|100%| O|  |TAMS 0x000000071fc00000| PB 0x000000071fc00000| Untracked 
| 255|0x000000071fe00000, 0x0000000720000000, 0x0000000720000000|100%| O|Cm|TAMS 0x000000071fe00000| PB 0x000000071fe00000| Complete 
| 256|0x0000000720000000, 0x0000000720200000, 0x0000000720200000|100%| O|  |TAMS 0x0000000720000000| PB 0x0000000720000000| Untracked 
| 257|0x0000000720200000, 0x0000000720400000, 0x0000000720400000|100%|HS|  |TAMS 0x0000000720200000| PB 0x0000000720200000| Complete 
| 258|0x0000000720400000, 0x0000000720600000, 0x0000000720600000|100%| O|  |TAMS 0x0000000720400000| PB 0x0000000720400000| Untracked 
| 259|0x0000000720600000, 0x0000000720800000, 0x0000000720800000|100%| O|  |TAMS 0x0000000720600000| PB 0x0000000720600000| Untracked 
| 260|0x0000000720800000, 0x0000000720a00000, 0x0000000720a00000|100%| O|  |TAMS 0x0000000720800000| PB 0x0000000720800000| Untracked 
| 261|0x0000000720a00000, 0x0000000720c00000, 0x0000000720c00000|100%| O|  |TAMS 0x0000000720a00000| PB 0x0000000720a00000| Untracked 
| 262|0x0000000720c00000, 0x0000000720e00000, 0x0000000720e00000|100%| O|  |TAMS 0x0000000720c00000| PB 0x0000000720c00000| Untracked 
| 263|0x0000000720e00000, 0x0000000721000000, 0x0000000721000000|100%| O|  |TAMS 0x0000000720e00000| PB 0x0000000720e00000| Untracked 
| 264|0x0000000721000000, 0x0000000721200000, 0x0000000721200000|100%| O|  |TAMS 0x0000000721000000| PB 0x0000000721000000| Untracked 
| 265|0x0000000721200000, 0x0000000721400000, 0x0000000721400000|100%|HS|  |TAMS 0x0000000721200000| PB 0x0000000721200000| Complete 
| 266|0x0000000721400000, 0x0000000721600000, 0x0000000721600000|100%| O|  |TAMS 0x0000000721400000| PB 0x0000000721400000| Untracked 
| 267|0x0000000721600000, 0x0000000721800000, 0x0000000721800000|100%| O|  |TAMS 0x0000000721600000| PB 0x0000000721600000| Untracked 
| 268|0x0000000721800000, 0x0000000721a00000, 0x0000000721a00000|100%| O|  |TAMS 0x0000000721800000| PB 0x0000000721800000| Untracked 
| 269|0x0000000721a00000, 0x0000000721c00000, 0x0000000721c00000|100%| O|  |TAMS 0x0000000721a00000| PB 0x0000000721a00000| Untracked 
| 270|0x0000000721c00000, 0x0000000721e00000, 0x0000000721e00000|100%|HS|  |TAMS 0x0000000721c00000| PB 0x0000000721c00000| Complete 
| 271|0x0000000721e00000, 0x0000000722000000, 0x0000000722000000|100%| O|  |TAMS 0x0000000721e00000| PB 0x0000000721e00000| Untracked 
| 272|0x0000000722000000, 0x0000000722200000, 0x0000000722200000|100%|HS|  |TAMS 0x0000000722000000| PB 0x0000000722000000| Complete 
| 273|0x0000000722200000, 0x0000000722400000, 0x0000000722400000|100%| O|  |TAMS 0x0000000722200000| PB 0x0000000722200000| Untracked 
| 274|0x0000000722400000, 0x0000000722600000, 0x0000000722600000|100%| O|  |TAMS 0x0000000722400000| PB 0x0000000722400000| Untracked 
| 275|0x0000000722600000, 0x0000000722800000, 0x0000000722800000|100%| O|  |TAMS 0x0000000722600000| PB 0x0000000722600000| Untracked 
| 276|0x0000000722800000, 0x0000000722a00000, 0x0000000722a00000|100%| O|  |TAMS 0x0000000722800000| PB 0x0000000722800000| Untracked 
| 277|0x0000000722a00000, 0x0000000722c00000, 0x0000000722c00000|100%|HS|  |TAMS 0x0000000722a00000| PB 0x0000000722a00000| Complete 
| 278|0x0000000722c00000, 0x0000000722e00000, 0x0000000722e00000|100%|HS|  |TAMS 0x0000000722c00000| PB 0x0000000722c00000| Complete 
| 279|0x0000000722e00000, 0x0000000723000000, 0x0000000723000000|100%|HS|  |TAMS 0x0000000722e00000| PB 0x0000000722e00000| Complete 
| 280|0x0000000723000000, 0x0000000723200000, 0x0000000723200000|100%| O|  |TAMS 0x0000000723000000| PB 0x0000000723000000| Untracked 
| 281|0x0000000723200000, 0x0000000723400000, 0x0000000723400000|100%| O|  |TAMS 0x0000000723200000| PB 0x0000000723200000| Untracked 
| 282|0x0000000723400000, 0x0000000723600000, 0x0000000723600000|100%|HS|  |TAMS 0x0000000723400000| PB 0x0000000723400000| Complete 
| 283|0x0000000723600000, 0x0000000723800000, 0x0000000723800000|100%| O|  |TAMS 0x0000000723600000| PB 0x0000000723600000| Untracked 
| 284|0x0000000723800000, 0x0000000723a00000, 0x0000000723a00000|100%| O|  |TAMS 0x0000000723800000| PB 0x0000000723800000| Untracked 
| 285|0x0000000723a00000, 0x0000000723c00000, 0x0000000723c00000|100%| O|  |TAMS 0x0000000723a00000| PB 0x0000000723a00000| Untracked 
| 286|0x0000000723c00000, 0x0000000723e00000, 0x0000000723e00000|100%| O|Cm|TAMS 0x0000000723c00000| PB 0x0000000723c00000| Complete 
| 287|0x0000000723e00000, 0x0000000724000000, 0x0000000724000000|100%| O|  |TAMS 0x0000000723e00000| PB 0x0000000723e00000| Untracked 
| 288|0x0000000724000000, 0x0000000724200000, 0x0000000724200000|100%| O|  |TAMS 0x0000000724000000| PB 0x0000000724000000| Untracked 
| 289|0x0000000724200000, 0x0000000724400000, 0x0000000724400000|100%|HS|  |TAMS 0x0000000724200000| PB 0x0000000724200000| Complete 
| 290|0x0000000724400000, 0x0000000724600000, 0x0000000724600000|100%| O|Cm|TAMS 0x0000000724400000| PB 0x0000000724400000| Complete 
| 291|0x0000000724600000, 0x0000000724800000, 0x0000000724800000|100%|HS|  |TAMS 0x0000000724600000| PB 0x0000000724600000| Complete 
| 292|0x0000000724800000, 0x0000000724a00000, 0x0000000724a00000|100%| O|  |TAMS 0x0000000724800000| PB 0x0000000724800000| Untracked 
| 293|0x0000000724a00000, 0x0000000724c00000, 0x0000000724c00000|100%| O|  |TAMS 0x0000000724a00000| PB 0x0000000724a00000| Untracked 
| 294|0x0000000724c00000, 0x0000000724e00000, 0x0000000724e00000|100%| O|  |TAMS 0x0000000724c00000| PB 0x0000000724c00000| Untracked 
| 295|0x0000000724e00000, 0x0000000725000000, 0x0000000725000000|100%|HS|  |TAMS 0x0000000724e00000| PB 0x0000000724e00000| Complete 
| 296|0x0000000725000000, 0x0000000725200000, 0x0000000725200000|100%|HS|  |TAMS 0x0000000725000000| PB 0x0000000725000000| Complete 
| 297|0x0000000725200000, 0x0000000725400000, 0x0000000725400000|100%|HS|  |TAMS 0x0000000725200000| PB 0x0000000725200000| Complete 
| 298|0x0000000725400000, 0x0000000725600000, 0x0000000725600000|100%|HS|  |TAMS 0x0000000725400000| PB 0x0000000725400000| Complete 
| 299|0x0000000725600000, 0x0000000725600000, 0x0000000725800000|  0%| F|  |TAMS 0x0000000725600000| PB 0x0000000725600000| Untracked 
| 300|0x0000000725800000, 0x0000000725800000, 0x0000000725a00000|  0%| F|  |TAMS 0x0000000725800000| PB 0x0000000725800000| Untracked 
| 301|0x0000000725a00000, 0x0000000725c00000, 0x0000000725c00000|100%|HS|  |TAMS 0x0000000725a00000| PB 0x0000000725a00000| Complete 
| 302|0x0000000725c00000, 0x0000000725c00000, 0x0000000725e00000|  0%| F|  |TAMS 0x0000000725c00000| PB 0x0000000725c00000| Untracked 
| 303|0x0000000725e00000, 0x0000000726000000, 0x0000000726000000|100%| O|  |TAMS 0x0000000725e00000| PB 0x0000000725e00000| Untracked 
| 304|0x0000000726000000, 0x0000000726200000, 0x0000000726200000|100%| O|  |TAMS 0x0000000726000000| PB 0x0000000726000000| Untracked 
| 305|0x0000000726200000, 0x0000000726400000, 0x0000000726400000|100%| O|  |TAMS 0x0000000726200000| PB 0x0000000726200000| Untracked 
| 306|0x0000000726400000, 0x0000000726400000, 0x0000000726600000|  0%| F|  |TAMS 0x0000000726400000| PB 0x0000000726400000| Untracked 
| 307|0x0000000726600000, 0x0000000726800000, 0x0000000726800000|100%|HS|  |TAMS 0x0000000726600000| PB 0x0000000726600000| Complete 
| 308|0x0000000726800000, 0x0000000726800000, 0x0000000726a00000|  0%| F|  |TAMS 0x0000000726800000| PB 0x0000000726800000| Untracked 
| 309|0x0000000726a00000, 0x0000000726c00000, 0x0000000726c00000|100%|HS|  |TAMS 0x0000000726a00000| PB 0x0000000726a00000| Complete 
| 310|0x0000000726c00000, 0x0000000726e00000, 0x0000000726e00000|100%| O|  |TAMS 0x0000000726c00000| PB 0x0000000726c00000| Untracked 
| 311|0x0000000726e00000, 0x0000000727000000, 0x0000000727000000|100%| O|  |TAMS 0x0000000726e00000| PB 0x0000000726e00000| Untracked 
| 312|0x0000000727000000, 0x0000000727200000, 0x0000000727200000|100%| O|  |TAMS 0x0000000727000000| PB 0x0000000727000000| Untracked 
| 313|0x0000000727200000, 0x0000000727400000, 0x0000000727400000|100%|HS|  |TAMS 0x0000000727200000| PB 0x0000000727200000| Complete 
| 314|0x0000000727400000, 0x0000000727600000, 0x0000000727600000|100%|HC|  |TAMS 0x0000000727400000| PB 0x0000000727400000| Complete 
| 315|0x0000000727600000, 0x0000000727800000, 0x0000000727800000|100%|HC|  |TAMS 0x0000000727600000| PB 0x0000000727600000| Complete 
| 316|0x0000000727800000, 0x0000000727a00000, 0x0000000727a00000|100%|HC|  |TAMS 0x0000000727800000| PB 0x0000000727800000| Complete 
| 317|0x0000000727a00000, 0x0000000727c00000, 0x0000000727c00000|100%| O|  |TAMS 0x0000000727a00000| PB 0x0000000727a00000| Untracked 
| 318|0x0000000727c00000, 0x0000000727d50bf0, 0x0000000727e00000| 65%| O|  |TAMS 0x0000000727c00000| PB 0x0000000727c00000| Untracked 
| 319|0x0000000727e00000, 0x0000000728000000, 0x0000000728000000|100%| O|  |TAMS 0x0000000727e00000| PB 0x0000000727e00000| Untracked 
| 320|0x0000000728000000, 0x0000000728200000, 0x0000000728200000|100%| O|  |TAMS 0x0000000728000000| PB 0x0000000728000000| Untracked 
| 321|0x0000000728200000, 0x0000000728400000, 0x0000000728400000|100%| O|  |TAMS 0x0000000728200000| PB 0x0000000728200000| Untracked 
| 322|0x0000000728400000, 0x0000000728600000, 0x0000000728600000|100%|HS|  |TAMS 0x0000000728400000| PB 0x0000000728400000| Complete 
| 323|0x0000000728600000, 0x0000000728800000, 0x0000000728800000|100%|HC|  |TAMS 0x0000000728600000| PB 0x0000000728600000| Complete 
| 324|0x0000000728800000, 0x0000000728a00000, 0x0000000728a00000|100%| O|  |TAMS 0x0000000728800000| PB 0x0000000728800000| Untracked 
| 325|0x0000000728a00000, 0x0000000728c00000, 0x0000000728c00000|100%| O|  |TAMS 0x0000000728a00000| PB 0x0000000728a00000| Untracked 
| 326|0x0000000728c00000, 0x0000000728e00000, 0x0000000728e00000|100%| O|  |TAMS 0x0000000728c00000| PB 0x0000000728c00000| Untracked 
| 327|0x0000000728e00000, 0x0000000729000000, 0x0000000729000000|100%| O|  |TAMS 0x0000000728e00000| PB 0x0000000728e00000| Untracked 
| 328|0x0000000729000000, 0x0000000729000000, 0x0000000729200000|  0%| F|  |TAMS 0x0000000729000000| PB 0x0000000729000000| Untracked 
| 329|0x0000000729200000, 0x0000000729200000, 0x0000000729400000|  0%| F|  |TAMS 0x0000000729200000| PB 0x0000000729200000| Untracked 
| 330|0x0000000729400000, 0x0000000729400000, 0x0000000729600000|  0%| F|  |TAMS 0x0000000729400000| PB 0x0000000729400000| Untracked 
| 331|0x0000000729600000, 0x0000000729600000, 0x0000000729800000|  0%| F|  |TAMS 0x0000000729600000| PB 0x0000000729600000| Untracked 
| 332|0x0000000729800000, 0x0000000729800000, 0x0000000729a00000|  0%| F|  |TAMS 0x0000000729800000| PB 0x0000000729800000| Untracked 
| 333|0x0000000729a00000, 0x0000000729a00000, 0x0000000729c00000|  0%| F|  |TAMS 0x0000000729a00000| PB 0x0000000729a00000| Untracked 
| 334|0x0000000729c00000, 0x0000000729c00000, 0x0000000729e00000|  0%| F|  |TAMS 0x0000000729c00000| PB 0x0000000729c00000| Untracked 
| 335|0x0000000729e00000, 0x000000072a000000, 0x000000072a000000|100%|HS|  |TAMS 0x0000000729e00000| PB 0x0000000729e00000| Complete 
| 336|0x000000072a000000, 0x000000072a200000, 0x000000072a200000|100%|HC|  |TAMS 0x000000072a000000| PB 0x000000072a000000| Complete 
| 337|0x000000072a200000, 0x000000072a200000, 0x000000072a400000|  0%| F|  |TAMS 0x000000072a200000| PB 0x000000072a200000| Untracked 
| 338|0x000000072a400000, 0x000000072a400000, 0x000000072a600000|  0%| F|  |TAMS 0x000000072a400000| PB 0x000000072a400000| Untracked 
| 339|0x000000072a600000, 0x000000072a600000, 0x000000072a800000|  0%| F|  |TAMS 0x000000072a600000| PB 0x000000072a600000| Untracked 
| 340|0x000000072a800000, 0x000000072a800000, 0x000000072aa00000|  0%| F|  |TAMS 0x000000072a800000| PB 0x000000072a800000| Untracked 
| 341|0x000000072aa00000, 0x000000072aa00000, 0x000000072ac00000|  0%| F|  |TAMS 0x000000072aa00000| PB 0x000000072aa00000| Untracked 
| 342|0x000000072ac00000, 0x000000072ae00000, 0x000000072ae00000|100%| O|Cm|TAMS 0x000000072ac00000| PB 0x000000072ac00000| Complete 
| 343|0x000000072ae00000, 0x000000072ae00000, 0x000000072b000000|  0%| F|  |TAMS 0x000000072ae00000| PB 0x000000072ae00000| Untracked 
| 344|0x000000072b000000, 0x000000072b000000, 0x000000072b200000|  0%| F|  |TAMS 0x000000072b000000| PB 0x000000072b000000| Untracked 
| 345|0x000000072b200000, 0x000000072b200000, 0x000000072b400000|  0%| F|  |TAMS 0x000000072b200000| PB 0x000000072b200000| Untracked 
| 346|0x000000072b400000, 0x000000072b400000, 0x000000072b600000|  0%| F|  |TAMS 0x000000072b400000| PB 0x000000072b400000| Untracked 
| 347|0x000000072b600000, 0x000000072b600000, 0x000000072b800000|  0%| F|  |TAMS 0x000000072b600000| PB 0x000000072b600000| Untracked 
| 348|0x000000072b800000, 0x000000072b800000, 0x000000072ba00000|  0%| F|  |TAMS 0x000000072b800000| PB 0x000000072b800000| Untracked 
| 349|0x000000072ba00000, 0x000000072ba00000, 0x000000072bc00000|  0%| F|  |TAMS 0x000000072ba00000| PB 0x000000072ba00000| Untracked 
| 350|0x000000072bc00000, 0x000000072bc00000, 0x000000072be00000|  0%| F|  |TAMS 0x000000072bc00000| PB 0x000000072bc00000| Untracked 
| 351|0x000000072be00000, 0x000000072c000000, 0x000000072c000000|100%| O|  |TAMS 0x000000072be00000| PB 0x000000072be00000| Untracked 
| 352|0x000000072c000000, 0x000000072c000000, 0x000000072c200000|  0%| F|  |TAMS 0x000000072c000000| PB 0x000000072c000000| Untracked 
| 353|0x000000072c200000, 0x000000072c200000, 0x000000072c400000|  0%| F|  |TAMS 0x000000072c200000| PB 0x000000072c200000| Untracked 
| 354|0x000000072c400000, 0x000000072c600000, 0x000000072c600000|100%| O|Cm|TAMS 0x000000072c400000| PB 0x000000072c400000| Complete 
| 355|0x000000072c600000, 0x000000072c800000, 0x000000072c800000|100%| O|  |TAMS 0x000000072c600000| PB 0x000000072c600000| Untracked 
| 356|0x000000072c800000, 0x000000072c800000, 0x000000072ca00000|  0%| F|  |TAMS 0x000000072c800000| PB 0x000000072c800000| Untracked 
| 357|0x000000072ca00000, 0x000000072ca00000, 0x000000072cc00000|  0%| F|  |TAMS 0x000000072ca00000| PB 0x000000072ca00000| Untracked 
| 358|0x000000072cc00000, 0x000000072ce00000, 0x000000072ce00000|100%| O|  |TAMS 0x000000072cc00000| PB 0x000000072cc00000| Untracked 
| 359|0x000000072ce00000, 0x000000072d000000, 0x000000072d000000|100%| O|  |TAMS 0x000000072ce00000| PB 0x000000072ce00000| Untracked 
| 360|0x000000072d000000, 0x000000072d000000, 0x000000072d200000|  0%| F|  |TAMS 0x000000072d000000| PB 0x000000072d000000| Untracked 
| 361|0x000000072d200000, 0x000000072d200000, 0x000000072d400000|  0%| F|  |TAMS 0x000000072d200000| PB 0x000000072d200000| Untracked 
| 362|0x000000072d400000, 0x000000072d400000, 0x000000072d600000|  0%| F|  |TAMS 0x000000072d400000| PB 0x000000072d400000| Untracked 
| 363|0x000000072d600000, 0x000000072d600000, 0x000000072d800000|  0%| F|  |TAMS 0x000000072d600000| PB 0x000000072d600000| Untracked 
| 364|0x000000072d800000, 0x000000072d800000, 0x000000072da00000|  0%| F|  |TAMS 0x000000072d800000| PB 0x000000072d800000| Untracked 
| 365|0x000000072da00000, 0x000000072da00000, 0x000000072dc00000|  0%| F|  |TAMS 0x000000072da00000| PB 0x000000072da00000| Untracked 
| 366|0x000000072dc00000, 0x000000072dc00000, 0x000000072de00000|  0%| F|  |TAMS 0x000000072dc00000| PB 0x000000072dc00000| Untracked 
| 367|0x000000072de00000, 0x000000072e000000, 0x000000072e000000|100%| O|  |TAMS 0x000000072de00000| PB 0x000000072de00000| Untracked 
| 368|0x000000072e000000, 0x000000072e000000, 0x000000072e200000|  0%| F|  |TAMS 0x000000072e000000| PB 0x000000072e000000| Untracked 
| 369|0x000000072e200000, 0x000000072e200000, 0x000000072e400000|  0%| F|  |TAMS 0x000000072e200000| PB 0x000000072e200000| Untracked 
| 370|0x000000072e400000, 0x000000072e400000, 0x000000072e600000|  0%| F|  |TAMS 0x000000072e400000| PB 0x000000072e400000| Untracked 
| 371|0x000000072e600000, 0x000000072e600000, 0x000000072e800000|  0%| F|  |TAMS 0x000000072e600000| PB 0x000000072e600000| Untracked 
| 372|0x000000072e800000, 0x000000072e800000, 0x000000072ea00000|  0%| F|  |TAMS 0x000000072e800000| PB 0x000000072e800000| Untracked 
| 373|0x000000072ea00000, 0x000000072ea00000, 0x000000072ec00000|  0%| F|  |TAMS 0x000000072ea00000| PB 0x000000072ea00000| Untracked 
| 374|0x000000072ec00000, 0x000000072ec00000, 0x000000072ee00000|  0%| F|  |TAMS 0x000000072ec00000| PB 0x000000072ec00000| Untracked 
| 375|0x000000072ee00000, 0x000000072f000000, 0x000000072f000000|100%| O|  |TAMS 0x000000072ee00000| PB 0x000000072ee00000| Untracked 
| 376|0x000000072f000000, 0x000000072f200000, 0x000000072f200000|100%| O|Cm|TAMS 0x000000072f000000| PB 0x000000072f000000| Complete 
| 377|0x000000072f200000, 0x000000072f200000, 0x000000072f400000|  0%| F|  |TAMS 0x000000072f200000| PB 0x000000072f200000| Untracked 
| 378|0x000000072f400000, 0x000000072f400000, 0x000000072f600000|  0%| F|  |TAMS 0x000000072f400000| PB 0x000000072f400000| Untracked 
| 379|0x000000072f600000, 0x000000072f600000, 0x000000072f800000|  0%| F|  |TAMS 0x000000072f600000| PB 0x000000072f600000| Untracked 
| 380|0x000000072f800000, 0x000000072f800000, 0x000000072fa00000|  0%| F|  |TAMS 0x000000072f800000| PB 0x000000072f800000| Untracked 
| 381|0x000000072fa00000, 0x000000072fa00000, 0x000000072fc00000|  0%| F|  |TAMS 0x000000072fa00000| PB 0x000000072fa00000| Untracked 
| 382|0x000000072fc00000, 0x000000072fc00000, 0x000000072fe00000|  0%| F|  |TAMS 0x000000072fc00000| PB 0x000000072fc00000| Untracked 
| 383|0x000000072fe00000, 0x000000072fe00000, 0x0000000730000000|  0%| F|  |TAMS 0x000000072fe00000| PB 0x000000072fe00000| Untracked 
| 384|0x0000000730000000, 0x0000000730200000, 0x0000000730200000|100%| O|  |TAMS 0x0000000730000000| PB 0x0000000730000000| Untracked 
| 385|0x0000000730200000, 0x0000000730200000, 0x0000000730400000|  0%| F|  |TAMS 0x0000000730200000| PB 0x0000000730200000| Untracked 
| 386|0x0000000730400000, 0x0000000730400000, 0x0000000730600000|  0%| F|  |TAMS 0x0000000730400000| PB 0x0000000730400000| Untracked 
| 387|0x0000000730600000, 0x0000000730800000, 0x0000000730800000|100%| O|Cm|TAMS 0x0000000730600000| PB 0x0000000730600000| Complete 
| 388|0x0000000730800000, 0x0000000730a00000, 0x0000000730a00000|100%| O|Cm|TAMS 0x0000000730800000| PB 0x0000000730800000| Complete 
| 389|0x0000000730a00000, 0x0000000730a00000, 0x0000000730c00000|  0%| F|  |TAMS 0x0000000730a00000| PB 0x0000000730a00000| Untracked 
| 390|0x0000000730c00000, 0x0000000730c00000, 0x0000000730e00000|  0%| F|  |TAMS 0x0000000730c00000| PB 0x0000000730c00000| Untracked 
| 391|0x0000000730e00000, 0x0000000730e00000, 0x0000000731000000|  0%| F|  |TAMS 0x0000000730e00000| PB 0x0000000730e00000| Untracked 
| 392|0x0000000731000000, 0x0000000731000000, 0x0000000731200000|  0%| F|  |TAMS 0x0000000731000000| PB 0x0000000731000000| Untracked 
| 393|0x0000000731200000, 0x0000000731200000, 0x0000000731400000|  0%| F|  |TAMS 0x0000000731200000| PB 0x0000000731200000| Untracked 
| 394|0x0000000731400000, 0x0000000731400000, 0x0000000731600000|  0%| F|  |TAMS 0x0000000731400000| PB 0x0000000731400000| Untracked 
| 395|0x0000000731600000, 0x0000000731600000, 0x0000000731800000|  0%| F|  |TAMS 0x0000000731600000| PB 0x0000000731600000| Untracked 
| 396|0x0000000731800000, 0x0000000731800000, 0x0000000731a00000|  0%| F|  |TAMS 0x0000000731800000| PB 0x0000000731800000| Untracked 
| 397|0x0000000731a00000, 0x0000000731a00000, 0x0000000731c00000|  0%| F|  |TAMS 0x0000000731a00000| PB 0x0000000731a00000| Untracked 
| 398|0x0000000731c00000, 0x0000000731c00000, 0x0000000731e00000|  0%| F|  |TAMS 0x0000000731c00000| PB 0x0000000731c00000| Untracked 
| 399|0x0000000731e00000, 0x0000000731e00000, 0x0000000732000000|  0%| F|  |TAMS 0x0000000731e00000| PB 0x0000000731e00000| Untracked 
| 400|0x0000000732000000, 0x0000000732000000, 0x0000000732200000|  0%| F|  |TAMS 0x0000000732000000| PB 0x0000000732000000| Untracked 
| 401|0x0000000732200000, 0x0000000732200000, 0x0000000732400000|  0%| F|  |TAMS 0x0000000732200000| PB 0x0000000732200000| Untracked 
| 402|0x0000000732400000, 0x0000000732400000, 0x0000000732600000|  0%| F|  |TAMS 0x0000000732400000| PB 0x0000000732400000| Untracked 
| 403|0x0000000732600000, 0x0000000732600000, 0x0000000732800000|  0%| F|  |TAMS 0x0000000732600000| PB 0x0000000732600000| Untracked 
| 404|0x0000000732800000, 0x0000000732800000, 0x0000000732a00000|  0%| F|  |TAMS 0x0000000732800000| PB 0x0000000732800000| Untracked 
| 405|0x0000000732a00000, 0x0000000732a00000, 0x0000000732c00000|  0%| F|  |TAMS 0x0000000732a00000| PB 0x0000000732a00000| Untracked 
| 406|0x0000000732c00000, 0x0000000732c00000, 0x0000000732e00000|  0%| F|  |TAMS 0x0000000732c00000| PB 0x0000000732c00000| Untracked 
| 407|0x0000000732e00000, 0x0000000732e00000, 0x0000000733000000|  0%| F|  |TAMS 0x0000000732e00000| PB 0x0000000732e00000| Untracked 
| 408|0x0000000733000000, 0x0000000733000000, 0x0000000733200000|  0%| F|  |TAMS 0x0000000733000000| PB 0x0000000733000000| Untracked 
| 409|0x0000000733200000, 0x0000000733200000, 0x0000000733400000|  0%| F|  |TAMS 0x0000000733200000| PB 0x0000000733200000| Untracked 
| 410|0x0000000733400000, 0x0000000733400000, 0x0000000733600000|  0%| F|  |TAMS 0x0000000733400000| PB 0x0000000733400000| Untracked 
| 411|0x0000000733600000, 0x0000000733600000, 0x0000000733800000|  0%| F|  |TAMS 0x0000000733600000| PB 0x0000000733600000| Untracked 
| 412|0x0000000733800000, 0x0000000733800000, 0x0000000733a00000|  0%| F|  |TAMS 0x0000000733800000| PB 0x0000000733800000| Untracked 
| 413|0x0000000733a00000, 0x0000000733a00000, 0x0000000733c00000|  0%| F|  |TAMS 0x0000000733a00000| PB 0x0000000733a00000| Untracked 
| 414|0x0000000733c00000, 0x0000000733c00000, 0x0000000733e00000|  0%| F|  |TAMS 0x0000000733c00000| PB 0x0000000733c00000| Untracked 
| 415|0x0000000733e00000, 0x0000000733e00000, 0x0000000734000000|  0%| F|  |TAMS 0x0000000733e00000| PB 0x0000000733e00000| Untracked 
| 416|0x0000000734000000, 0x0000000734000000, 0x0000000734200000|  0%| F|  |TAMS 0x0000000734000000| PB 0x0000000734000000| Untracked 
| 417|0x0000000734200000, 0x0000000734400000, 0x0000000734400000|100%| O|  |TAMS 0x0000000734200000| PB 0x0000000734200000| Untracked 
| 418|0x0000000734400000, 0x0000000734400000, 0x0000000734600000|  0%| F|  |TAMS 0x0000000734400000| PB 0x0000000734400000| Untracked 
| 419|0x0000000734600000, 0x0000000734600000, 0x0000000734800000|  0%| F|  |TAMS 0x0000000734600000| PB 0x0000000734600000| Untracked 
| 420|0x0000000734800000, 0x0000000734a00000, 0x0000000734a00000|100%| O|  |TAMS 0x0000000734800000| PB 0x0000000734800000| Untracked 
| 421|0x0000000734a00000, 0x0000000734a00000, 0x0000000734c00000|  0%| F|  |TAMS 0x0000000734a00000| PB 0x0000000734a00000| Untracked 
| 422|0x0000000734c00000, 0x0000000734c00000, 0x0000000734e00000|  0%| F|  |TAMS 0x0000000734c00000| PB 0x0000000734c00000| Untracked 
| 423|0x0000000734e00000, 0x0000000734e00000, 0x0000000735000000|  0%| F|  |TAMS 0x0000000734e00000| PB 0x0000000734e00000| Untracked 
| 424|0x0000000735000000, 0x0000000735000000, 0x0000000735200000|  0%| F|  |TAMS 0x0000000735000000| PB 0x0000000735000000| Untracked 
| 425|0x0000000735200000, 0x0000000735200000, 0x0000000735400000|  0%| F|  |TAMS 0x0000000735200000| PB 0x0000000735200000| Untracked 
| 426|0x0000000735400000, 0x0000000735400000, 0x0000000735600000|  0%| F|  |TAMS 0x0000000735400000| PB 0x0000000735400000| Untracked 
| 427|0x0000000735600000, 0x0000000735600000, 0x0000000735800000|  0%| F|  |TAMS 0x0000000735600000| PB 0x0000000735600000| Untracked 
| 428|0x0000000735800000, 0x0000000735800000, 0x0000000735a00000|  0%| F|  |TAMS 0x0000000735800000| PB 0x0000000735800000| Untracked 
| 429|0x0000000735a00000, 0x0000000735a00000, 0x0000000735c00000|  0%| F|  |TAMS 0x0000000735a00000| PB 0x0000000735a00000| Untracked 
| 430|0x0000000735c00000, 0x0000000735c00000, 0x0000000735e00000|  0%| F|  |TAMS 0x0000000735c00000| PB 0x0000000735c00000| Untracked 
| 431|0x0000000735e00000, 0x0000000735e00000, 0x0000000736000000|  0%| F|  |TAMS 0x0000000735e00000| PB 0x0000000735e00000| Untracked 
| 432|0x0000000736000000, 0x0000000736000000, 0x0000000736200000|  0%| F|  |TAMS 0x0000000736000000| PB 0x0000000736000000| Untracked 
| 433|0x0000000736200000, 0x0000000736200000, 0x0000000736400000|  0%| F|  |TAMS 0x0000000736200000| PB 0x0000000736200000| Untracked 
| 434|0x0000000736400000, 0x0000000736400000, 0x0000000736600000|  0%| F|  |TAMS 0x0000000736400000| PB 0x0000000736400000| Untracked 
| 435|0x0000000736600000, 0x0000000736600000, 0x0000000736800000|  0%| F|  |TAMS 0x0000000736600000| PB 0x0000000736600000| Untracked 
| 436|0x0000000736800000, 0x0000000736800000, 0x0000000736a00000|  0%| F|  |TAMS 0x0000000736800000| PB 0x0000000736800000| Untracked 
| 437|0x0000000736a00000, 0x0000000736a00000, 0x0000000736c00000|  0%| F|  |TAMS 0x0000000736a00000| PB 0x0000000736a00000| Untracked 
| 438|0x0000000736c00000, 0x0000000736c00000, 0x0000000736e00000|  0%| F|  |TAMS 0x0000000736c00000| PB 0x0000000736c00000| Untracked 
| 439|0x0000000736e00000, 0x0000000736e00000, 0x0000000737000000|  0%| F|  |TAMS 0x0000000736e00000| PB 0x0000000736e00000| Untracked 
| 440|0x0000000737000000, 0x0000000737000000, 0x0000000737200000|  0%| F|  |TAMS 0x0000000737000000| PB 0x0000000737000000| Untracked 
| 441|0x0000000737200000, 0x0000000737400000, 0x0000000737400000|100%|HS|  |TAMS 0x0000000737200000| PB 0x0000000737200000| Complete 
| 442|0x0000000737400000, 0x0000000737600000, 0x0000000737600000|100%|HC|  |TAMS 0x0000000737400000| PB 0x0000000737400000| Complete 
| 443|0x0000000737600000, 0x0000000737600000, 0x0000000737800000|  0%| F|  |TAMS 0x0000000737600000| PB 0x0000000737600000| Untracked 
| 444|0x0000000737800000, 0x0000000737800000, 0x0000000737a00000|  0%| F|  |TAMS 0x0000000737800000| PB 0x0000000737800000| Untracked 
| 445|0x0000000737a00000, 0x0000000737a00000, 0x0000000737c00000|  0%| F|  |TAMS 0x0000000737a00000| PB 0x0000000737a00000| Untracked 
| 446|0x0000000737c00000, 0x0000000737c00000, 0x0000000737e00000|  0%| F|  |TAMS 0x0000000737c00000| PB 0x0000000737c00000| Untracked 
| 447|0x0000000737e00000, 0x0000000737e00000, 0x0000000738000000|  0%| F|  |TAMS 0x0000000737e00000| PB 0x0000000737e00000| Untracked 
| 448|0x0000000738000000, 0x0000000738000000, 0x0000000738200000|  0%| F|  |TAMS 0x0000000738000000| PB 0x0000000738000000| Untracked 
| 449|0x0000000738200000, 0x0000000738200000, 0x0000000738400000|  0%| F|  |TAMS 0x0000000738200000| PB 0x0000000738200000| Untracked 
| 450|0x0000000738400000, 0x0000000738400000, 0x0000000738600000|  0%| F|  |TAMS 0x0000000738400000| PB 0x0000000738400000| Untracked 
| 451|0x0000000738600000, 0x0000000738600000, 0x0000000738800000|  0%| F|  |TAMS 0x0000000738600000| PB 0x0000000738600000| Untracked 
| 452|0x0000000738800000, 0x0000000738800000, 0x0000000738a00000|  0%| F|  |TAMS 0x0000000738800000| PB 0x0000000738800000| Untracked 
| 453|0x0000000738a00000, 0x0000000738a00000, 0x0000000738c00000|  0%| F|  |TAMS 0x0000000738a00000| PB 0x0000000738a00000| Untracked 
| 454|0x0000000738c00000, 0x0000000738c00000, 0x0000000738e00000|  0%| F|  |TAMS 0x0000000738c00000| PB 0x0000000738c00000| Untracked 
| 455|0x0000000738e00000, 0x0000000738e00000, 0x0000000739000000|  0%| F|  |TAMS 0x0000000738e00000| PB 0x0000000738e00000| Untracked 
| 456|0x0000000739000000, 0x0000000739000000, 0x0000000739200000|  0%| F|  |TAMS 0x0000000739000000| PB 0x0000000739000000| Untracked 
| 457|0x0000000739200000, 0x0000000739200000, 0x0000000739400000|  0%| F|  |TAMS 0x0000000739200000| PB 0x0000000739200000| Untracked 
| 458|0x0000000739400000, 0x0000000739400000, 0x0000000739600000|  0%| F|  |TAMS 0x0000000739400000| PB 0x0000000739400000| Untracked 
| 459|0x0000000739600000, 0x0000000739600000, 0x0000000739800000|  0%| F|  |TAMS 0x0000000739600000| PB 0x0000000739600000| Untracked 
| 460|0x0000000739800000, 0x0000000739800000, 0x0000000739a00000|  0%| F|  |TAMS 0x0000000739800000| PB 0x0000000739800000| Untracked 
| 461|0x0000000739a00000, 0x0000000739a00000, 0x0000000739c00000|  0%| F|  |TAMS 0x0000000739a00000| PB 0x0000000739a00000| Untracked 
| 462|0x0000000739c00000, 0x0000000739c00000, 0x0000000739e00000|  0%| F|  |TAMS 0x0000000739c00000| PB 0x0000000739c00000| Untracked 
| 463|0x0000000739e00000, 0x0000000739e00000, 0x000000073a000000|  0%| F|  |TAMS 0x0000000739e00000| PB 0x0000000739e00000| Untracked 
| 464|0x000000073a000000, 0x000000073a000000, 0x000000073a200000|  0%| F|  |TAMS 0x000000073a000000| PB 0x000000073a000000| Untracked 
| 465|0x000000073a200000, 0x000000073a200000, 0x000000073a400000|  0%| F|  |TAMS 0x000000073a200000| PB 0x000000073a200000| Untracked 
| 466|0x000000073a400000, 0x000000073a400000, 0x000000073a600000|  0%| F|  |TAMS 0x000000073a400000| PB 0x000000073a400000| Untracked 
| 467|0x000000073a600000, 0x000000073a600000, 0x000000073a800000|  0%| F|  |TAMS 0x000000073a600000| PB 0x000000073a600000| Untracked 
| 468|0x000000073a800000, 0x000000073a800000, 0x000000073aa00000|  0%| F|  |TAMS 0x000000073a800000| PB 0x000000073a800000| Untracked 
| 469|0x000000073aa00000, 0x000000073aa00000, 0x000000073ac00000|  0%| F|  |TAMS 0x000000073aa00000| PB 0x000000073aa00000| Untracked 
| 470|0x000000073ac00000, 0x000000073ac00000, 0x000000073ae00000|  0%| F|  |TAMS 0x000000073ac00000| PB 0x000000073ac00000| Untracked 
| 471|0x000000073ae00000, 0x000000073ae00000, 0x000000073b000000|  0%| F|  |TAMS 0x000000073ae00000| PB 0x000000073ae00000| Untracked 
| 472|0x000000073b000000, 0x000000073b000000, 0x000000073b200000|  0%| F|  |TAMS 0x000000073b000000| PB 0x000000073b000000| Untracked 
| 473|0x000000073b200000, 0x000000073b200000, 0x000000073b400000|  0%| F|  |TAMS 0x000000073b200000| PB 0x000000073b200000| Untracked 
| 474|0x000000073b400000, 0x000000073b400000, 0x000000073b600000|  0%| F|  |TAMS 0x000000073b400000| PB 0x000000073b400000| Untracked 
| 475|0x000000073b600000, 0x000000073b600000, 0x000000073b800000|  0%| F|  |TAMS 0x000000073b600000| PB 0x000000073b600000| Untracked 
| 476|0x000000073b800000, 0x000000073b800000, 0x000000073ba00000|  0%| F|  |TAMS 0x000000073b800000| PB 0x000000073b800000| Untracked 
| 477|0x000000073ba00000, 0x000000073ba00000, 0x000000073bc00000|  0%| F|  |TAMS 0x000000073ba00000| PB 0x000000073ba00000| Untracked 
| 478|0x000000073bc00000, 0x000000073be00000, 0x000000073be00000|100%| O|Cm|TAMS 0x000000073bc00000| PB 0x000000073bc00000| Complete 
| 479|0x000000073be00000, 0x000000073be00000, 0x000000073c000000|  0%| F|  |TAMS 0x000000073be00000| PB 0x000000073be00000| Untracked 
| 480|0x000000073c000000, 0x000000073c000000, 0x000000073c200000|  0%| F|  |TAMS 0x000000073c000000| PB 0x000000073c000000| Untracked 
| 481|0x000000073c200000, 0x000000073c200000, 0x000000073c400000|  0%| F|  |TAMS 0x000000073c200000| PB 0x000000073c200000| Untracked 
| 482|0x000000073c400000, 0x000000073c400000, 0x000000073c600000|  0%| F|  |TAMS 0x000000073c400000| PB 0x000000073c400000| Untracked 
| 483|0x000000073c600000, 0x000000073c600000, 0x000000073c800000|  0%| F|  |TAMS 0x000000073c600000| PB 0x000000073c600000| Untracked 
| 484|0x000000073c800000, 0x000000073c800000, 0x000000073ca00000|  0%| F|  |TAMS 0x000000073c800000| PB 0x000000073c800000| Untracked 
| 485|0x000000073ca00000, 0x000000073ca00000, 0x000000073cc00000|  0%| F|  |TAMS 0x000000073ca00000| PB 0x000000073ca00000| Untracked 
| 486|0x000000073cc00000, 0x000000073cc00000, 0x000000073ce00000|  0%| F|  |TAMS 0x000000073cc00000| PB 0x000000073cc00000| Untracked 
| 487|0x000000073ce00000, 0x000000073ce00000, 0x000000073d000000|  0%| F|  |TAMS 0x000000073ce00000| PB 0x000000073ce00000| Untracked 
| 488|0x000000073d000000, 0x000000073d000000, 0x000000073d200000|  0%| F|  |TAMS 0x000000073d000000| PB 0x000000073d000000| Untracked 
| 489|0x000000073d200000, 0x000000073d200000, 0x000000073d400000|  0%| F|  |TAMS 0x000000073d200000| PB 0x000000073d200000| Untracked 
| 490|0x000000073d400000, 0x000000073d400000, 0x000000073d600000|  0%| F|  |TAMS 0x000000073d400000| PB 0x000000073d400000| Untracked 
| 491|0x000000073d600000, 0x000000073d600000, 0x000000073d800000|  0%| F|  |TAMS 0x000000073d600000| PB 0x000000073d600000| Untracked 
| 492|0x000000073d800000, 0x000000073d800000, 0x000000073da00000|  0%| F|  |TAMS 0x000000073d800000| PB 0x000000073d800000| Untracked 
| 493|0x000000073da00000, 0x000000073dc00000, 0x000000073dc00000|100%| O|  |TAMS 0x000000073da00000| PB 0x000000073da00000| Untracked 
| 494|0x000000073dc00000, 0x000000073dc00000, 0x000000073de00000|  0%| F|  |TAMS 0x000000073dc00000| PB 0x000000073dc00000| Untracked 
| 495|0x000000073de00000, 0x000000073de00000, 0x000000073e000000|  0%| F|  |TAMS 0x000000073de00000| PB 0x000000073de00000| Untracked 
| 496|0x000000073e000000, 0x000000073e200000, 0x000000073e200000|100%| O|  |TAMS 0x000000073e000000| PB 0x000000073e000000| Untracked 
| 497|0x000000073e200000, 0x000000073e200000, 0x000000073e400000|  0%| F|  |TAMS 0x000000073e200000| PB 0x000000073e200000| Untracked 
| 498|0x000000073e400000, 0x000000073e400000, 0x000000073e600000|  0%| F|  |TAMS 0x000000073e400000| PB 0x000000073e400000| Untracked 
| 499|0x000000073e600000, 0x000000073e600000, 0x000000073e800000|  0%| F|  |TAMS 0x000000073e600000| PB 0x000000073e600000| Untracked 
| 500|0x000000073e800000, 0x000000073ea00000, 0x000000073ea00000|100%| O|  |TAMS 0x000000073e800000| PB 0x000000073e800000| Untracked 
| 501|0x000000073ea00000, 0x000000073ea00000, 0x000000073ec00000|  0%| F|  |TAMS 0x000000073ea00000| PB 0x000000073ea00000| Untracked 
| 502|0x000000073ec00000, 0x000000073ec00000, 0x000000073ee00000|  0%| F|  |TAMS 0x000000073ec00000| PB 0x000000073ec00000| Untracked 
| 503|0x000000073ee00000, 0x000000073ee00000, 0x000000073f000000|  0%| F|  |TAMS 0x000000073ee00000| PB 0x000000073ee00000| Untracked 
| 504|0x000000073f000000, 0x000000073f000000, 0x000000073f200000|  0%| F|  |TAMS 0x000000073f000000| PB 0x000000073f000000| Untracked 
| 505|0x000000073f200000, 0x000000073f200000, 0x000000073f400000|  0%| F|  |TAMS 0x000000073f200000| PB 0x000000073f200000| Untracked 
| 506|0x000000073f400000, 0x000000073f400000, 0x000000073f600000|  0%| F|  |TAMS 0x000000073f400000| PB 0x000000073f400000| Untracked 
| 507|0x000000073f600000, 0x000000073f600000, 0x000000073f800000|  0%| F|  |TAMS 0x000000073f600000| PB 0x000000073f600000| Untracked 
| 508|0x000000073f800000, 0x000000073f800000, 0x000000073fa00000|  0%| F|  |TAMS 0x000000073f800000| PB 0x000000073f800000| Untracked 
| 509|0x000000073fa00000, 0x000000073fa00000, 0x000000073fc00000|  0%| F|  |TAMS 0x000000073fa00000| PB 0x000000073fa00000| Untracked 
| 510|0x000000073fc00000, 0x000000073fc00000, 0x000000073fe00000|  0%| F|  |TAMS 0x000000073fc00000| PB 0x000000073fc00000| Untracked 
| 511|0x000000073fe00000, 0x000000073fe00000, 0x0000000740000000|  0%| F|  |TAMS 0x000000073fe00000| PB 0x000000073fe00000| Untracked 
| 512|0x0000000740000000, 0x0000000740000000, 0x0000000740200000|  0%| F|  |TAMS 0x0000000740000000| PB 0x0000000740000000| Untracked 
| 513|0x0000000740200000, 0x0000000740200000, 0x0000000740400000|  0%| F|  |TAMS 0x0000000740200000| PB 0x0000000740200000| Untracked 
| 514|0x0000000740400000, 0x0000000740600000, 0x0000000740600000|100%| O|  |TAMS 0x0000000740400000| PB 0x0000000740400000| Untracked 
| 515|0x0000000740600000, 0x0000000740600000, 0x0000000740800000|  0%| F|  |TAMS 0x0000000740600000| PB 0x0000000740600000| Untracked 
| 516|0x0000000740800000, 0x0000000740800000, 0x0000000740a00000|  0%| F|  |TAMS 0x0000000740800000| PB 0x0000000740800000| Untracked 
| 517|0x0000000740a00000, 0x0000000740a00000, 0x0000000740c00000|  0%| F|  |TAMS 0x0000000740a00000| PB 0x0000000740a00000| Untracked 
| 518|0x0000000740c00000, 0x0000000740c00000, 0x0000000740e00000|  0%| F|  |TAMS 0x0000000740c00000| PB 0x0000000740c00000| Untracked 
| 519|0x0000000740e00000, 0x0000000740e00000, 0x0000000741000000|  0%| F|  |TAMS 0x0000000740e00000| PB 0x0000000740e00000| Untracked 
| 520|0x0000000741000000, 0x0000000741000000, 0x0000000741200000|  0%| F|  |TAMS 0x0000000741000000| PB 0x0000000741000000| Untracked 
| 521|0x0000000741200000, 0x0000000741200000, 0x0000000741400000|  0%| F|  |TAMS 0x0000000741200000| PB 0x0000000741200000| Untracked 
| 522|0x0000000741400000, 0x0000000741400000, 0x0000000741600000|  0%| F|  |TAMS 0x0000000741400000| PB 0x0000000741400000| Untracked 
| 523|0x0000000741600000, 0x0000000741800000, 0x0000000741800000|100%| O|  |TAMS 0x0000000741600000| PB 0x0000000741600000| Untracked 
| 524|0x0000000741800000, 0x0000000741800000, 0x0000000741a00000|  0%| F|  |TAMS 0x0000000741800000| PB 0x0000000741800000| Untracked 
| 525|0x0000000741a00000, 0x0000000741a00000, 0x0000000741c00000|  0%| F|  |TAMS 0x0000000741a00000| PB 0x0000000741a00000| Untracked 
| 526|0x0000000741c00000, 0x0000000741c00000, 0x0000000741e00000|  0%| F|  |TAMS 0x0000000741c00000| PB 0x0000000741c00000| Untracked 
| 527|0x0000000741e00000, 0x0000000741e00000, 0x0000000742000000|  0%| F|  |TAMS 0x0000000741e00000| PB 0x0000000741e00000| Untracked 
| 528|0x0000000742000000, 0x0000000742000000, 0x0000000742200000|  0%| F|  |TAMS 0x0000000742000000| PB 0x0000000742000000| Untracked 
| 529|0x0000000742200000, 0x0000000742200000, 0x0000000742400000|  0%| F|  |TAMS 0x0000000742200000| PB 0x0000000742200000| Untracked 
| 530|0x0000000742400000, 0x0000000742400000, 0x0000000742600000|  0%| F|  |TAMS 0x0000000742400000| PB 0x0000000742400000| Untracked 
| 531|0x0000000742600000, 0x0000000742600000, 0x0000000742800000|  0%| F|  |TAMS 0x0000000742600000| PB 0x0000000742600000| Untracked 
| 532|0x0000000742800000, 0x0000000742800000, 0x0000000742a00000|  0%| F|  |TAMS 0x0000000742800000| PB 0x0000000742800000| Untracked 
| 533|0x0000000742a00000, 0x0000000742a00000, 0x0000000742c00000|  0%| F|  |TAMS 0x0000000742a00000| PB 0x0000000742a00000| Untracked 
| 534|0x0000000742c00000, 0x0000000742c00000, 0x0000000742e00000|  0%| F|  |TAMS 0x0000000742c00000| PB 0x0000000742c00000| Untracked 
| 535|0x0000000742e00000, 0x0000000742e00000, 0x0000000743000000|  0%| F|  |TAMS 0x0000000742e00000| PB 0x0000000742e00000| Untracked 
| 536|0x0000000743000000, 0x0000000743000000, 0x0000000743200000|  0%| F|  |TAMS 0x0000000743000000| PB 0x0000000743000000| Untracked 
| 537|0x0000000743200000, 0x0000000743200000, 0x0000000743400000|  0%| F|  |TAMS 0x0000000743200000| PB 0x0000000743200000| Untracked 
| 538|0x0000000743400000, 0x0000000743400000, 0x0000000743600000|  0%| F|  |TAMS 0x0000000743400000| PB 0x0000000743400000| Untracked 
| 539|0x0000000743600000, 0x0000000743600000, 0x0000000743800000|  0%| F|  |TAMS 0x0000000743600000| PB 0x0000000743600000| Untracked 
| 540|0x0000000743800000, 0x0000000743a00000, 0x0000000743a00000|100%| O|  |TAMS 0x0000000743800000| PB 0x0000000743800000| Untracked 
| 541|0x0000000743a00000, 0x0000000743a00000, 0x0000000743c00000|  0%| F|  |TAMS 0x0000000743a00000| PB 0x0000000743a00000| Untracked 
| 542|0x0000000743c00000, 0x0000000743c00000, 0x0000000743e00000|  0%| F|  |TAMS 0x0000000743c00000| PB 0x0000000743c00000| Untracked 
| 543|0x0000000743e00000, 0x0000000743e00000, 0x0000000744000000|  0%| F|  |TAMS 0x0000000743e00000| PB 0x0000000743e00000| Untracked 
| 544|0x0000000744000000, 0x0000000744000000, 0x0000000744200000|  0%| F|  |TAMS 0x0000000744000000| PB 0x0000000744000000| Untracked 
| 545|0x0000000744200000, 0x0000000744200000, 0x0000000744400000|  0%| F|  |TAMS 0x0000000744200000| PB 0x0000000744200000| Untracked 
| 546|0x0000000744400000, 0x0000000744400000, 0x0000000744600000|  0%| F|  |TAMS 0x0000000744400000| PB 0x0000000744400000| Untracked 
| 547|0x0000000744600000, 0x0000000744600000, 0x0000000744800000|  0%| F|  |TAMS 0x0000000744600000| PB 0x0000000744600000| Untracked 
| 548|0x0000000744800000, 0x0000000744800000, 0x0000000744a00000|  0%| F|  |TAMS 0x0000000744800000| PB 0x0000000744800000| Untracked 
| 549|0x0000000744a00000, 0x0000000744a00000, 0x0000000744c00000|  0%| F|  |TAMS 0x0000000744a00000| PB 0x0000000744a00000| Untracked 
| 550|0x0000000744c00000, 0x0000000744c00000, 0x0000000744e00000|  0%| F|  |TAMS 0x0000000744c00000| PB 0x0000000744c00000| Untracked 
| 551|0x0000000744e00000, 0x0000000744e00000, 0x0000000745000000|  0%| F|  |TAMS 0x0000000744e00000| PB 0x0000000744e00000| Untracked 
| 552|0x0000000745000000, 0x0000000745000000, 0x0000000745200000|  0%| F|  |TAMS 0x0000000745000000| PB 0x0000000745000000| Untracked 
| 553|0x0000000745200000, 0x0000000745200000, 0x0000000745400000|  0%| F|  |TAMS 0x0000000745200000| PB 0x0000000745200000| Untracked 
| 554|0x0000000745400000, 0x0000000745400000, 0x0000000745600000|  0%| F|  |TAMS 0x0000000745400000| PB 0x0000000745400000| Untracked 
| 555|0x0000000745600000, 0x0000000745600000, 0x0000000745800000|  0%| F|  |TAMS 0x0000000745600000| PB 0x0000000745600000| Untracked 
| 556|0x0000000745800000, 0x0000000745800000, 0x0000000745a00000|  0%| F|  |TAMS 0x0000000745800000| PB 0x0000000745800000| Untracked 
| 557|0x0000000745a00000, 0x0000000745a00000, 0x0000000745c00000|  0%| F|  |TAMS 0x0000000745a00000| PB 0x0000000745a00000| Untracked 
| 558|0x0000000745c00000, 0x0000000745c00000, 0x0000000745e00000|  0%| F|  |TAMS 0x0000000745c00000| PB 0x0000000745c00000| Untracked 
| 559|0x0000000745e00000, 0x0000000745e00000, 0x0000000746000000|  0%| F|  |TAMS 0x0000000745e00000| PB 0x0000000745e00000| Untracked 
| 560|0x0000000746000000, 0x0000000746000000, 0x0000000746200000|  0%| F|  |TAMS 0x0000000746000000| PB 0x0000000746000000| Untracked 
| 561|0x0000000746200000, 0x0000000746200000, 0x0000000746400000|  0%| F|  |TAMS 0x0000000746200000| PB 0x0000000746200000| Untracked 
| 562|0x0000000746400000, 0x0000000746400000, 0x0000000746600000|  0%| F|  |TAMS 0x0000000746400000| PB 0x0000000746400000| Untracked 
| 563|0x0000000746600000, 0x0000000746600000, 0x0000000746800000|  0%| F|  |TAMS 0x0000000746600000| PB 0x0000000746600000| Untracked 
| 564|0x0000000746800000, 0x0000000746800000, 0x0000000746a00000|  0%| F|  |TAMS 0x0000000746800000| PB 0x0000000746800000| Untracked 
| 565|0x0000000746a00000, 0x0000000746a00000, 0x0000000746c00000|  0%| F|  |TAMS 0x0000000746a00000| PB 0x0000000746a00000| Untracked 
| 566|0x0000000746c00000, 0x0000000746c00000, 0x0000000746e00000|  0%| F|  |TAMS 0x0000000746c00000| PB 0x0000000746c00000| Untracked 
| 567|0x0000000746e00000, 0x0000000746e00000, 0x0000000747000000|  0%| F|  |TAMS 0x0000000746e00000| PB 0x0000000746e00000| Untracked 
| 568|0x0000000747000000, 0x0000000747000000, 0x0000000747200000|  0%| F|  |TAMS 0x0000000747000000| PB 0x0000000747000000| Untracked 
| 569|0x0000000747200000, 0x0000000747200000, 0x0000000747400000|  0%| F|  |TAMS 0x0000000747200000| PB 0x0000000747200000| Untracked 
| 570|0x0000000747400000, 0x0000000747400000, 0x0000000747600000|  0%| F|  |TAMS 0x0000000747400000| PB 0x0000000747400000| Untracked 
| 571|0x0000000747600000, 0x0000000747600000, 0x0000000747800000|  0%| F|  |TAMS 0x0000000747600000| PB 0x0000000747600000| Untracked 
| 572|0x0000000747800000, 0x0000000747800000, 0x0000000747a00000|  0%| F|  |TAMS 0x0000000747800000| PB 0x0000000747800000| Untracked 
| 573|0x0000000747a00000, 0x0000000747a00000, 0x0000000747c00000|  0%| F|  |TAMS 0x0000000747a00000| PB 0x0000000747a00000| Untracked 
| 574|0x0000000747c00000, 0x0000000747c00000, 0x0000000747e00000|  0%| F|  |TAMS 0x0000000747c00000| PB 0x0000000747c00000| Untracked 
| 575|0x0000000747e00000, 0x0000000747e00000, 0x0000000748000000|  0%| F|  |TAMS 0x0000000747e00000| PB 0x0000000747e00000| Untracked 
| 576|0x0000000748000000, 0x0000000748000000, 0x0000000748200000|  0%| F|  |TAMS 0x0000000748000000| PB 0x0000000748000000| Untracked 
| 577|0x0000000748200000, 0x0000000748200000, 0x0000000748400000|  0%| F|  |TAMS 0x0000000748200000| PB 0x0000000748200000| Untracked 
| 578|0x0000000748400000, 0x0000000748400000, 0x0000000748600000|  0%| F|  |TAMS 0x0000000748400000| PB 0x0000000748400000| Untracked 
| 579|0x0000000748600000, 0x0000000748600000, 0x0000000748800000|  0%| F|  |TAMS 0x0000000748600000| PB 0x0000000748600000| Untracked 
| 580|0x0000000748800000, 0x0000000748800000, 0x0000000748a00000|  0%| F|  |TAMS 0x0000000748800000| PB 0x0000000748800000| Untracked 
| 581|0x0000000748a00000, 0x0000000748a00000, 0x0000000748c00000|  0%| F|  |TAMS 0x0000000748a00000| PB 0x0000000748a00000| Untracked 
| 582|0x0000000748c00000, 0x0000000748c00000, 0x0000000748e00000|  0%| F|  |TAMS 0x0000000748c00000| PB 0x0000000748c00000| Untracked 
| 583|0x0000000748e00000, 0x0000000748e00000, 0x0000000749000000|  0%| F|  |TAMS 0x0000000748e00000| PB 0x0000000748e00000| Untracked 
| 584|0x0000000749000000, 0x0000000749000000, 0x0000000749200000|  0%| F|  |TAMS 0x0000000749000000| PB 0x0000000749000000| Untracked 
| 585|0x0000000749200000, 0x0000000749200000, 0x0000000749400000|  0%| F|  |TAMS 0x0000000749200000| PB 0x0000000749200000| Untracked 
| 586|0x0000000749400000, 0x0000000749400000, 0x0000000749600000|  0%| F|  |TAMS 0x0000000749400000| PB 0x0000000749400000| Untracked 
| 587|0x0000000749600000, 0x0000000749600000, 0x0000000749800000|  0%| F|  |TAMS 0x0000000749600000| PB 0x0000000749600000| Untracked 
| 588|0x0000000749800000, 0x0000000749800000, 0x0000000749a00000|  0%| F|  |TAMS 0x0000000749800000| PB 0x0000000749800000| Untracked 
| 589|0x0000000749a00000, 0x0000000749a00000, 0x0000000749c00000|  0%| F|  |TAMS 0x0000000749a00000| PB 0x0000000749a00000| Untracked 
| 590|0x0000000749c00000, 0x0000000749c00000, 0x0000000749e00000|  0%| F|  |TAMS 0x0000000749c00000| PB 0x0000000749c00000| Untracked 
| 591|0x0000000749e00000, 0x0000000749e00000, 0x000000074a000000|  0%| F|  |TAMS 0x0000000749e00000| PB 0x0000000749e00000| Untracked 
| 592|0x000000074a000000, 0x000000074a000000, 0x000000074a200000|  0%| F|  |TAMS 0x000000074a000000| PB 0x000000074a000000| Untracked 
| 593|0x000000074a200000, 0x000000074a200000, 0x000000074a400000|  0%| F|  |TAMS 0x000000074a200000| PB 0x000000074a200000| Untracked 
| 594|0x000000074a400000, 0x000000074a400000, 0x000000074a600000|  0%| F|  |TAMS 0x000000074a400000| PB 0x000000074a400000| Untracked 
| 595|0x000000074a600000, 0x000000074a600000, 0x000000074a800000|  0%| F|  |TAMS 0x000000074a600000| PB 0x000000074a600000| Untracked 
| 596|0x000000074a800000, 0x000000074a800000, 0x000000074aa00000|  0%| F|  |TAMS 0x000000074a800000| PB 0x000000074a800000| Untracked 
| 597|0x000000074aa00000, 0x000000074aa00000, 0x000000074ac00000|  0%| F|  |TAMS 0x000000074aa00000| PB 0x000000074aa00000| Untracked 
| 598|0x000000074ac00000, 0x000000074ac00000, 0x000000074ae00000|  0%| F|  |TAMS 0x000000074ac00000| PB 0x000000074ac00000| Untracked 
| 599|0x000000074ae00000, 0x000000074ae00000, 0x000000074b000000|  0%| F|  |TAMS 0x000000074ae00000| PB 0x000000074ae00000| Untracked 
| 600|0x000000074b000000, 0x000000074b000000, 0x000000074b200000|  0%| F|  |TAMS 0x000000074b000000| PB 0x000000074b000000| Untracked 
| 601|0x000000074b200000, 0x000000074b200000, 0x000000074b400000|  0%| F|  |TAMS 0x000000074b200000| PB 0x000000074b200000| Untracked 
| 602|0x000000074b400000, 0x000000074b400000, 0x000000074b600000|  0%| F|  |TAMS 0x000000074b400000| PB 0x000000074b400000| Untracked 
| 603|0x000000074b600000, 0x000000074b600000, 0x000000074b800000|  0%| F|  |TAMS 0x000000074b600000| PB 0x000000074b600000| Untracked 
| 604|0x000000074b800000, 0x000000074b800000, 0x000000074ba00000|  0%| F|  |TAMS 0x000000074b800000| PB 0x000000074b800000| Untracked 
| 605|0x000000074ba00000, 0x000000074ba00000, 0x000000074bc00000|  0%| F|  |TAMS 0x000000074ba00000| PB 0x000000074ba00000| Untracked 
| 606|0x000000074bc00000, 0x000000074bc00000, 0x000000074be00000|  0%| F|  |TAMS 0x000000074bc00000| PB 0x000000074bc00000| Untracked 
| 607|0x000000074be00000, 0x000000074be00000, 0x000000074c000000|  0%| F|  |TAMS 0x000000074be00000| PB 0x000000074be00000| Untracked 
| 608|0x000000074c000000, 0x000000074c000000, 0x000000074c200000|  0%| F|  |TAMS 0x000000074c000000| PB 0x000000074c000000| Untracked 
| 609|0x000000074c200000, 0x000000074c200000, 0x000000074c400000|  0%| F|  |TAMS 0x000000074c200000| PB 0x000000074c200000| Untracked 
| 610|0x000000074c400000, 0x000000074c400000, 0x000000074c600000|  0%| F|  |TAMS 0x000000074c400000| PB 0x000000074c400000| Untracked 
| 611|0x000000074c600000, 0x000000074c600000, 0x000000074c800000|  0%| F|  |TAMS 0x000000074c600000| PB 0x000000074c600000| Untracked 
| 612|0x000000074c800000, 0x000000074c800000, 0x000000074ca00000|  0%| F|  |TAMS 0x000000074c800000| PB 0x000000074c800000| Untracked 
| 613|0x000000074ca00000, 0x000000074ca00000, 0x000000074cc00000|  0%| F|  |TAMS 0x000000074ca00000| PB 0x000000074ca00000| Untracked 
| 614|0x000000074cc00000, 0x000000074cc00000, 0x000000074ce00000|  0%| F|  |TAMS 0x000000074cc00000| PB 0x000000074cc00000| Untracked 
| 615|0x000000074ce00000, 0x000000074ce00000, 0x000000074d000000|  0%| F|  |TAMS 0x000000074ce00000| PB 0x000000074ce00000| Untracked 
| 616|0x000000074d000000, 0x000000074d000000, 0x000000074d200000|  0%| F|  |TAMS 0x000000074d000000| PB 0x000000074d000000| Untracked 
| 617|0x000000074d200000, 0x000000074d200000, 0x000000074d400000|  0%| F|  |TAMS 0x000000074d200000| PB 0x000000074d200000| Untracked 
| 618|0x000000074d400000, 0x000000074d400000, 0x000000074d600000|  0%| F|  |TAMS 0x000000074d400000| PB 0x000000074d400000| Untracked 
| 619|0x000000074d600000, 0x000000074d600000, 0x000000074d800000|  0%| F|  |TAMS 0x000000074d600000| PB 0x000000074d600000| Untracked 
| 620|0x000000074d800000, 0x000000074d800000, 0x000000074da00000|  0%| F|  |TAMS 0x000000074d800000| PB 0x000000074d800000| Untracked 
| 621|0x000000074da00000, 0x000000074da00000, 0x000000074dc00000|  0%| F|  |TAMS 0x000000074da00000| PB 0x000000074da00000| Untracked 
| 622|0x000000074dc00000, 0x000000074dc00000, 0x000000074de00000|  0%| F|  |TAMS 0x000000074dc00000| PB 0x000000074dc00000| Untracked 
| 623|0x000000074de00000, 0x000000074de00000, 0x000000074e000000|  0%| F|  |TAMS 0x000000074de00000| PB 0x000000074de00000| Untracked 
| 624|0x000000074e000000, 0x000000074e000000, 0x000000074e200000|  0%| F|  |TAMS 0x000000074e000000| PB 0x000000074e000000| Untracked 
| 625|0x000000074e200000, 0x000000074e200000, 0x000000074e400000|  0%| F|  |TAMS 0x000000074e200000| PB 0x000000074e200000| Untracked 
| 626|0x000000074e400000, 0x000000074e400000, 0x000000074e600000|  0%| F|  |TAMS 0x000000074e400000| PB 0x000000074e400000| Untracked 
| 627|0x000000074e600000, 0x000000074e600000, 0x000000074e800000|  0%| F|  |TAMS 0x000000074e600000| PB 0x000000074e600000| Untracked 
| 628|0x000000074e800000, 0x000000074e800000, 0x000000074ea00000|  0%| F|  |TAMS 0x000000074e800000| PB 0x000000074e800000| Untracked 
| 629|0x000000074ea00000, 0x000000074ea00000, 0x000000074ec00000|  0%| F|  |TAMS 0x000000074ea00000| PB 0x000000074ea00000| Untracked 
| 630|0x000000074ec00000, 0x000000074ec00000, 0x000000074ee00000|  0%| F|  |TAMS 0x000000074ec00000| PB 0x000000074ec00000| Untracked 
| 631|0x000000074ee00000, 0x000000074ee00000, 0x000000074f000000|  0%| F|  |TAMS 0x000000074ee00000| PB 0x000000074ee00000| Untracked 
| 632|0x000000074f000000, 0x000000074f000000, 0x000000074f200000|  0%| F|  |TAMS 0x000000074f000000| PB 0x000000074f000000| Untracked 
| 633|0x000000074f200000, 0x000000074f200000, 0x000000074f400000|  0%| F|  |TAMS 0x000000074f200000| PB 0x000000074f200000| Untracked 
| 634|0x000000074f400000, 0x000000074f400000, 0x000000074f600000|  0%| F|  |TAMS 0x000000074f400000| PB 0x000000074f400000| Untracked 
| 635|0x000000074f600000, 0x000000074f600000, 0x000000074f800000|  0%| F|  |TAMS 0x000000074f600000| PB 0x000000074f600000| Untracked 
| 636|0x000000074f800000, 0x000000074f800000, 0x000000074fa00000|  0%| F|  |TAMS 0x000000074f800000| PB 0x000000074f800000| Untracked 
| 637|0x000000074fa00000, 0x000000074fa00000, 0x000000074fc00000|  0%| F|  |TAMS 0x000000074fa00000| PB 0x000000074fa00000| Untracked 
| 638|0x000000074fc00000, 0x000000074fc00000, 0x000000074fe00000|  0%| F|  |TAMS 0x000000074fc00000| PB 0x000000074fc00000| Untracked 
| 639|0x000000074fe00000, 0x000000074fe00000, 0x0000000750000000|  0%| F|  |TAMS 0x000000074fe00000| PB 0x000000074fe00000| Untracked 
| 640|0x0000000750000000, 0x0000000750000000, 0x0000000750200000|  0%| F|  |TAMS 0x0000000750000000| PB 0x0000000750000000| Untracked 
| 641|0x0000000750200000, 0x0000000750200000, 0x0000000750400000|  0%| F|  |TAMS 0x0000000750200000| PB 0x0000000750200000| Untracked 
| 642|0x0000000750400000, 0x0000000750400000, 0x0000000750600000|  0%| F|  |TAMS 0x0000000750400000| PB 0x0000000750400000| Untracked 
| 643|0x0000000750600000, 0x0000000750600000, 0x0000000750800000|  0%| F|  |TAMS 0x0000000750600000| PB 0x0000000750600000| Untracked 
| 644|0x0000000750800000, 0x0000000750800000, 0x0000000750a00000|  0%| F|  |TAMS 0x0000000750800000| PB 0x0000000750800000| Untracked 
| 645|0x0000000750a00000, 0x0000000750a00000, 0x0000000750c00000|  0%| F|  |TAMS 0x0000000750a00000| PB 0x0000000750a00000| Untracked 
| 646|0x0000000750c00000, 0x0000000750c00000, 0x0000000750e00000|  0%| F|  |TAMS 0x0000000750c00000| PB 0x0000000750c00000| Untracked 
| 647|0x0000000750e00000, 0x0000000750e00000, 0x0000000751000000|  0%| F|  |TAMS 0x0000000750e00000| PB 0x0000000750e00000| Untracked 
| 648|0x0000000751000000, 0x0000000751000000, 0x0000000751200000|  0%| F|  |TAMS 0x0000000751000000| PB 0x0000000751000000| Untracked 
| 649|0x0000000751200000, 0x0000000751200000, 0x0000000751400000|  0%| F|  |TAMS 0x0000000751200000| PB 0x0000000751200000| Untracked 
| 650|0x0000000751400000, 0x0000000751400000, 0x0000000751600000|  0%| F|  |TAMS 0x0000000751400000| PB 0x0000000751400000| Untracked 
| 651|0x0000000751600000, 0x0000000751600000, 0x0000000751800000|  0%| F|  |TAMS 0x0000000751600000| PB 0x0000000751600000| Untracked 
| 652|0x0000000751800000, 0x0000000751800000, 0x0000000751a00000|  0%| F|  |TAMS 0x0000000751800000| PB 0x0000000751800000| Untracked 
| 653|0x0000000751a00000, 0x0000000751a00000, 0x0000000751c00000|  0%| F|  |TAMS 0x0000000751a00000| PB 0x0000000751a00000| Untracked 
| 654|0x0000000751c00000, 0x0000000751c00000, 0x0000000751e00000|  0%| F|  |TAMS 0x0000000751c00000| PB 0x0000000751c00000| Untracked 
| 655|0x0000000751e00000, 0x0000000751e00000, 0x0000000752000000|  0%| F|  |TAMS 0x0000000751e00000| PB 0x0000000751e00000| Untracked 
| 656|0x0000000752000000, 0x0000000752000000, 0x0000000752200000|  0%| F|  |TAMS 0x0000000752000000| PB 0x0000000752000000| Untracked 
| 657|0x0000000752200000, 0x0000000752200000, 0x0000000752400000|  0%| F|  |TAMS 0x0000000752200000| PB 0x0000000752200000| Untracked 
| 658|0x0000000752400000, 0x0000000752400000, 0x0000000752600000|  0%| F|  |TAMS 0x0000000752400000| PB 0x0000000752400000| Untracked 
| 659|0x0000000752600000, 0x0000000752600000, 0x0000000752800000|  0%| F|  |TAMS 0x0000000752600000| PB 0x0000000752600000| Untracked 
| 660|0x0000000752800000, 0x0000000752800000, 0x0000000752a00000|  0%| F|  |TAMS 0x0000000752800000| PB 0x0000000752800000| Untracked 
| 661|0x0000000752a00000, 0x0000000752a00000, 0x0000000752c00000|  0%| F|  |TAMS 0x0000000752a00000| PB 0x0000000752a00000| Untracked 
| 662|0x0000000752c00000, 0x0000000752c00000, 0x0000000752e00000|  0%| F|  |TAMS 0x0000000752c00000| PB 0x0000000752c00000| Untracked 
| 663|0x0000000752e00000, 0x0000000752e00000, 0x0000000753000000|  0%| F|  |TAMS 0x0000000752e00000| PB 0x0000000752e00000| Untracked 
| 664|0x0000000753000000, 0x0000000753000000, 0x0000000753200000|  0%| F|  |TAMS 0x0000000753000000| PB 0x0000000753000000| Untracked 
| 665|0x0000000753200000, 0x0000000753200000, 0x0000000753400000|  0%| F|  |TAMS 0x0000000753200000| PB 0x0000000753200000| Untracked 
| 666|0x0000000753400000, 0x0000000753400000, 0x0000000753600000|  0%| F|  |TAMS 0x0000000753400000| PB 0x0000000753400000| Untracked 
| 667|0x0000000753600000, 0x0000000753600000, 0x0000000753800000|  0%| F|  |TAMS 0x0000000753600000| PB 0x0000000753600000| Untracked 
| 668|0x0000000753800000, 0x0000000753800000, 0x0000000753a00000|  0%| F|  |TAMS 0x0000000753800000| PB 0x0000000753800000| Untracked 
| 669|0x0000000753a00000, 0x0000000753a00000, 0x0000000753c00000|  0%| F|  |TAMS 0x0000000753a00000| PB 0x0000000753a00000| Untracked 
| 670|0x0000000753c00000, 0x0000000753c00000, 0x0000000753e00000|  0%| F|  |TAMS 0x0000000753c00000| PB 0x0000000753c00000| Untracked 
| 671|0x0000000753e00000, 0x0000000753e00000, 0x0000000754000000|  0%| F|  |TAMS 0x0000000753e00000| PB 0x0000000753e00000| Untracked 
| 672|0x0000000754000000, 0x0000000754000000, 0x0000000754200000|  0%| F|  |TAMS 0x0000000754000000| PB 0x0000000754000000| Untracked 
| 673|0x0000000754200000, 0x0000000754200000, 0x0000000754400000|  0%| F|  |TAMS 0x0000000754200000| PB 0x0000000754200000| Untracked 
| 674|0x0000000754400000, 0x0000000754400000, 0x0000000754600000|  0%| F|  |TAMS 0x0000000754400000| PB 0x0000000754400000| Untracked 
| 675|0x0000000754600000, 0x0000000754600000, 0x0000000754800000|  0%| F|  |TAMS 0x0000000754600000| PB 0x0000000754600000| Untracked 
| 676|0x0000000754800000, 0x0000000754800000, 0x0000000754a00000|  0%| F|  |TAMS 0x0000000754800000| PB 0x0000000754800000| Untracked 
| 677|0x0000000754a00000, 0x0000000754a00000, 0x0000000754c00000|  0%| F|  |TAMS 0x0000000754a00000| PB 0x0000000754a00000| Untracked 
| 678|0x0000000754c00000, 0x0000000754c00000, 0x0000000754e00000|  0%| F|  |TAMS 0x0000000754c00000| PB 0x0000000754c00000| Untracked 
| 679|0x0000000754e00000, 0x0000000754e00000, 0x0000000755000000|  0%| F|  |TAMS 0x0000000754e00000| PB 0x0000000754e00000| Untracked 
| 680|0x0000000755000000, 0x0000000755000000, 0x0000000755200000|  0%| F|  |TAMS 0x0000000755000000| PB 0x0000000755000000| Untracked 
| 681|0x0000000755200000, 0x0000000755200000, 0x0000000755400000|  0%| F|  |TAMS 0x0000000755200000| PB 0x0000000755200000| Untracked 
| 682|0x0000000755400000, 0x0000000755400000, 0x0000000755600000|  0%| F|  |TAMS 0x0000000755400000| PB 0x0000000755400000| Untracked 
| 683|0x0000000755600000, 0x0000000755600000, 0x0000000755800000|  0%| F|  |TAMS 0x0000000755600000| PB 0x0000000755600000| Untracked 
| 684|0x0000000755800000, 0x0000000755800000, 0x0000000755a00000|  0%| F|  |TAMS 0x0000000755800000| PB 0x0000000755800000| Untracked 
| 685|0x0000000755a00000, 0x0000000755a00000, 0x0000000755c00000|  0%| F|  |TAMS 0x0000000755a00000| PB 0x0000000755a00000| Untracked 
| 686|0x0000000755c00000, 0x0000000755e00000, 0x0000000755e00000|100%| O|Cm|TAMS 0x0000000755c00000| PB 0x0000000755c00000| Complete 
| 687|0x0000000755e00000, 0x0000000755e00000, 0x0000000756000000|  0%| F|  |TAMS 0x0000000755e00000| PB 0x0000000755e00000| Untracked 
| 688|0x0000000756000000, 0x0000000756000000, 0x0000000756200000|  0%| F|  |TAMS 0x0000000756000000| PB 0x0000000756000000| Untracked 
| 689|0x0000000756200000, 0x0000000756200000, 0x0000000756400000|  0%| F|  |TAMS 0x0000000756200000| PB 0x0000000756200000| Untracked 
| 690|0x0000000756400000, 0x0000000756400000, 0x0000000756600000|  0%| F|  |TAMS 0x0000000756400000| PB 0x0000000756400000| Untracked 
| 691|0x0000000756600000, 0x0000000756600000, 0x0000000756800000|  0%| F|  |TAMS 0x0000000756600000| PB 0x0000000756600000| Untracked 
| 692|0x0000000756800000, 0x0000000756800000, 0x0000000756a00000|  0%| F|  |TAMS 0x0000000756800000| PB 0x0000000756800000| Untracked 
| 693|0x0000000756a00000, 0x0000000756a00000, 0x0000000756c00000|  0%| F|  |TAMS 0x0000000756a00000| PB 0x0000000756a00000| Untracked 
| 694|0x0000000756c00000, 0x0000000756c00000, 0x0000000756e00000|  0%| F|  |TAMS 0x0000000756c00000| PB 0x0000000756c00000| Untracked 
| 695|0x0000000756e00000, 0x0000000756e00000, 0x0000000757000000|  0%| F|  |TAMS 0x0000000756e00000| PB 0x0000000756e00000| Untracked 
| 696|0x0000000757000000, 0x0000000757000000, 0x0000000757200000|  0%| F|  |TAMS 0x0000000757000000| PB 0x0000000757000000| Untracked 
| 697|0x0000000757200000, 0x0000000757200000, 0x0000000757400000|  0%| F|  |TAMS 0x0000000757200000| PB 0x0000000757200000| Untracked 
| 698|0x0000000757400000, 0x0000000757400000, 0x0000000757600000|  0%| F|  |TAMS 0x0000000757400000| PB 0x0000000757400000| Untracked 
| 699|0x0000000757600000, 0x0000000757600000, 0x0000000757800000|  0%| F|  |TAMS 0x0000000757600000| PB 0x0000000757600000| Untracked 
| 700|0x0000000757800000, 0x0000000757800000, 0x0000000757a00000|  0%| F|  |TAMS 0x0000000757800000| PB 0x0000000757800000| Untracked 
| 701|0x0000000757a00000, 0x0000000757a00000, 0x0000000757c00000|  0%| F|  |TAMS 0x0000000757a00000| PB 0x0000000757a00000| Untracked 
| 702|0x0000000757c00000, 0x0000000757c00000, 0x0000000757e00000|  0%| F|  |TAMS 0x0000000757c00000| PB 0x0000000757c00000| Untracked 
| 703|0x0000000757e00000, 0x0000000757e00000, 0x0000000758000000|  0%| F|  |TAMS 0x0000000757e00000| PB 0x0000000757e00000| Untracked 
| 704|0x0000000758000000, 0x0000000758000000, 0x0000000758200000|  0%| F|  |TAMS 0x0000000758000000| PB 0x0000000758000000| Untracked 
| 705|0x0000000758200000, 0x0000000758200000, 0x0000000758400000|  0%| F|  |TAMS 0x0000000758200000| PB 0x0000000758200000| Untracked 
| 706|0x0000000758400000, 0x0000000758400000, 0x0000000758600000|  0%| F|  |TAMS 0x0000000758400000| PB 0x0000000758400000| Untracked 
| 707|0x0000000758600000, 0x0000000758600000, 0x0000000758800000|  0%| F|  |TAMS 0x0000000758600000| PB 0x0000000758600000| Untracked 
| 708|0x0000000758800000, 0x0000000758800000, 0x0000000758a00000|  0%| F|  |TAMS 0x0000000758800000| PB 0x0000000758800000| Untracked 
| 709|0x0000000758a00000, 0x0000000758a00000, 0x0000000758c00000|  0%| F|  |TAMS 0x0000000758a00000| PB 0x0000000758a00000| Untracked 
| 710|0x0000000758c00000, 0x0000000758c00000, 0x0000000758e00000|  0%| F|  |TAMS 0x0000000758c00000| PB 0x0000000758c00000| Untracked 
| 711|0x0000000758e00000, 0x0000000758e00000, 0x0000000759000000|  0%| F|  |TAMS 0x0000000758e00000| PB 0x0000000758e00000| Untracked 
| 712|0x0000000759000000, 0x0000000759200000, 0x0000000759200000|100%| O|  |TAMS 0x0000000759000000| PB 0x0000000759000000| Untracked 
| 713|0x0000000759200000, 0x0000000759200000, 0x0000000759400000|  0%| F|  |TAMS 0x0000000759200000| PB 0x0000000759200000| Untracked 
| 714|0x0000000759400000, 0x0000000759600000, 0x0000000759600000|100%| O|Cm|TAMS 0x0000000759400000| PB 0x0000000759400000| Complete 
| 715|0x0000000759600000, 0x0000000759600000, 0x0000000759800000|  0%| F|  |TAMS 0x0000000759600000| PB 0x0000000759600000| Untracked 
| 716|0x0000000759800000, 0x0000000759800000, 0x0000000759a00000|  0%| F|  |TAMS 0x0000000759800000| PB 0x0000000759800000| Untracked 
| 717|0x0000000759a00000, 0x0000000759a00000, 0x0000000759c00000|  0%| F|  |TAMS 0x0000000759a00000| PB 0x0000000759a00000| Untracked 
| 718|0x0000000759c00000, 0x0000000759c00000, 0x0000000759e00000|  0%| F|  |TAMS 0x0000000759c00000| PB 0x0000000759c00000| Untracked 
| 719|0x0000000759e00000, 0x0000000759e00000, 0x000000075a000000|  0%| F|  |TAMS 0x0000000759e00000| PB 0x0000000759e00000| Untracked 
| 720|0x000000075a000000, 0x000000075a200000, 0x000000075a200000|100%| O|Cm|TAMS 0x000000075a000000| PB 0x000000075a000000| Complete 
| 721|0x000000075a200000, 0x000000075a200000, 0x000000075a400000|  0%| F|  |TAMS 0x000000075a200000| PB 0x000000075a200000| Untracked 
| 722|0x000000075a400000, 0x000000075a400000, 0x000000075a600000|  0%| F|  |TAMS 0x000000075a400000| PB 0x000000075a400000| Untracked 
| 723|0x000000075a600000, 0x000000075a600000, 0x000000075a800000|  0%| F|  |TAMS 0x000000075a600000| PB 0x000000075a600000| Untracked 
| 724|0x000000075a800000, 0x000000075a800000, 0x000000075aa00000|  0%| F|  |TAMS 0x000000075a800000| PB 0x000000075a800000| Untracked 
| 725|0x000000075aa00000, 0x000000075aa00000, 0x000000075ac00000|  0%| F|  |TAMS 0x000000075aa00000| PB 0x000000075aa00000| Untracked 
| 726|0x000000075ac00000, 0x000000075ac00000, 0x000000075ae00000|  0%| F|  |TAMS 0x000000075ac00000| PB 0x000000075ac00000| Untracked 
| 727|0x000000075ae00000, 0x000000075ae00000, 0x000000075b000000|  0%| F|  |TAMS 0x000000075ae00000| PB 0x000000075ae00000| Untracked 
| 728|0x000000075b000000, 0x000000075b000000, 0x000000075b200000|  0%| F|  |TAMS 0x000000075b000000| PB 0x000000075b000000| Untracked 
| 729|0x000000075b200000, 0x000000075b200000, 0x000000075b400000|  0%| F|  |TAMS 0x000000075b200000| PB 0x000000075b200000| Untracked 
| 730|0x000000075b400000, 0x000000075b400000, 0x000000075b600000|  0%| F|  |TAMS 0x000000075b400000| PB 0x000000075b400000| Untracked 
| 731|0x000000075b600000, 0x000000075b600000, 0x000000075b800000|  0%| F|  |TAMS 0x000000075b600000| PB 0x000000075b600000| Untracked 
| 732|0x000000075b800000, 0x000000075b800000, 0x000000075ba00000|  0%| F|  |TAMS 0x000000075b800000| PB 0x000000075b800000| Untracked 
| 733|0x000000075ba00000, 0x000000075ba00000, 0x000000075bc00000|  0%| F|  |TAMS 0x000000075ba00000| PB 0x000000075ba00000| Untracked 
| 734|0x000000075bc00000, 0x000000075bc00000, 0x000000075be00000|  0%| F|  |TAMS 0x000000075bc00000| PB 0x000000075bc00000| Untracked 
| 735|0x000000075be00000, 0x000000075be00000, 0x000000075c000000|  0%| F|  |TAMS 0x000000075be00000| PB 0x000000075be00000| Untracked 
| 736|0x000000075c000000, 0x000000075c000000, 0x000000075c200000|  0%| F|  |TAMS 0x000000075c000000| PB 0x000000075c000000| Untracked 
| 737|0x000000075c200000, 0x000000075c200000, 0x000000075c400000|  0%| F|  |TAMS 0x000000075c200000| PB 0x000000075c200000| Untracked 
| 738|0x000000075c400000, 0x000000075c400000, 0x000000075c600000|  0%| F|  |TAMS 0x000000075c400000| PB 0x000000075c400000| Untracked 
| 739|0x000000075c600000, 0x000000075c600000, 0x000000075c800000|  0%| F|  |TAMS 0x000000075c600000| PB 0x000000075c600000| Untracked 
| 740|0x000000075c800000, 0x000000075c800000, 0x000000075ca00000|  0%| F|  |TAMS 0x000000075c800000| PB 0x000000075c800000| Untracked 
| 741|0x000000075ca00000, 0x000000075ca00000, 0x000000075cc00000|  0%| F|  |TAMS 0x000000075ca00000| PB 0x000000075ca00000| Untracked 
| 742|0x000000075cc00000, 0x000000075cc00000, 0x000000075ce00000|  0%| F|  |TAMS 0x000000075cc00000| PB 0x000000075cc00000| Untracked 
| 743|0x000000075ce00000, 0x000000075ce00000, 0x000000075d000000|  0%| F|  |TAMS 0x000000075ce00000| PB 0x000000075ce00000| Untracked 
| 744|0x000000075d000000, 0x000000075d200000, 0x000000075d200000|100%| O|  |TAMS 0x000000075d000000| PB 0x000000075d000000| Untracked 
| 745|0x000000075d200000, 0x000000075d200000, 0x000000075d400000|  0%| F|  |TAMS 0x000000075d200000| PB 0x000000075d200000| Untracked 
| 746|0x000000075d400000, 0x000000075d400000, 0x000000075d600000|  0%| F|  |TAMS 0x000000075d400000| PB 0x000000075d400000| Untracked 
| 747|0x000000075d600000, 0x000000075d600000, 0x000000075d800000|  0%| F|  |TAMS 0x000000075d600000| PB 0x000000075d600000| Untracked 
| 748|0x000000075d800000, 0x000000075d800000, 0x000000075da00000|  0%| F|  |TAMS 0x000000075d800000| PB 0x000000075d800000| Untracked 
| 749|0x000000075da00000, 0x000000075da00000, 0x000000075dc00000|  0%| F|  |TAMS 0x000000075da00000| PB 0x000000075da00000| Untracked 
| 750|0x000000075dc00000, 0x000000075dc00000, 0x000000075de00000|  0%| F|  |TAMS 0x000000075dc00000| PB 0x000000075dc00000| Untracked 
| 751|0x000000075de00000, 0x000000075de00000, 0x000000075e000000|  0%| F|  |TAMS 0x000000075de00000| PB 0x000000075de00000| Untracked 
| 752|0x000000075e000000, 0x000000075e000000, 0x000000075e200000|  0%| F|  |TAMS 0x000000075e000000| PB 0x000000075e000000| Untracked 
| 753|0x000000075e200000, 0x000000075e200000, 0x000000075e400000|  0%| F|  |TAMS 0x000000075e200000| PB 0x000000075e200000| Untracked 
| 754|0x000000075e400000, 0x000000075e400000, 0x000000075e600000|  0%| F|  |TAMS 0x000000075e400000| PB 0x000000075e400000| Untracked 
| 755|0x000000075e600000, 0x000000075e600000, 0x000000075e800000|  0%| F|  |TAMS 0x000000075e600000| PB 0x000000075e600000| Untracked 
| 756|0x000000075e800000, 0x000000075e800000, 0x000000075ea00000|  0%| F|  |TAMS 0x000000075e800000| PB 0x000000075e800000| Untracked 
| 757|0x000000075ea00000, 0x000000075ea00000, 0x000000075ec00000|  0%| F|  |TAMS 0x000000075ea00000| PB 0x000000075ea00000| Untracked 
| 758|0x000000075ec00000, 0x000000075ec00000, 0x000000075ee00000|  0%| F|  |TAMS 0x000000075ec00000| PB 0x000000075ec00000| Untracked 
| 759|0x000000075ee00000, 0x000000075f000000, 0x000000075f000000|100%| O|  |TAMS 0x000000075ee00000| PB 0x000000075ee00000| Untracked 
| 760|0x000000075f000000, 0x000000075f200000, 0x000000075f200000|100%| O|  |TAMS 0x000000075f000000| PB 0x000000075f000000| Untracked 
| 761|0x000000075f200000, 0x000000075f400000, 0x000000075f400000|100%| O|Cm|TAMS 0x000000075f200000| PB 0x000000075f200000| Complete 
| 762|0x000000075f400000, 0x000000075f400000, 0x000000075f600000|  0%| F|  |TAMS 0x000000075f400000| PB 0x000000075f400000| Untracked 
| 763|0x000000075f600000, 0x000000075f800000, 0x000000075f800000|100%| O|Cm|TAMS 0x000000075f600000| PB 0x000000075f600000| Complete 
| 764|0x000000075f800000, 0x000000075f800000, 0x000000075fa00000|  0%| F|  |TAMS 0x000000075f800000| PB 0x000000075f800000| Untracked 
| 765|0x000000075fa00000, 0x000000075fc00000, 0x000000075fc00000|100%| O|  |TAMS 0x000000075fa00000| PB 0x000000075fa00000| Untracked 
| 766|0x000000075fc00000, 0x000000075fc00000, 0x000000075fe00000|  0%| F|  |TAMS 0x000000075fc00000| PB 0x000000075fc00000| Untracked 
| 767|0x000000075fe00000, 0x000000075fe00000, 0x0000000760000000|  0%| F|  |TAMS 0x000000075fe00000| PB 0x000000075fe00000| Untracked 
| 768|0x0000000760000000, 0x0000000760000000, 0x0000000760200000|  0%| F|  |TAMS 0x0000000760000000| PB 0x0000000760000000| Untracked 
| 769|0x0000000760200000, 0x0000000760400000, 0x0000000760400000|100%| O|  |TAMS 0x0000000760200000| PB 0x0000000760200000| Untracked 
| 770|0x0000000760400000, 0x0000000760400000, 0x0000000760600000|  0%| F|  |TAMS 0x0000000760400000| PB 0x0000000760400000| Untracked 
| 771|0x0000000760600000, 0x0000000760600000, 0x0000000760800000|  0%| F|  |TAMS 0x0000000760600000| PB 0x0000000760600000| Untracked 
| 772|0x0000000760800000, 0x0000000760800000, 0x0000000760a00000|  0%| F|  |TAMS 0x0000000760800000| PB 0x0000000760800000| Untracked 
| 773|0x0000000760a00000, 0x0000000760a00000, 0x0000000760c00000|  0%| F|  |TAMS 0x0000000760a00000| PB 0x0000000760a00000| Untracked 
| 774|0x0000000760c00000, 0x0000000760c00000, 0x0000000760e00000|  0%| F|  |TAMS 0x0000000760c00000| PB 0x0000000760c00000| Untracked 
| 775|0x0000000760e00000, 0x0000000761000000, 0x0000000761000000|100%| O|  |TAMS 0x0000000760e00000| PB 0x0000000760e00000| Untracked 
| 776|0x0000000761000000, 0x0000000761000000, 0x0000000761200000|  0%| F|  |TAMS 0x0000000761000000| PB 0x0000000761000000| Untracked 
| 777|0x0000000761200000, 0x0000000761200000, 0x0000000761400000|  0%| F|  |TAMS 0x0000000761200000| PB 0x0000000761200000| Untracked 
| 778|0x0000000761400000, 0x0000000761600000, 0x0000000761600000|100%| O|  |TAMS 0x0000000761400000| PB 0x0000000761400000| Untracked 
| 779|0x0000000761600000, 0x0000000761800000, 0x0000000761800000|100%| O|Cm|TAMS 0x0000000761600000| PB 0x0000000761600000| Complete 
| 780|0x0000000761800000, 0x0000000761a00000, 0x0000000761a00000|100%| O|  |TAMS 0x0000000761800000| PB 0x0000000761800000| Untracked 
| 781|0x0000000761a00000, 0x0000000761c00000, 0x0000000761c00000|100%| O|Cm|TAMS 0x0000000761a00000| PB 0x0000000761a00000| Complete 
| 782|0x0000000761c00000, 0x0000000761c00000, 0x0000000761e00000|  0%| F|  |TAMS 0x0000000761c00000| PB 0x0000000761c00000| Untracked 
| 783|0x0000000761e00000, 0x0000000761e00000, 0x0000000762000000|  0%| F|  |TAMS 0x0000000761e00000| PB 0x0000000761e00000| Untracked 
| 784|0x0000000762000000, 0x0000000762000000, 0x0000000762200000|  0%| F|  |TAMS 0x0000000762000000| PB 0x0000000762000000| Untracked 
| 785|0x0000000762200000, 0x0000000762200000, 0x0000000762400000|  0%| F|  |TAMS 0x0000000762200000| PB 0x0000000762200000| Untracked 
| 786|0x0000000762400000, 0x0000000762400000, 0x0000000762600000|  0%| F|  |TAMS 0x0000000762400000| PB 0x0000000762400000| Untracked 
| 787|0x0000000762600000, 0x0000000762800000, 0x0000000762800000|100%| O|Cm|TAMS 0x0000000762600000| PB 0x0000000762600000| Complete 
| 788|0x0000000762800000, 0x0000000762800000, 0x0000000762a00000|  0%| F|  |TAMS 0x0000000762800000| PB 0x0000000762800000| Untracked 
| 789|0x0000000762a00000, 0x0000000762a00000, 0x0000000762c00000|  0%| F|  |TAMS 0x0000000762a00000| PB 0x0000000762a00000| Untracked 
| 790|0x0000000762c00000, 0x0000000762c00000, 0x0000000762e00000|  0%| F|  |TAMS 0x0000000762c00000| PB 0x0000000762c00000| Untracked 
| 791|0x0000000762e00000, 0x0000000763000000, 0x0000000763000000|100%| O|  |TAMS 0x0000000762e00000| PB 0x0000000762e00000| Untracked 
| 792|0x0000000763000000, 0x0000000763000000, 0x0000000763200000|  0%| F|  |TAMS 0x0000000763000000| PB 0x0000000763000000| Untracked 
| 793|0x0000000763200000, 0x0000000763200000, 0x0000000763400000|  0%| F|  |TAMS 0x0000000763200000| PB 0x0000000763200000| Untracked 
| 794|0x0000000763400000, 0x0000000763400000, 0x0000000763600000|  0%| F|  |TAMS 0x0000000763400000| PB 0x0000000763400000| Untracked 
| 795|0x0000000763600000, 0x0000000763600000, 0x0000000763800000|  0%| F|  |TAMS 0x0000000763600000| PB 0x0000000763600000| Untracked 
| 796|0x0000000763800000, 0x0000000763800000, 0x0000000763a00000|  0%| F|  |TAMS 0x0000000763800000| PB 0x0000000763800000| Untracked 
| 797|0x0000000763a00000, 0x0000000763c00000, 0x0000000763c00000|100%| O|Cm|TAMS 0x0000000763a00000| PB 0x0000000763a00000| Complete 
| 798|0x0000000763c00000, 0x0000000763c00000, 0x0000000763e00000|  0%| F|  |TAMS 0x0000000763c00000| PB 0x0000000763c00000| Untracked 
| 799|0x0000000763e00000, 0x0000000763e00000, 0x0000000764000000|  0%| F|  |TAMS 0x0000000763e00000| PB 0x0000000763e00000| Untracked 
| 800|0x0000000764000000, 0x0000000764200000, 0x0000000764200000|100%| O|Cm|TAMS 0x0000000764000000| PB 0x0000000764000000| Complete 
| 801|0x0000000764200000, 0x0000000764400000, 0x0000000764400000|100%| O|Cm|TAMS 0x0000000764200000| PB 0x0000000764200000| Complete 
| 802|0x0000000764400000, 0x0000000764600000, 0x0000000764600000|100%| O|  |TAMS 0x0000000764400000| PB 0x0000000764400000| Untracked 
| 803|0x0000000764600000, 0x0000000764800000, 0x0000000764800000|100%| O|Cm|TAMS 0x0000000764600000| PB 0x0000000764600000| Complete 
| 804|0x0000000764800000, 0x0000000764800000, 0x0000000764a00000|  0%| F|  |TAMS 0x0000000764800000| PB 0x0000000764800000| Untracked 
| 805|0x0000000764a00000, 0x0000000764a00000, 0x0000000764c00000|  0%| F|  |TAMS 0x0000000764a00000| PB 0x0000000764a00000| Untracked 
| 806|0x0000000764c00000, 0x0000000764c00000, 0x0000000764e00000|  0%| F|  |TAMS 0x0000000764c00000| PB 0x0000000764c00000| Untracked 
| 807|0x0000000764e00000, 0x0000000764e00000, 0x0000000765000000|  0%| F|  |TAMS 0x0000000764e00000| PB 0x0000000764e00000| Untracked 
| 808|0x0000000765000000, 0x0000000765200000, 0x0000000765200000|100%| O|  |TAMS 0x0000000765000000| PB 0x0000000765000000| Untracked 
| 809|0x0000000765200000, 0x0000000765200000, 0x0000000765400000|  0%| F|  |TAMS 0x0000000765200000| PB 0x0000000765200000| Untracked 
| 810|0x0000000765400000, 0x0000000765400000, 0x0000000765600000|  0%| F|  |TAMS 0x0000000765400000| PB 0x0000000765400000| Untracked 
| 811|0x0000000765600000, 0x0000000765600000, 0x0000000765800000|  0%| F|  |TAMS 0x0000000765600000| PB 0x0000000765600000| Untracked 
| 812|0x0000000765800000, 0x0000000765800000, 0x0000000765a00000|  0%| F|  |TAMS 0x0000000765800000| PB 0x0000000765800000| Untracked 
| 813|0x0000000765a00000, 0x0000000765a00000, 0x0000000765c00000|  0%| F|  |TAMS 0x0000000765a00000| PB 0x0000000765a00000| Untracked 
| 814|0x0000000765c00000, 0x0000000765c00000, 0x0000000765e00000|  0%| F|  |TAMS 0x0000000765c00000| PB 0x0000000765c00000| Untracked 
| 815|0x0000000765e00000, 0x0000000765e00000, 0x0000000766000000|  0%| F|  |TAMS 0x0000000765e00000| PB 0x0000000765e00000| Untracked 
| 816|0x0000000766000000, 0x0000000766000000, 0x0000000766200000|  0%| F|  |TAMS 0x0000000766000000| PB 0x0000000766000000| Untracked 
| 817|0x0000000766200000, 0x0000000766200000, 0x0000000766400000|  0%| F|  |TAMS 0x0000000766200000| PB 0x0000000766200000| Untracked 
| 818|0x0000000766400000, 0x0000000766600000, 0x0000000766600000|100%| O|  |TAMS 0x0000000766400000| PB 0x0000000766400000| Untracked 
| 819|0x0000000766600000, 0x0000000766800000, 0x0000000766800000|100%| O|Cm|TAMS 0x0000000766600000| PB 0x0000000766600000| Complete 
| 820|0x0000000766800000, 0x0000000766800000, 0x0000000766a00000|  0%| F|  |TAMS 0x0000000766800000| PB 0x0000000766800000| Untracked 
| 821|0x0000000766a00000, 0x0000000766a00000, 0x0000000766c00000|  0%| F|  |TAMS 0x0000000766a00000| PB 0x0000000766a00000| Untracked 
| 822|0x0000000766c00000, 0x0000000766c00000, 0x0000000766e00000|  0%| F|  |TAMS 0x0000000766c00000| PB 0x0000000766c00000| Untracked 
| 823|0x0000000766e00000, 0x0000000766e00000, 0x0000000767000000|  0%| F|  |TAMS 0x0000000766e00000| PB 0x0000000766e00000| Untracked 
| 824|0x0000000767000000, 0x0000000767000000, 0x0000000767200000|  0%| F|  |TAMS 0x0000000767000000| PB 0x0000000767000000| Untracked 
| 825|0x0000000767200000, 0x0000000767400000, 0x0000000767400000|100%| O|  |TAMS 0x0000000767200000| PB 0x0000000767200000| Untracked 
| 826|0x0000000767400000, 0x0000000767400000, 0x0000000767600000|  0%| F|  |TAMS 0x0000000767400000| PB 0x0000000767400000| Untracked 
| 827|0x0000000767600000, 0x0000000767600000, 0x0000000767800000|  0%| F|  |TAMS 0x0000000767600000| PB 0x0000000767600000| Untracked 
| 828|0x0000000767800000, 0x0000000767800000, 0x0000000767a00000|  0%| F|  |TAMS 0x0000000767800000| PB 0x0000000767800000| Untracked 
| 829|0x0000000767a00000, 0x0000000767c00000, 0x0000000767c00000|100%| O|  |TAMS 0x0000000767a00000| PB 0x0000000767a00000| Untracked 
| 830|0x0000000767c00000, 0x0000000767e00000, 0x0000000767e00000|100%| O|  |TAMS 0x0000000767c00000| PB 0x0000000767c00000| Untracked 
| 831|0x0000000767e00000, 0x0000000768000000, 0x0000000768000000|100%| O|Cm|TAMS 0x0000000767e00000| PB 0x0000000767e00000| Complete 
| 832|0x0000000768000000, 0x0000000768000000, 0x0000000768200000|  0%| F|  |TAMS 0x0000000768000000| PB 0x0000000768000000| Untracked 
| 833|0x0000000768200000, 0x0000000768200000, 0x0000000768400000|  0%| F|  |TAMS 0x0000000768200000| PB 0x0000000768200000| Untracked 
| 834|0x0000000768400000, 0x0000000768400000, 0x0000000768600000|  0%| F|  |TAMS 0x0000000768400000| PB 0x0000000768400000| Untracked 
| 835|0x0000000768600000, 0x0000000768800000, 0x0000000768800000|100%| O|  |TAMS 0x0000000768600000| PB 0x0000000768600000| Untracked 
| 836|0x0000000768800000, 0x0000000768800000, 0x0000000768a00000|  0%| F|  |TAMS 0x0000000768800000| PB 0x0000000768800000| Untracked 
| 837|0x0000000768a00000, 0x0000000768a00000, 0x0000000768c00000|  0%| F|  |TAMS 0x0000000768a00000| PB 0x0000000768a00000| Untracked 
| 838|0x0000000768c00000, 0x0000000768c00000, 0x0000000768e00000|  0%| F|  |TAMS 0x0000000768c00000| PB 0x0000000768c00000| Untracked 
| 839|0x0000000768e00000, 0x0000000768e00000, 0x0000000769000000|  0%| F|  |TAMS 0x0000000768e00000| PB 0x0000000768e00000| Untracked 
| 840|0x0000000769000000, 0x0000000769000000, 0x0000000769200000|  0%| F|  |TAMS 0x0000000769000000| PB 0x0000000769000000| Untracked 
| 841|0x0000000769200000, 0x0000000769200000, 0x0000000769400000|  0%| F|  |TAMS 0x0000000769200000| PB 0x0000000769200000| Untracked 
| 842|0x0000000769400000, 0x0000000769400000, 0x0000000769600000|  0%| F|  |TAMS 0x0000000769400000| PB 0x0000000769400000| Untracked 
| 843|0x0000000769600000, 0x0000000769600000, 0x0000000769800000|  0%| F|  |TAMS 0x0000000769600000| PB 0x0000000769600000| Untracked 
| 844|0x0000000769800000, 0x0000000769a00000, 0x0000000769a00000|100%| O|Cm|TAMS 0x0000000769800000| PB 0x0000000769800000| Complete 
| 845|0x0000000769a00000, 0x0000000769c00000, 0x0000000769c00000|100%| O|Cm|TAMS 0x0000000769a00000| PB 0x0000000769a00000| Complete 
| 846|0x0000000769c00000, 0x0000000769c00000, 0x0000000769e00000|  0%| F|  |TAMS 0x0000000769c00000| PB 0x0000000769c00000| Untracked 
| 847|0x0000000769e00000, 0x0000000769e00000, 0x000000076a000000|  0%| F|  |TAMS 0x0000000769e00000| PB 0x0000000769e00000| Untracked 
| 848|0x000000076a000000, 0x000000076a000000, 0x000000076a200000|  0%| F|  |TAMS 0x000000076a000000| PB 0x000000076a000000| Untracked 
| 849|0x000000076a200000, 0x000000076a200000, 0x000000076a400000|  0%| F|  |TAMS 0x000000076a200000| PB 0x000000076a200000| Untracked 
| 850|0x000000076a400000, 0x000000076a400000, 0x000000076a600000|  0%| F|  |TAMS 0x000000076a400000| PB 0x000000076a400000| Untracked 
| 851|0x000000076a600000, 0x000000076a600000, 0x000000076a800000|  0%| F|  |TAMS 0x000000076a600000| PB 0x000000076a600000| Untracked 
| 852|0x000000076a800000, 0x000000076a800000, 0x000000076aa00000|  0%| F|  |TAMS 0x000000076a800000| PB 0x000000076a800000| Untracked 
| 853|0x000000076aa00000, 0x000000076aa00000, 0x000000076ac00000|  0%| F|  |TAMS 0x000000076aa00000| PB 0x000000076aa00000| Untracked 
| 854|0x000000076ac00000, 0x000000076ae00000, 0x000000076ae00000|100%| O|Cm|TAMS 0x000000076ac00000| PB 0x000000076ac00000| Complete 
| 855|0x000000076ae00000, 0x000000076ae00000, 0x000000076b000000|  0%| F|  |TAMS 0x000000076ae00000| PB 0x000000076ae00000| Untracked 
| 856|0x000000076b000000, 0x000000076b000000, 0x000000076b200000|  0%| F|  |TAMS 0x000000076b000000| PB 0x000000076b000000| Untracked 
| 857|0x000000076b200000, 0x000000076b200000, 0x000000076b400000|  0%| F|  |TAMS 0x000000076b200000| PB 0x000000076b200000| Untracked 
| 858|0x000000076b400000, 0x000000076b600000, 0x000000076b600000|100%| O|  |TAMS 0x000000076b400000| PB 0x000000076b400000| Untracked 
| 859|0x000000076b600000, 0x000000076b600000, 0x000000076b800000|  0%| F|  |TAMS 0x000000076b600000| PB 0x000000076b600000| Untracked 
| 860|0x000000076b800000, 0x000000076ba00000, 0x000000076ba00000|100%| O|  |TAMS 0x000000076b800000| PB 0x000000076b800000| Untracked 
| 861|0x000000076ba00000, 0x000000076bc00000, 0x000000076bc00000|100%| O|  |TAMS 0x000000076ba00000| PB 0x000000076ba00000| Untracked 
| 862|0x000000076bc00000, 0x000000076be00000, 0x000000076be00000|100%| O|  |TAMS 0x000000076bc00000| PB 0x000000076bc00000| Untracked 
| 863|0x000000076be00000, 0x000000076c000000, 0x000000076c000000|100%| O|  |TAMS 0x000000076be00000| PB 0x000000076be00000| Untracked 
| 864|0x000000076c000000, 0x000000076c200000, 0x000000076c200000|100%| O|  |TAMS 0x000000076c000000| PB 0x000000076c000000| Untracked 
| 865|0x000000076c200000, 0x000000076c400000, 0x000000076c400000|100%| O|  |TAMS 0x000000076c200000| PB 0x000000076c200000| Untracked 
| 866|0x000000076c400000, 0x000000076c600000, 0x000000076c600000|100%| O|  |TAMS 0x000000076c400000| PB 0x000000076c400000| Untracked 
| 867|0x000000076c600000, 0x000000076c800000, 0x000000076c800000|100%| O|  |TAMS 0x000000076c600000| PB 0x000000076c600000| Untracked 
| 868|0x000000076c800000, 0x000000076ca00000, 0x000000076ca00000|100%| O|  |TAMS 0x000000076c800000| PB 0x000000076c800000| Untracked 
| 869|0x000000076ca00000, 0x000000076cc00000, 0x000000076cc00000|100%| O|  |TAMS 0x000000076ca00000| PB 0x000000076ca00000| Untracked 
| 870|0x000000076cc00000, 0x000000076ce00000, 0x000000076ce00000|100%| O|  |TAMS 0x000000076cc00000| PB 0x000000076cc00000| Untracked 
| 871|0x000000076ce00000, 0x000000076d000000, 0x000000076d000000|100%| O|  |TAMS 0x000000076ce00000| PB 0x000000076ce00000| Untracked 
| 872|0x000000076d000000, 0x000000076d200000, 0x000000076d200000|100%| O|  |TAMS 0x000000076d000000| PB 0x000000076d000000| Untracked 
| 873|0x000000076d200000, 0x000000076d400000, 0x000000076d400000|100%| O|  |TAMS 0x000000076d200000| PB 0x000000076d200000| Untracked 
| 874|0x000000076d400000, 0x000000076d600000, 0x000000076d600000|100%| O|  |TAMS 0x000000076d400000| PB 0x000000076d400000| Untracked 
| 875|0x000000076d600000, 0x000000076d800000, 0x000000076d800000|100%| O|  |TAMS 0x000000076d600000| PB 0x000000076d600000| Untracked 
| 876|0x000000076d800000, 0x000000076d800000, 0x000000076da00000|  0%| F|  |TAMS 0x000000076d800000| PB 0x000000076d800000| Untracked 
| 877|0x000000076da00000, 0x000000076da00000, 0x000000076dc00000|  0%| F|  |TAMS 0x000000076da00000| PB 0x000000076da00000| Untracked 
| 878|0x000000076dc00000, 0x000000076dc00000, 0x000000076de00000|  0%| F|  |TAMS 0x000000076dc00000| PB 0x000000076dc00000| Untracked 
| 879|0x000000076de00000, 0x000000076de00000, 0x000000076e000000|  0%| F|  |TAMS 0x000000076de00000| PB 0x000000076de00000| Untracked 
| 880|0x000000076e000000, 0x000000076e000000, 0x000000076e200000|  0%| F|  |TAMS 0x000000076e000000| PB 0x000000076e000000| Untracked 
| 881|0x000000076e200000, 0x000000076e200000, 0x000000076e400000|  0%| F|  |TAMS 0x000000076e200000| PB 0x000000076e200000| Untracked 
| 882|0x000000076e400000, 0x000000076e400000, 0x000000076e600000|  0%| F|  |TAMS 0x000000076e400000| PB 0x000000076e400000| Untracked 
| 883|0x000000076e600000, 0x000000076e800000, 0x000000076e800000|100%| O|  |TAMS 0x000000076e600000| PB 0x000000076e600000| Untracked 
| 884|0x000000076e800000, 0x000000076ea00000, 0x000000076ea00000|100%| O|  |TAMS 0x000000076e800000| PB 0x000000076e800000| Untracked 
| 885|0x000000076ea00000, 0x000000076ec00000, 0x000000076ec00000|100%| O|  |TAMS 0x000000076ea00000| PB 0x000000076ea00000| Untracked 
| 886|0x000000076ec00000, 0x000000076ee00000, 0x000000076ee00000|100%| O|  |TAMS 0x000000076ec00000| PB 0x000000076ec00000| Untracked 
| 887|0x000000076ee00000, 0x000000076f000000, 0x000000076f000000|100%| O|  |TAMS 0x000000076ee00000| PB 0x000000076ee00000| Untracked 
| 888|0x000000076f000000, 0x000000076f200000, 0x000000076f200000|100%| O|  |TAMS 0x000000076f000000| PB 0x000000076f000000| Untracked 
| 889|0x000000076f200000, 0x000000076f400000, 0x000000076f400000|100%| O|  |TAMS 0x000000076f200000| PB 0x000000076f200000| Untracked 
| 890|0x000000076f400000, 0x000000076f600000, 0x000000076f600000|100%| O|  |TAMS 0x000000076f400000| PB 0x000000076f400000| Untracked 
| 891|0x000000076f600000, 0x000000076f800000, 0x000000076f800000|100%| O|  |TAMS 0x000000076f600000| PB 0x000000076f600000| Untracked 
| 892|0x000000076f800000, 0x000000076fa00000, 0x000000076fa00000|100%| O|  |TAMS 0x000000076f800000| PB 0x000000076f800000| Untracked 
| 893|0x000000076fa00000, 0x000000076fa00000, 0x000000076fc00000|  0%| F|  |TAMS 0x000000076fa00000| PB 0x000000076fa00000| Untracked 
| 894|0x000000076fc00000, 0x000000076fc00000, 0x000000076fe00000|  0%| F|  |TAMS 0x000000076fc00000| PB 0x000000076fc00000| Untracked 
| 895|0x000000076fe00000, 0x000000076fe00000, 0x0000000770000000|  0%| F|  |TAMS 0x000000076fe00000| PB 0x000000076fe00000| Untracked 
| 896|0x0000000770000000, 0x0000000770200000, 0x0000000770200000|100%| O|  |TAMS 0x0000000770000000| PB 0x0000000770000000| Untracked 
| 897|0x0000000770200000, 0x0000000770400000, 0x0000000770400000|100%| O|  |TAMS 0x0000000770200000| PB 0x0000000770200000| Untracked 
| 898|0x0000000770400000, 0x0000000770600000, 0x0000000770600000|100%| O|  |TAMS 0x0000000770400000| PB 0x0000000770400000| Untracked 
| 899|0x0000000770600000, 0x0000000770800000, 0x0000000770800000|100%| O|  |TAMS 0x0000000770600000| PB 0x0000000770600000| Untracked 
| 900|0x0000000770800000, 0x0000000770a00000, 0x0000000770a00000|100%| O|  |TAMS 0x0000000770800000| PB 0x0000000770800000| Untracked 
| 901|0x0000000770a00000, 0x0000000770c00000, 0x0000000770c00000|100%| O|  |TAMS 0x0000000770a00000| PB 0x0000000770a00000| Untracked 
| 902|0x0000000770c00000, 0x0000000770e00000, 0x0000000770e00000|100%| O|  |TAMS 0x0000000770c00000| PB 0x0000000770c00000| Untracked 
| 903|0x0000000770e00000, 0x0000000771000000, 0x0000000771000000|100%| O|  |TAMS 0x0000000770e00000| PB 0x0000000770e00000| Untracked 
| 904|0x0000000771000000, 0x0000000771200000, 0x0000000771200000|100%| O|  |TAMS 0x0000000771000000| PB 0x0000000771000000| Untracked 
| 905|0x0000000771200000, 0x0000000771400000, 0x0000000771400000|100%| O|  |TAMS 0x0000000771200000| PB 0x0000000771200000| Untracked 
| 906|0x0000000771400000, 0x0000000771600000, 0x0000000771600000|100%| O|  |TAMS 0x0000000771400000| PB 0x0000000771400000| Untracked 
| 907|0x0000000771600000, 0x0000000771800000, 0x0000000771800000|100%| O|  |TAMS 0x0000000771600000| PB 0x0000000771600000| Untracked 
| 908|0x0000000771800000, 0x0000000771a00000, 0x0000000771a00000|100%| O|  |TAMS 0x0000000771800000| PB 0x0000000771800000| Untracked 
| 909|0x0000000771a00000, 0x0000000771c00000, 0x0000000771c00000|100%| O|  |TAMS 0x0000000771a00000| PB 0x0000000771a00000| Untracked 
| 910|0x0000000771c00000, 0x0000000771e00000, 0x0000000771e00000|100%| O|  |TAMS 0x0000000771c00000| PB 0x0000000771c00000| Untracked 
| 911|0x0000000771e00000, 0x0000000772000000, 0x0000000772000000|100%| O|  |TAMS 0x0000000771e00000| PB 0x0000000771e00000| Untracked 
| 912|0x0000000772000000, 0x0000000772200000, 0x0000000772200000|100%| O|  |TAMS 0x0000000772000000| PB 0x0000000772000000| Untracked 
| 913|0x0000000772200000, 0x0000000772400000, 0x0000000772400000|100%| O|  |TAMS 0x0000000772200000| PB 0x0000000772200000| Untracked 
| 914|0x0000000772400000, 0x0000000772600000, 0x0000000772600000|100%| O|  |TAMS 0x0000000772400000| PB 0x0000000772400000| Untracked 
| 915|0x0000000772600000, 0x0000000772800000, 0x0000000772800000|100%| O|  |TAMS 0x0000000772600000| PB 0x0000000772600000| Untracked 
| 916|0x0000000772800000, 0x0000000772a00000, 0x0000000772a00000|100%| O|  |TAMS 0x0000000772800000| PB 0x0000000772800000| Untracked 
| 917|0x0000000772a00000, 0x0000000772c00000, 0x0000000772c00000|100%| O|  |TAMS 0x0000000772a00000| PB 0x0000000772a00000| Untracked 
| 918|0x0000000772c00000, 0x0000000772e00000, 0x0000000772e00000|100%| O|  |TAMS 0x0000000772c00000| PB 0x0000000772c00000| Untracked 
| 919|0x0000000772e00000, 0x0000000773000000, 0x0000000773000000|100%| O|  |TAMS 0x0000000772e00000| PB 0x0000000772e00000| Untracked 
| 920|0x0000000773000000, 0x0000000773200000, 0x0000000773200000|100%| O|  |TAMS 0x0000000773000000| PB 0x0000000773000000| Untracked 
| 921|0x0000000773200000, 0x0000000773400000, 0x0000000773400000|100%| O|  |TAMS 0x0000000773200000| PB 0x0000000773200000| Untracked 
| 922|0x0000000773400000, 0x0000000773600000, 0x0000000773600000|100%| O|  |TAMS 0x0000000773400000| PB 0x0000000773400000| Untracked 
| 923|0x0000000773600000, 0x0000000773800000, 0x0000000773800000|100%| O|  |TAMS 0x0000000773600000| PB 0x0000000773600000| Untracked 
| 924|0x0000000773800000, 0x0000000773a00000, 0x0000000773a00000|100%| O|  |TAMS 0x0000000773800000| PB 0x0000000773800000| Untracked 
| 925|0x0000000773a00000, 0x0000000773c00000, 0x0000000773c00000|100%| O|  |TAMS 0x0000000773a00000| PB 0x0000000773a00000| Untracked 
| 926|0x0000000773c00000, 0x0000000773e00000, 0x0000000773e00000|100%| O|  |TAMS 0x0000000773c00000| PB 0x0000000773c00000| Untracked 
| 927|0x0000000773e00000, 0x0000000774000000, 0x0000000774000000|100%| O|  |TAMS 0x0000000773e00000| PB 0x0000000773e00000| Untracked 
| 928|0x0000000774000000, 0x0000000774200000, 0x0000000774200000|100%| O|  |TAMS 0x0000000774000000| PB 0x0000000774000000| Untracked 
| 929|0x0000000774200000, 0x0000000774400000, 0x0000000774400000|100%| O|  |TAMS 0x0000000774200000| PB 0x0000000774200000| Untracked 
| 930|0x0000000774400000, 0x0000000774600000, 0x0000000774600000|100%| O|  |TAMS 0x0000000774400000| PB 0x0000000774400000| Untracked 
| 931|0x0000000774600000, 0x0000000774800000, 0x0000000774800000|100%| O|  |TAMS 0x0000000774600000| PB 0x0000000774600000| Untracked 
| 932|0x0000000774800000, 0x0000000774a00000, 0x0000000774a00000|100%| O|  |TAMS 0x0000000774800000| PB 0x0000000774800000| Untracked 
| 933|0x0000000774a00000, 0x0000000774c00000, 0x0000000774c00000|100%| O|  |TAMS 0x0000000774a00000| PB 0x0000000774a00000| Untracked 
| 934|0x0000000774c00000, 0x0000000774e00000, 0x0000000774e00000|100%| O|  |TAMS 0x0000000774c00000| PB 0x0000000774c00000| Untracked 
| 935|0x0000000774e00000, 0x0000000775000000, 0x0000000775000000|100%| O|  |TAMS 0x0000000774e00000| PB 0x0000000774e00000| Untracked 
| 936|0x0000000775000000, 0x0000000775200000, 0x0000000775200000|100%| O|  |TAMS 0x0000000775000000| PB 0x0000000775000000| Untracked 
| 937|0x0000000775200000, 0x0000000775400000, 0x0000000775400000|100%| O|  |TAMS 0x0000000775200000| PB 0x0000000775200000| Untracked 
| 938|0x0000000775400000, 0x0000000775600000, 0x0000000775600000|100%| O|  |TAMS 0x0000000775400000| PB 0x0000000775400000| Untracked 
| 939|0x0000000775600000, 0x0000000775800000, 0x0000000775800000|100%| O|  |TAMS 0x0000000775600000| PB 0x0000000775600000| Untracked 
| 940|0x0000000775800000, 0x0000000775a00000, 0x0000000775a00000|100%| O|  |TAMS 0x0000000775800000| PB 0x0000000775800000| Untracked 
| 941|0x0000000775a00000, 0x0000000775b00000, 0x0000000775c00000| 50%| O|  |TAMS 0x0000000775a00000| PB 0x0000000775a00000| Untracked 
| 942|0x0000000775c00000, 0x0000000775c00000, 0x0000000775e00000|  0%| F|  |TAMS 0x0000000775c00000| PB 0x0000000775c00000| Untracked 
| 943|0x0000000775e00000, 0x0000000775e00000, 0x0000000776000000|  0%| F|  |TAMS 0x0000000775e00000| PB 0x0000000775e00000| Untracked 
| 944|0x0000000776000000, 0x0000000776000000, 0x0000000776200000|  0%| F|  |TAMS 0x0000000776000000| PB 0x0000000776000000| Untracked 
| 945|0x0000000776200000, 0x0000000776200000, 0x0000000776400000|  0%| F|  |TAMS 0x0000000776200000| PB 0x0000000776200000| Untracked 
| 946|0x0000000776400000, 0x0000000776400000, 0x0000000776600000|  0%| F|  |TAMS 0x0000000776400000| PB 0x0000000776400000| Untracked 
| 947|0x0000000776600000, 0x0000000776600000, 0x0000000776800000|  0%| F|  |TAMS 0x0000000776600000| PB 0x0000000776600000| Untracked 
| 948|0x0000000776800000, 0x0000000776800000, 0x0000000776a00000|  0%| F|  |TAMS 0x0000000776800000| PB 0x0000000776800000| Untracked 
| 949|0x0000000776a00000, 0x0000000776a00000, 0x0000000776c00000|  0%| F|  |TAMS 0x0000000776a00000| PB 0x0000000776a00000| Untracked 
| 950|0x0000000776c00000, 0x0000000776c00000, 0x0000000776e00000|  0%| F|  |TAMS 0x0000000776c00000| PB 0x0000000776c00000| Untracked 
| 951|0x0000000776e00000, 0x0000000776e00000, 0x0000000777000000|  0%| F|  |TAMS 0x0000000776e00000| PB 0x0000000776e00000| Untracked 
| 952|0x0000000777000000, 0x0000000777000000, 0x0000000777200000|  0%| F|  |TAMS 0x0000000777000000| PB 0x0000000777000000| Untracked 
| 953|0x0000000777200000, 0x0000000777200000, 0x0000000777400000|  0%| F|  |TAMS 0x0000000777200000| PB 0x0000000777200000| Untracked 
| 954|0x0000000777400000, 0x0000000777400000, 0x0000000777600000|  0%| F|  |TAMS 0x0000000777400000| PB 0x0000000777400000| Untracked 
| 955|0x0000000777600000, 0x0000000777600000, 0x0000000777800000|  0%| F|  |TAMS 0x0000000777600000| PB 0x0000000777600000| Untracked 
| 956|0x0000000777800000, 0x0000000777800000, 0x0000000777a00000|  0%| F|  |TAMS 0x0000000777800000| PB 0x0000000777800000| Untracked 
| 957|0x0000000777a00000, 0x0000000777a00000, 0x0000000777c00000|  0%| F|  |TAMS 0x0000000777a00000| PB 0x0000000777a00000| Untracked 
| 958|0x0000000777c00000, 0x0000000777c00000, 0x0000000777e00000|  0%| F|  |TAMS 0x0000000777c00000| PB 0x0000000777c00000| Untracked 
| 959|0x0000000777e00000, 0x0000000777e00000, 0x0000000778000000|  0%| F|  |TAMS 0x0000000777e00000| PB 0x0000000777e00000| Untracked 
| 960|0x0000000778000000, 0x0000000778000000, 0x0000000778200000|  0%| F|  |TAMS 0x0000000778000000| PB 0x0000000778000000| Untracked 
| 961|0x0000000778200000, 0x0000000778200000, 0x0000000778400000|  0%| F|  |TAMS 0x0000000778200000| PB 0x0000000778200000| Untracked 
| 962|0x0000000778400000, 0x0000000778400000, 0x0000000778600000|  0%| F|  |TAMS 0x0000000778400000| PB 0x0000000778400000| Untracked 
| 963|0x0000000778600000, 0x0000000778600000, 0x0000000778800000|  0%| F|  |TAMS 0x0000000778600000| PB 0x0000000778600000| Untracked 
| 964|0x0000000778800000, 0x0000000778800000, 0x0000000778a00000|  0%| F|  |TAMS 0x0000000778800000| PB 0x0000000778800000| Untracked 
| 965|0x0000000778a00000, 0x0000000778a00000, 0x0000000778c00000|  0%| F|  |TAMS 0x0000000778a00000| PB 0x0000000778a00000| Untracked 
| 966|0x0000000778c00000, 0x0000000778c00000, 0x0000000778e00000|  0%| F|  |TAMS 0x0000000778c00000| PB 0x0000000778c00000| Untracked 
| 967|0x0000000778e00000, 0x0000000778e00000, 0x0000000779000000|  0%| F|  |TAMS 0x0000000778e00000| PB 0x0000000778e00000| Untracked 
| 968|0x0000000779000000, 0x0000000779000000, 0x0000000779200000|  0%| F|  |TAMS 0x0000000779000000| PB 0x0000000779000000| Untracked 
| 969|0x0000000779200000, 0x0000000779200000, 0x0000000779400000|  0%| F|  |TAMS 0x0000000779200000| PB 0x0000000779200000| Untracked 
| 970|0x0000000779400000, 0x0000000779400000, 0x0000000779600000|  0%| F|  |TAMS 0x0000000779400000| PB 0x0000000779400000| Untracked 
| 971|0x0000000779600000, 0x0000000779600000, 0x0000000779800000|  0%| F|  |TAMS 0x0000000779600000| PB 0x0000000779600000| Untracked 
| 972|0x0000000779800000, 0x0000000779800000, 0x0000000779a00000|  0%| F|  |TAMS 0x0000000779800000| PB 0x0000000779800000| Untracked 
| 973|0x0000000779a00000, 0x0000000779a00000, 0x0000000779c00000|  0%| F|  |TAMS 0x0000000779a00000| PB 0x0000000779a00000| Untracked 
| 974|0x0000000779c00000, 0x0000000779c00000, 0x0000000779e00000|  0%| F|  |TAMS 0x0000000779c00000| PB 0x0000000779c00000| Untracked 
| 975|0x0000000779e00000, 0x0000000779e00000, 0x000000077a000000|  0%| F|  |TAMS 0x0000000779e00000| PB 0x0000000779e00000| Untracked 
| 976|0x000000077a000000, 0x000000077a000000, 0x000000077a200000|  0%| F|  |TAMS 0x000000077a000000| PB 0x000000077a000000| Untracked 
| 977|0x000000077a200000, 0x000000077a200000, 0x000000077a400000|  0%| F|  |TAMS 0x000000077a200000| PB 0x000000077a200000| Untracked 
| 978|0x000000077a400000, 0x000000077a400000, 0x000000077a600000|  0%| F|  |TAMS 0x000000077a400000| PB 0x000000077a400000| Untracked 
| 979|0x000000077a600000, 0x000000077a600000, 0x000000077a800000|  0%| F|  |TAMS 0x000000077a600000| PB 0x000000077a600000| Untracked 
| 980|0x000000077a800000, 0x000000077a800000, 0x000000077aa00000|  0%| F|  |TAMS 0x000000077a800000| PB 0x000000077a800000| Untracked 
| 981|0x000000077aa00000, 0x000000077aa00000, 0x000000077ac00000|  0%| F|  |TAMS 0x000000077aa00000| PB 0x000000077aa00000| Untracked 
| 982|0x000000077ac00000, 0x000000077ac00000, 0x000000077ae00000|  0%| F|  |TAMS 0x000000077ac00000| PB 0x000000077ac00000| Untracked 
| 983|0x000000077ae00000, 0x000000077ae00000, 0x000000077b000000|  0%| F|  |TAMS 0x000000077ae00000| PB 0x000000077ae00000| Untracked 
| 984|0x000000077b000000, 0x000000077b000000, 0x000000077b200000|  0%| F|  |TAMS 0x000000077b000000| PB 0x000000077b000000| Untracked 
| 985|0x000000077b200000, 0x000000077b200000, 0x000000077b400000|  0%| F|  |TAMS 0x000000077b200000| PB 0x000000077b200000| Untracked 
| 986|0x000000077b400000, 0x000000077b400000, 0x000000077b600000|  0%| F|  |TAMS 0x000000077b400000| PB 0x000000077b400000| Untracked 
| 987|0x000000077b600000, 0x000000077b600000, 0x000000077b800000|  0%| F|  |TAMS 0x000000077b600000| PB 0x000000077b600000| Untracked 
| 988|0x000000077b800000, 0x000000077b800000, 0x000000077ba00000|  0%| F|  |TAMS 0x000000077b800000| PB 0x000000077b800000| Untracked 
| 989|0x000000077ba00000, 0x000000077ba00000, 0x000000077bc00000|  0%| F|  |TAMS 0x000000077ba00000| PB 0x000000077ba00000| Untracked 
| 990|0x000000077bc00000, 0x000000077bc00000, 0x000000077be00000|  0%| F|  |TAMS 0x000000077bc00000| PB 0x000000077bc00000| Untracked 
| 991|0x000000077be00000, 0x000000077be00000, 0x000000077c000000|  0%| F|  |TAMS 0x000000077be00000| PB 0x000000077be00000| Untracked 
| 992|0x000000077c000000, 0x000000077c000000, 0x000000077c200000|  0%| F|  |TAMS 0x000000077c000000| PB 0x000000077c000000| Untracked 
| 993|0x000000077c200000, 0x000000077c200000, 0x000000077c400000|  0%| F|  |TAMS 0x000000077c200000| PB 0x000000077c200000| Untracked 
| 994|0x000000077c400000, 0x000000077c400000, 0x000000077c600000|  0%| F|  |TAMS 0x000000077c400000| PB 0x000000077c400000| Untracked 
| 995|0x000000077c600000, 0x000000077c600000, 0x000000077c800000|  0%| F|  |TAMS 0x000000077c600000| PB 0x000000077c600000| Untracked 
| 996|0x000000077c800000, 0x000000077c800000, 0x000000077ca00000|  0%| F|  |TAMS 0x000000077c800000| PB 0x000000077c800000| Untracked 
| 997|0x000000077ca00000, 0x000000077ca00000, 0x000000077cc00000|  0%| F|  |TAMS 0x000000077ca00000| PB 0x000000077ca00000| Untracked 
| 998|0x000000077cc00000, 0x000000077cc00000, 0x000000077ce00000|  0%| F|  |TAMS 0x000000077cc00000| PB 0x000000077cc00000| Untracked 
| 999|0x000000077ce00000, 0x000000077ce00000, 0x000000077d000000|  0%| F|  |TAMS 0x000000077ce00000| PB 0x000000077ce00000| Untracked 
|1000|0x000000077d000000, 0x000000077d000000, 0x000000077d200000|  0%| F|  |TAMS 0x000000077d000000| PB 0x000000077d000000| Untracked 
|1001|0x000000077d200000, 0x000000077d200000, 0x000000077d400000|  0%| F|  |TAMS 0x000000077d200000| PB 0x000000077d200000| Untracked 
|1002|0x000000077d400000, 0x000000077d400000, 0x000000077d600000|  0%| F|  |TAMS 0x000000077d400000| PB 0x000000077d400000| Untracked 
|1003|0x000000077d600000, 0x000000077d600000, 0x000000077d800000|  0%| F|  |TAMS 0x000000077d600000| PB 0x000000077d600000| Untracked 
|1004|0x000000077d800000, 0x000000077d800000, 0x000000077da00000|  0%| F|  |TAMS 0x000000077d800000| PB 0x000000077d800000| Untracked 
|1005|0x000000077da00000, 0x000000077da00000, 0x000000077dc00000|  0%| F|  |TAMS 0x000000077da00000| PB 0x000000077da00000| Untracked 
|1006|0x000000077dc00000, 0x000000077dc00000, 0x000000077de00000|  0%| F|  |TAMS 0x000000077dc00000| PB 0x000000077dc00000| Untracked 
|1007|0x000000077de00000, 0x000000077de00000, 0x000000077e000000|  0%| F|  |TAMS 0x000000077de00000| PB 0x000000077de00000| Untracked 
|1008|0x000000077e000000, 0x000000077e000000, 0x000000077e200000|  0%| F|  |TAMS 0x000000077e000000| PB 0x000000077e000000| Untracked 
|1009|0x000000077e200000, 0x000000077e200000, 0x000000077e400000|  0%| F|  |TAMS 0x000000077e200000| PB 0x000000077e200000| Untracked 
|1010|0x000000077e400000, 0x000000077e400000, 0x000000077e600000|  0%| F|  |TAMS 0x000000077e400000| PB 0x000000077e400000| Untracked 
|1011|0x000000077e600000, 0x000000077e600000, 0x000000077e800000|  0%| F|  |TAMS 0x000000077e600000| PB 0x000000077e600000| Untracked 
|1012|0x000000077e800000, 0x000000077e800000, 0x000000077ea00000|  0%| F|  |TAMS 0x000000077e800000| PB 0x000000077e800000| Untracked 
|1013|0x000000077ea00000, 0x000000077ea00000, 0x000000077ec00000|  0%| F|  |TAMS 0x000000077ea00000| PB 0x000000077ea00000| Untracked 
|1014|0x000000077ec00000, 0x000000077ec00000, 0x000000077ee00000|  0%| F|  |TAMS 0x000000077ec00000| PB 0x000000077ec00000| Untracked 
|1015|0x000000077ee00000, 0x000000077ee00000, 0x000000077f000000|  0%| F|  |TAMS 0x000000077ee00000| PB 0x000000077ee00000| Untracked 
|1016|0x000000077f000000, 0x000000077f000000, 0x000000077f200000|  0%| F|  |TAMS 0x000000077f000000| PB 0x000000077f000000| Untracked 
|1017|0x000000077f200000, 0x000000077f200000, 0x000000077f400000|  0%| F|  |TAMS 0x000000077f200000| PB 0x000000077f200000| Untracked 
|1018|0x000000077f400000, 0x000000077f400000, 0x000000077f600000|  0%| F|  |TAMS 0x000000077f400000| PB 0x000000077f400000| Untracked 
|1019|0x000000077f600000, 0x000000077f600000, 0x000000077f800000|  0%| F|  |TAMS 0x000000077f600000| PB 0x000000077f600000| Untracked 
|1020|0x000000077f800000, 0x000000077f800000, 0x000000077fa00000|  0%| F|  |TAMS 0x000000077f800000| PB 0x000000077f800000| Untracked 
|1021|0x000000077fa00000, 0x000000077fa00000, 0x000000077fc00000|  0%| F|  |TAMS 0x000000077fa00000| PB 0x000000077fa00000| Untracked 
|1022|0x000000077fc00000, 0x000000077fc00000, 0x000000077fe00000|  0%| F|  |TAMS 0x000000077fc00000| PB 0x000000077fc00000| Untracked 
|1023|0x000000077fe00000, 0x000000077fe00000, 0x0000000780000000|  0%| F|  |TAMS 0x000000077fe00000| PB 0x000000077fe00000| Untracked 
|1024|0x0000000780000000, 0x0000000780000000, 0x0000000780200000|  0%| F|  |TAMS 0x0000000780000000| PB 0x0000000780000000| Untracked 
|1025|0x0000000780200000, 0x0000000780200000, 0x0000000780400000|  0%| F|  |TAMS 0x0000000780200000| PB 0x0000000780200000| Untracked 
|1026|0x0000000780400000, 0x0000000780400000, 0x0000000780600000|  0%| F|  |TAMS 0x0000000780400000| PB 0x0000000780400000| Untracked 
|1027|0x0000000780600000, 0x0000000780600000, 0x0000000780800000|  0%| F|  |TAMS 0x0000000780600000| PB 0x0000000780600000| Untracked 
|1028|0x0000000780800000, 0x0000000780800000, 0x0000000780a00000|  0%| F|  |TAMS 0x0000000780800000| PB 0x0000000780800000| Untracked 
|1029|0x0000000780a00000, 0x0000000780a00000, 0x0000000780c00000|  0%| F|  |TAMS 0x0000000780a00000| PB 0x0000000780a00000| Untracked 
|1030|0x0000000780c00000, 0x0000000780c00000, 0x0000000780e00000|  0%| F|  |TAMS 0x0000000780c00000| PB 0x0000000780c00000| Untracked 
|1031|0x0000000780e00000, 0x0000000780e00000, 0x0000000781000000|  0%| F|  |TAMS 0x0000000780e00000| PB 0x0000000780e00000| Untracked 
|1032|0x0000000781000000, 0x0000000781000000, 0x0000000781200000|  0%| F|  |TAMS 0x0000000781000000| PB 0x0000000781000000| Untracked 
|1033|0x0000000781200000, 0x0000000781200000, 0x0000000781400000|  0%| F|  |TAMS 0x0000000781200000| PB 0x0000000781200000| Untracked 
|1034|0x0000000781400000, 0x0000000781400000, 0x0000000781600000|  0%| F|  |TAMS 0x0000000781400000| PB 0x0000000781400000| Untracked 
|1035|0x0000000781600000, 0x0000000781600000, 0x0000000781800000|  0%| F|  |TAMS 0x0000000781600000| PB 0x0000000781600000| Untracked 
|1036|0x0000000781800000, 0x0000000781800000, 0x0000000781a00000|  0%| F|  |TAMS 0x0000000781800000| PB 0x0000000781800000| Untracked 
|1037|0x0000000781a00000, 0x0000000781a00000, 0x0000000781c00000|  0%| F|  |TAMS 0x0000000781a00000| PB 0x0000000781a00000| Untracked 
|1038|0x0000000781c00000, 0x0000000781c00000, 0x0000000781e00000|  0%| F|  |TAMS 0x0000000781c00000| PB 0x0000000781c00000| Untracked 
|1039|0x0000000781e00000, 0x0000000781e00000, 0x0000000782000000|  0%| F|  |TAMS 0x0000000781e00000| PB 0x0000000781e00000| Untracked 
|1040|0x0000000782000000, 0x0000000782000000, 0x0000000782200000|  0%| F|  |TAMS 0x0000000782000000| PB 0x0000000782000000| Untracked 
|1041|0x0000000782200000, 0x0000000782200000, 0x0000000782400000|  0%| F|  |TAMS 0x0000000782200000| PB 0x0000000782200000| Untracked 
|1042|0x0000000782400000, 0x0000000782400000, 0x0000000782600000|  0%| F|  |TAMS 0x0000000782400000| PB 0x0000000782400000| Untracked 
|1043|0x0000000782600000, 0x0000000782600000, 0x0000000782800000|  0%| F|  |TAMS 0x0000000782600000| PB 0x0000000782600000| Untracked 
|1044|0x0000000782800000, 0x0000000782800000, 0x0000000782a00000|  0%| F|  |TAMS 0x0000000782800000| PB 0x0000000782800000| Untracked 
|1045|0x0000000782a00000, 0x0000000782a00000, 0x0000000782c00000|  0%| F|  |TAMS 0x0000000782a00000| PB 0x0000000782a00000| Untracked 
|1046|0x0000000782c00000, 0x0000000782c00000, 0x0000000782e00000|  0%| F|  |TAMS 0x0000000782c00000| PB 0x0000000782c00000| Untracked 
|1047|0x0000000782e00000, 0x0000000782e00000, 0x0000000783000000|  0%| F|  |TAMS 0x0000000782e00000| PB 0x0000000782e00000| Untracked 
|1048|0x0000000783000000, 0x0000000783000000, 0x0000000783200000|  0%| F|  |TAMS 0x0000000783000000| PB 0x0000000783000000| Untracked 
|1049|0x0000000783200000, 0x0000000783200000, 0x0000000783400000|  0%| F|  |TAMS 0x0000000783200000| PB 0x0000000783200000| Untracked 
|1050|0x0000000783400000, 0x0000000783400000, 0x0000000783600000|  0%| F|  |TAMS 0x0000000783400000| PB 0x0000000783400000| Untracked 
|1051|0x0000000783600000, 0x0000000783600000, 0x0000000783800000|  0%| F|  |TAMS 0x0000000783600000| PB 0x0000000783600000| Untracked 
|1052|0x0000000783800000, 0x0000000783800000, 0x0000000783a00000|  0%| F|  |TAMS 0x0000000783800000| PB 0x0000000783800000| Untracked 
|1053|0x0000000783a00000, 0x0000000783a00000, 0x0000000783c00000|  0%| F|  |TAMS 0x0000000783a00000| PB 0x0000000783a00000| Untracked 
|1054|0x0000000783c00000, 0x0000000783c00000, 0x0000000783e00000|  0%| F|  |TAMS 0x0000000783c00000| PB 0x0000000783c00000| Untracked 
|1055|0x0000000783e00000, 0x0000000783e00000, 0x0000000784000000|  0%| F|  |TAMS 0x0000000783e00000| PB 0x0000000783e00000| Untracked 
|1056|0x0000000784000000, 0x0000000784000000, 0x0000000784200000|  0%| F|  |TAMS 0x0000000784000000| PB 0x0000000784000000| Untracked 
|1057|0x0000000784200000, 0x0000000784200000, 0x0000000784400000|  0%| F|  |TAMS 0x0000000784200000| PB 0x0000000784200000| Untracked 
|1058|0x0000000784400000, 0x0000000784400000, 0x0000000784600000|  0%| F|  |TAMS 0x0000000784400000| PB 0x0000000784400000| Untracked 
|1059|0x0000000784600000, 0x0000000784600000, 0x0000000784800000|  0%| F|  |TAMS 0x0000000784600000| PB 0x0000000784600000| Untracked 
|1060|0x0000000784800000, 0x0000000784800000, 0x0000000784a00000|  0%| F|  |TAMS 0x0000000784800000| PB 0x0000000784800000| Untracked 
|1061|0x0000000784a00000, 0x0000000784a00000, 0x0000000784c00000|  0%| F|  |TAMS 0x0000000784a00000| PB 0x0000000784a00000| Untracked 
|1062|0x0000000784c00000, 0x0000000784c00000, 0x0000000784e00000|  0%| F|  |TAMS 0x0000000784c00000| PB 0x0000000784c00000| Untracked 
|1063|0x0000000784e00000, 0x0000000784e00000, 0x0000000785000000|  0%| F|  |TAMS 0x0000000784e00000| PB 0x0000000784e00000| Untracked 
|1064|0x0000000785000000, 0x0000000785000000, 0x0000000785200000|  0%| F|  |TAMS 0x0000000785000000| PB 0x0000000785000000| Untracked 
|1065|0x0000000785200000, 0x0000000785200000, 0x0000000785400000|  0%| F|  |TAMS 0x0000000785200000| PB 0x0000000785200000| Untracked 
|1066|0x0000000785400000, 0x0000000785400000, 0x0000000785600000|  0%| F|  |TAMS 0x0000000785400000| PB 0x0000000785400000| Untracked 
|1067|0x0000000785600000, 0x0000000785600000, 0x0000000785800000|  0%| F|  |TAMS 0x0000000785600000| PB 0x0000000785600000| Untracked 
|1068|0x0000000785800000, 0x0000000785800000, 0x0000000785a00000|  0%| F|  |TAMS 0x0000000785800000| PB 0x0000000785800000| Untracked 
|1069|0x0000000785a00000, 0x0000000785a00000, 0x0000000785c00000|  0%| F|  |TAMS 0x0000000785a00000| PB 0x0000000785a00000| Untracked 
|1070|0x0000000785c00000, 0x0000000785c00000, 0x0000000785e00000|  0%| F|  |TAMS 0x0000000785c00000| PB 0x0000000785c00000| Untracked 
|1071|0x0000000785e00000, 0x0000000785e00000, 0x0000000786000000|  0%| F|  |TAMS 0x0000000785e00000| PB 0x0000000785e00000| Untracked 
|1072|0x0000000786000000, 0x0000000786000000, 0x0000000786200000|  0%| F|  |TAMS 0x0000000786000000| PB 0x0000000786000000| Untracked 
|1073|0x0000000786200000, 0x0000000786200000, 0x0000000786400000|  0%| F|  |TAMS 0x0000000786200000| PB 0x0000000786200000| Untracked 
|1074|0x0000000786400000, 0x0000000786400000, 0x0000000786600000|  0%| F|  |TAMS 0x0000000786400000| PB 0x0000000786400000| Untracked 
|1075|0x0000000786600000, 0x0000000786600000, 0x0000000786800000|  0%| F|  |TAMS 0x0000000786600000| PB 0x0000000786600000| Untracked 
|1076|0x0000000786800000, 0x0000000786800000, 0x0000000786a00000|  0%| F|  |TAMS 0x0000000786800000| PB 0x0000000786800000| Untracked 
|1077|0x0000000786a00000, 0x0000000786a00000, 0x0000000786c00000|  0%| F|  |TAMS 0x0000000786a00000| PB 0x0000000786a00000| Untracked 
|1078|0x0000000786c00000, 0x0000000786c00000, 0x0000000786e00000|  0%| F|  |TAMS 0x0000000786c00000| PB 0x0000000786c00000| Untracked 
|1079|0x0000000786e00000, 0x0000000786e00000, 0x0000000787000000|  0%| F|  |TAMS 0x0000000786e00000| PB 0x0000000786e00000| Untracked 
|1080|0x0000000787000000, 0x0000000787000000, 0x0000000787200000|  0%| F|  |TAMS 0x0000000787000000| PB 0x0000000787000000| Untracked 
|1081|0x0000000787200000, 0x0000000787200000, 0x0000000787400000|  0%| F|  |TAMS 0x0000000787200000| PB 0x0000000787200000| Untracked 
|1082|0x0000000787400000, 0x0000000787400000, 0x0000000787600000|  0%| F|  |TAMS 0x0000000787400000| PB 0x0000000787400000| Untracked 
|1083|0x0000000787600000, 0x0000000787600000, 0x0000000787800000|  0%| F|  |TAMS 0x0000000787600000| PB 0x0000000787600000| Untracked 
|1084|0x0000000787800000, 0x0000000787800000, 0x0000000787a00000|  0%| F|  |TAMS 0x0000000787800000| PB 0x0000000787800000| Untracked 
|1085|0x0000000787a00000, 0x0000000787a00000, 0x0000000787c00000|  0%| F|  |TAMS 0x0000000787a00000| PB 0x0000000787a00000| Untracked 
|1086|0x0000000787c00000, 0x0000000787c00000, 0x0000000787e00000|  0%| F|  |TAMS 0x0000000787c00000| PB 0x0000000787c00000| Untracked 
|1087|0x0000000787e00000, 0x0000000787e00000, 0x0000000788000000|  0%| F|  |TAMS 0x0000000787e00000| PB 0x0000000787e00000| Untracked 
|1088|0x0000000788000000, 0x0000000788000000, 0x0000000788200000|  0%| F|  |TAMS 0x0000000788000000| PB 0x0000000788000000| Untracked 
|1089|0x0000000788200000, 0x0000000788200000, 0x0000000788400000|  0%| F|  |TAMS 0x0000000788200000| PB 0x0000000788200000| Untracked 
|1090|0x0000000788400000, 0x0000000788400000, 0x0000000788600000|  0%| F|  |TAMS 0x0000000788400000| PB 0x0000000788400000| Untracked 
|1091|0x0000000788600000, 0x0000000788600000, 0x0000000788800000|  0%| F|  |TAMS 0x0000000788600000| PB 0x0000000788600000| Untracked 
|1092|0x0000000788800000, 0x0000000788800000, 0x0000000788a00000|  0%| F|  |TAMS 0x0000000788800000| PB 0x0000000788800000| Untracked 
|1093|0x0000000788a00000, 0x0000000788a00000, 0x0000000788c00000|  0%| F|  |TAMS 0x0000000788a00000| PB 0x0000000788a00000| Untracked 
|1094|0x0000000788c00000, 0x0000000788c00000, 0x0000000788e00000|  0%| F|  |TAMS 0x0000000788c00000| PB 0x0000000788c00000| Untracked 
|1095|0x0000000788e00000, 0x0000000788e00000, 0x0000000789000000|  0%| F|  |TAMS 0x0000000788e00000| PB 0x0000000788e00000| Untracked 
|1096|0x0000000789000000, 0x0000000789000000, 0x0000000789200000|  0%| F|  |TAMS 0x0000000789000000| PB 0x0000000789000000| Untracked 
|1097|0x0000000789200000, 0x0000000789400000, 0x0000000789400000|100%| O|  |TAMS 0x0000000789200000| PB 0x0000000789200000| Untracked 
|1098|0x0000000789400000, 0x0000000789600000, 0x0000000789600000|100%| O|Cm|TAMS 0x0000000789400000| PB 0x0000000789400000| Complete 
|1099|0x0000000789600000, 0x0000000789600000, 0x0000000789800000|  0%| F|  |TAMS 0x0000000789600000| PB 0x0000000789600000| Untracked 
|1100|0x0000000789800000, 0x0000000789a00000, 0x0000000789a00000|100%| O|  |TAMS 0x0000000789800000| PB 0x0000000789800000| Untracked 
|1101|0x0000000789a00000, 0x0000000789a00000, 0x0000000789c00000|  0%| F|  |TAMS 0x0000000789a00000| PB 0x0000000789a00000| Untracked 
|1102|0x0000000789c00000, 0x0000000789c00000, 0x0000000789e00000|  0%| F|  |TAMS 0x0000000789c00000| PB 0x0000000789c00000| Untracked 
|1103|0x0000000789e00000, 0x0000000789e00000, 0x000000078a000000|  0%| F|  |TAMS 0x0000000789e00000| PB 0x0000000789e00000| Untracked 
|1104|0x000000078a000000, 0x000000078a000000, 0x000000078a200000|  0%| F|  |TAMS 0x000000078a000000| PB 0x000000078a000000| Untracked 
|1105|0x000000078a200000, 0x000000078a200000, 0x000000078a400000|  0%| F|  |TAMS 0x000000078a200000| PB 0x000000078a200000| Untracked 
|1106|0x000000078a400000, 0x000000078a400000, 0x000000078a600000|  0%| F|  |TAMS 0x000000078a400000| PB 0x000000078a400000| Untracked 
|1107|0x000000078a600000, 0x000000078a600000, 0x000000078a800000|  0%| F|  |TAMS 0x000000078a600000| PB 0x000000078a600000| Untracked 
|1108|0x000000078a800000, 0x000000078a800000, 0x000000078aa00000|  0%| F|  |TAMS 0x000000078a800000| PB 0x000000078a800000| Untracked 
|1109|0x000000078aa00000, 0x000000078aa00000, 0x000000078ac00000|  0%| F|  |TAMS 0x000000078aa00000| PB 0x000000078aa00000| Untracked 
|1110|0x000000078ac00000, 0x000000078ac00000, 0x000000078ae00000|  0%| F|  |TAMS 0x000000078ac00000| PB 0x000000078ac00000| Untracked 
|1111|0x000000078ae00000, 0x000000078ae00000, 0x000000078b000000|  0%| F|  |TAMS 0x000000078ae00000| PB 0x000000078ae00000| Untracked 
|1112|0x000000078b000000, 0x000000078b000000, 0x000000078b200000|  0%| F|  |TAMS 0x000000078b000000| PB 0x000000078b000000| Untracked 
|1113|0x000000078b200000, 0x000000078b200000, 0x000000078b400000|  0%| F|  |TAMS 0x000000078b200000| PB 0x000000078b200000| Untracked 
|1114|0x000000078b400000, 0x000000078b400000, 0x000000078b600000|  0%| F|  |TAMS 0x000000078b400000| PB 0x000000078b400000| Untracked 
|1115|0x000000078b600000, 0x000000078b600000, 0x000000078b800000|  0%| F|  |TAMS 0x000000078b600000| PB 0x000000078b600000| Untracked 
|1116|0x000000078b800000, 0x000000078b800000, 0x000000078ba00000|  0%| F|  |TAMS 0x000000078b800000| PB 0x000000078b800000| Untracked 
|1117|0x000000078ba00000, 0x000000078ba00000, 0x000000078bc00000|  0%| F|  |TAMS 0x000000078ba00000| PB 0x000000078ba00000| Untracked 
|1118|0x000000078bc00000, 0x000000078bc00000, 0x000000078be00000|  0%| F|  |TAMS 0x000000078bc00000| PB 0x000000078bc00000| Untracked 
|1119|0x000000078be00000, 0x000000078be00000, 0x000000078c000000|  0%| F|  |TAMS 0x000000078be00000| PB 0x000000078be00000| Untracked 
|1120|0x000000078c000000, 0x000000078c000000, 0x000000078c200000|  0%| F|  |TAMS 0x000000078c000000| PB 0x000000078c000000| Untracked 
|1121|0x000000078c200000, 0x000000078c200000, 0x000000078c400000|  0%| F|  |TAMS 0x000000078c200000| PB 0x000000078c200000| Untracked 
|1122|0x000000078c400000, 0x000000078c400000, 0x000000078c600000|  0%| F|  |TAMS 0x000000078c400000| PB 0x000000078c400000| Untracked 
|1123|0x000000078c600000, 0x000000078c600000, 0x000000078c800000|  0%| F|  |TAMS 0x000000078c600000| PB 0x000000078c600000| Untracked 
|1124|0x000000078c800000, 0x000000078c800000, 0x000000078ca00000|  0%| F|  |TAMS 0x000000078c800000| PB 0x000000078c800000| Untracked 
|1125|0x000000078ca00000, 0x000000078ca00000, 0x000000078cc00000|  0%| F|  |TAMS 0x000000078ca00000| PB 0x000000078ca00000| Untracked 
|1126|0x000000078cc00000, 0x000000078cc00000, 0x000000078ce00000|  0%| F|  |TAMS 0x000000078cc00000| PB 0x000000078cc00000| Untracked 
|1127|0x000000078ce00000, 0x000000078ce00000, 0x000000078d000000|  0%| F|  |TAMS 0x000000078ce00000| PB 0x000000078ce00000| Untracked 
|1128|0x000000078d000000, 0x000000078d000000, 0x000000078d200000|  0%| F|  |TAMS 0x000000078d000000| PB 0x000000078d000000| Untracked 
|1129|0x000000078d200000, 0x000000078d200000, 0x000000078d400000|  0%| F|  |TAMS 0x000000078d200000| PB 0x000000078d200000| Untracked 
|1130|0x000000078d400000, 0x000000078d400000, 0x000000078d600000|  0%| F|  |TAMS 0x000000078d400000| PB 0x000000078d400000| Untracked 
|1131|0x000000078d600000, 0x000000078d600000, 0x000000078d800000|  0%| F|  |TAMS 0x000000078d600000| PB 0x000000078d600000| Untracked 
|1132|0x000000078d800000, 0x000000078d800000, 0x000000078da00000|  0%| F|  |TAMS 0x000000078d800000| PB 0x000000078d800000| Untracked 
|1133|0x000000078da00000, 0x000000078da00000, 0x000000078dc00000|  0%| F|  |TAMS 0x000000078da00000| PB 0x000000078da00000| Untracked 
|1134|0x000000078dc00000, 0x000000078dc00000, 0x000000078de00000|  0%| F|  |TAMS 0x000000078dc00000| PB 0x000000078dc00000| Untracked 
|1135|0x000000078de00000, 0x000000078de00000, 0x000000078e000000|  0%| F|  |TAMS 0x000000078de00000| PB 0x000000078de00000| Untracked 
|1136|0x000000078e000000, 0x000000078e000000, 0x000000078e200000|  0%| F|  |TAMS 0x000000078e000000| PB 0x000000078e000000| Untracked 
|1137|0x000000078e200000, 0x000000078e200000, 0x000000078e400000|  0%| F|  |TAMS 0x000000078e200000| PB 0x000000078e200000| Untracked 
|1138|0x000000078e400000, 0x000000078e400000, 0x000000078e600000|  0%| F|  |TAMS 0x000000078e400000| PB 0x000000078e400000| Untracked 
|1139|0x000000078e600000, 0x000000078e600000, 0x000000078e800000|  0%| F|  |TAMS 0x000000078e600000| PB 0x000000078e600000| Untracked 
|1140|0x000000078e800000, 0x000000078e800000, 0x000000078ea00000|  0%| F|  |TAMS 0x000000078e800000| PB 0x000000078e800000| Untracked 
|1141|0x000000078ea00000, 0x000000078ea00000, 0x000000078ec00000|  0%| F|  |TAMS 0x000000078ea00000| PB 0x000000078ea00000| Untracked 
|1142|0x000000078ec00000, 0x000000078ec00000, 0x000000078ee00000|  0%| F|  |TAMS 0x000000078ec00000| PB 0x000000078ec00000| Untracked 
|1143|0x000000078ee00000, 0x000000078ee00000, 0x000000078f000000|  0%| F|  |TAMS 0x000000078ee00000| PB 0x000000078ee00000| Untracked 
|1144|0x000000078f000000, 0x000000078f000000, 0x000000078f200000|  0%| F|  |TAMS 0x000000078f000000| PB 0x000000078f000000| Untracked 
|1145|0x000000078f200000, 0x000000078f200000, 0x000000078f400000|  0%| F|  |TAMS 0x000000078f200000| PB 0x000000078f200000| Untracked 
|1146|0x000000078f400000, 0x000000078f400000, 0x000000078f600000|  0%| F|  |TAMS 0x000000078f400000| PB 0x000000078f400000| Untracked 
|1147|0x000000078f600000, 0x000000078f600000, 0x000000078f800000|  0%| F|  |TAMS 0x000000078f600000| PB 0x000000078f600000| Untracked 
|1148|0x000000078f800000, 0x000000078f800000, 0x000000078fa00000|  0%| F|  |TAMS 0x000000078f800000| PB 0x000000078f800000| Untracked 
|1149|0x000000078fa00000, 0x000000078fa00000, 0x000000078fc00000|  0%| F|  |TAMS 0x000000078fa00000| PB 0x000000078fa00000| Untracked 
|1150|0x000000078fc00000, 0x000000078fc00000, 0x000000078fe00000|  0%| F|  |TAMS 0x000000078fc00000| PB 0x000000078fc00000| Untracked 
|1151|0x000000078fe00000, 0x000000078fe00000, 0x0000000790000000|  0%| F|  |TAMS 0x000000078fe00000| PB 0x000000078fe00000| Untracked 
|1152|0x0000000790000000, 0x0000000790000000, 0x0000000790200000|  0%| F|  |TAMS 0x0000000790000000| PB 0x0000000790000000| Untracked 
|1153|0x0000000790200000, 0x0000000790200000, 0x0000000790400000|  0%| F|  |TAMS 0x0000000790200000| PB 0x0000000790200000| Untracked 
|1154|0x0000000790400000, 0x0000000790400000, 0x0000000790600000|  0%| F|  |TAMS 0x0000000790400000| PB 0x0000000790400000| Untracked 
|1155|0x0000000790600000, 0x0000000790600000, 0x0000000790800000|  0%| F|  |TAMS 0x0000000790600000| PB 0x0000000790600000| Untracked 
|1156|0x0000000790800000, 0x0000000790800000, 0x0000000790a00000|  0%| F|  |TAMS 0x0000000790800000| PB 0x0000000790800000| Untracked 
|1157|0x0000000790a00000, 0x0000000790a00000, 0x0000000790c00000|  0%| F|  |TAMS 0x0000000790a00000| PB 0x0000000790a00000| Untracked 
|1158|0x0000000790c00000, 0x0000000790c00000, 0x0000000790e00000|  0%| F|  |TAMS 0x0000000790c00000| PB 0x0000000790c00000| Untracked 
|1159|0x0000000790e00000, 0x0000000790e00000, 0x0000000791000000|  0%| F|  |TAMS 0x0000000790e00000| PB 0x0000000790e00000| Untracked 
|1160|0x0000000791000000, 0x0000000791000000, 0x0000000791200000|  0%| F|  |TAMS 0x0000000791000000| PB 0x0000000791000000| Untracked 
|1161|0x0000000791200000, 0x0000000791200000, 0x0000000791400000|  0%| F|  |TAMS 0x0000000791200000| PB 0x0000000791200000| Untracked 
|1162|0x0000000791400000, 0x0000000791400000, 0x0000000791600000|  0%| F|  |TAMS 0x0000000791400000| PB 0x0000000791400000| Untracked 
|1163|0x0000000791600000, 0x0000000791600000, 0x0000000791800000|  0%| F|  |TAMS 0x0000000791600000| PB 0x0000000791600000| Untracked 
|1164|0x0000000791800000, 0x0000000791800000, 0x0000000791a00000|  0%| F|  |TAMS 0x0000000791800000| PB 0x0000000791800000| Untracked 
|1165|0x0000000791a00000, 0x0000000791a00000, 0x0000000791c00000|  0%| F|  |TAMS 0x0000000791a00000| PB 0x0000000791a00000| Untracked 
|1166|0x0000000791c00000, 0x0000000791c00000, 0x0000000791e00000|  0%| F|  |TAMS 0x0000000791c00000| PB 0x0000000791c00000| Untracked 
|1167|0x0000000791e00000, 0x0000000791e00000, 0x0000000792000000|  0%| F|  |TAMS 0x0000000791e00000| PB 0x0000000791e00000| Untracked 
|1168|0x0000000792000000, 0x0000000792000000, 0x0000000792200000|  0%| F|  |TAMS 0x0000000792000000| PB 0x0000000792000000| Untracked 
|1169|0x0000000792200000, 0x0000000792200000, 0x0000000792400000|  0%| F|  |TAMS 0x0000000792200000| PB 0x0000000792200000| Untracked 
|1170|0x0000000792400000, 0x0000000792400000, 0x0000000792600000|  0%| F|  |TAMS 0x0000000792400000| PB 0x0000000792400000| Untracked 
|1171|0x0000000792600000, 0x0000000792600000, 0x0000000792800000|  0%| F|  |TAMS 0x0000000792600000| PB 0x0000000792600000| Untracked 
|1172|0x0000000792800000, 0x0000000792800000, 0x0000000792a00000|  0%| F|  |TAMS 0x0000000792800000| PB 0x0000000792800000| Untracked 
|1173|0x0000000792a00000, 0x0000000792a00000, 0x0000000792c00000|  0%| F|  |TAMS 0x0000000792a00000| PB 0x0000000792a00000| Untracked 
|1174|0x0000000792c00000, 0x0000000792c00000, 0x0000000792e00000|  0%| F|  |TAMS 0x0000000792c00000| PB 0x0000000792c00000| Untracked 
|1175|0x0000000792e00000, 0x0000000792e00000, 0x0000000793000000|  0%| F|  |TAMS 0x0000000792e00000| PB 0x0000000792e00000| Untracked 
|1176|0x0000000793000000, 0x0000000793000000, 0x0000000793200000|  0%| F|  |TAMS 0x0000000793000000| PB 0x0000000793000000| Untracked 
|1177|0x0000000793200000, 0x0000000793200000, 0x0000000793400000|  0%| F|  |TAMS 0x0000000793200000| PB 0x0000000793200000| Untracked 
|1178|0x0000000793400000, 0x0000000793400000, 0x0000000793600000|  0%| F|  |TAMS 0x0000000793400000| PB 0x0000000793400000| Untracked 
|1179|0x0000000793600000, 0x0000000793600000, 0x0000000793800000|  0%| F|  |TAMS 0x0000000793600000| PB 0x0000000793600000| Untracked 
|1180|0x0000000793800000, 0x0000000793800000, 0x0000000793a00000|  0%| F|  |TAMS 0x0000000793800000| PB 0x0000000793800000| Untracked 
|1181|0x0000000793a00000, 0x0000000793a00000, 0x0000000793c00000|  0%| F|  |TAMS 0x0000000793a00000| PB 0x0000000793a00000| Untracked 
|1182|0x0000000793c00000, 0x0000000793c00000, 0x0000000793e00000|  0%| F|  |TAMS 0x0000000793c00000| PB 0x0000000793c00000| Untracked 
|1183|0x0000000793e00000, 0x0000000793e00000, 0x0000000794000000|  0%| F|  |TAMS 0x0000000793e00000| PB 0x0000000793e00000| Untracked 
|1184|0x0000000794000000, 0x0000000794000000, 0x0000000794200000|  0%| F|  |TAMS 0x0000000794000000| PB 0x0000000794000000| Untracked 
|1185|0x0000000794200000, 0x0000000794200000, 0x0000000794400000|  0%| F|  |TAMS 0x0000000794200000| PB 0x0000000794200000| Untracked 
|1186|0x0000000794400000, 0x0000000794400000, 0x0000000794600000|  0%| F|  |TAMS 0x0000000794400000| PB 0x0000000794400000| Untracked 
|1187|0x0000000794600000, 0x0000000794600000, 0x0000000794800000|  0%| F|  |TAMS 0x0000000794600000| PB 0x0000000794600000| Untracked 
|1188|0x0000000794800000, 0x0000000794800000, 0x0000000794a00000|  0%| F|  |TAMS 0x0000000794800000| PB 0x0000000794800000| Untracked 
|1189|0x0000000794a00000, 0x0000000794a00000, 0x0000000794c00000|  0%| F|  |TAMS 0x0000000794a00000| PB 0x0000000794a00000| Untracked 
|1190|0x0000000794c00000, 0x0000000794c00000, 0x0000000794e00000|  0%| F|  |TAMS 0x0000000794c00000| PB 0x0000000794c00000| Untracked 
|1191|0x0000000794e00000, 0x0000000794e00000, 0x0000000795000000|  0%| F|  |TAMS 0x0000000794e00000| PB 0x0000000794e00000| Untracked 
|1192|0x0000000795000000, 0x0000000795000000, 0x0000000795200000|  0%| F|  |TAMS 0x0000000795000000| PB 0x0000000795000000| Untracked 
|1193|0x0000000795200000, 0x0000000795200000, 0x0000000795400000|  0%| F|  |TAMS 0x0000000795200000| PB 0x0000000795200000| Untracked 
|1194|0x0000000795400000, 0x0000000795400000, 0x0000000795600000|  0%| F|  |TAMS 0x0000000795400000| PB 0x0000000795400000| Untracked 
|1195|0x0000000795600000, 0x0000000795600000, 0x0000000795800000|  0%| F|  |TAMS 0x0000000795600000| PB 0x0000000795600000| Untracked 
|1196|0x0000000795800000, 0x0000000795800000, 0x0000000795a00000|  0%| F|  |TAMS 0x0000000795800000| PB 0x0000000795800000| Untracked 
|1197|0x0000000795a00000, 0x0000000795a00000, 0x0000000795c00000|  0%| F|  |TAMS 0x0000000795a00000| PB 0x0000000795a00000| Untracked 
|1198|0x0000000795c00000, 0x0000000795c00000, 0x0000000795e00000|  0%| F|  |TAMS 0x0000000795c00000| PB 0x0000000795c00000| Untracked 
|1199|0x0000000795e00000, 0x0000000795e00000, 0x0000000796000000|  0%| F|  |TAMS 0x0000000795e00000| PB 0x0000000795e00000| Untracked 
|1200|0x0000000796000000, 0x0000000796000000, 0x0000000796200000|  0%| F|  |TAMS 0x0000000796000000| PB 0x0000000796000000| Untracked 
|1201|0x0000000796200000, 0x0000000796200000, 0x0000000796400000|  0%| F|  |TAMS 0x0000000796200000| PB 0x0000000796200000| Untracked 
|1202|0x0000000796400000, 0x0000000796400000, 0x0000000796600000|  0%| F|  |TAMS 0x0000000796400000| PB 0x0000000796400000| Untracked 
|1203|0x0000000796600000, 0x0000000796600000, 0x0000000796800000|  0%| F|  |TAMS 0x0000000796600000| PB 0x0000000796600000| Untracked 
|1204|0x0000000796800000, 0x0000000796800000, 0x0000000796a00000|  0%| F|  |TAMS 0x0000000796800000| PB 0x0000000796800000| Untracked 
|1205|0x0000000796a00000, 0x0000000796a00000, 0x0000000796c00000|  0%| F|  |TAMS 0x0000000796a00000| PB 0x0000000796a00000| Untracked 
|1206|0x0000000796c00000, 0x0000000796c00000, 0x0000000796e00000|  0%| F|  |TAMS 0x0000000796c00000| PB 0x0000000796c00000| Untracked 
|1207|0x0000000796e00000, 0x0000000796e00000, 0x0000000797000000|  0%| F|  |TAMS 0x0000000796e00000| PB 0x0000000796e00000| Untracked 
|1208|0x0000000797000000, 0x0000000797000000, 0x0000000797200000|  0%| F|  |TAMS 0x0000000797000000| PB 0x0000000797000000| Untracked 
|1209|0x0000000797200000, 0x0000000797200000, 0x0000000797400000|  0%| F|  |TAMS 0x0000000797200000| PB 0x0000000797200000| Untracked 
|1210|0x0000000797400000, 0x0000000797400000, 0x0000000797600000|  0%| F|  |TAMS 0x0000000797400000| PB 0x0000000797400000| Untracked 
|1211|0x0000000797600000, 0x0000000797600000, 0x0000000797800000|  0%| F|  |TAMS 0x0000000797600000| PB 0x0000000797600000| Untracked 
|1212|0x0000000797800000, 0x0000000797800000, 0x0000000797a00000|  0%| F|  |TAMS 0x0000000797800000| PB 0x0000000797800000| Untracked 
|1213|0x0000000797a00000, 0x0000000797a00000, 0x0000000797c00000|  0%| F|  |TAMS 0x0000000797a00000| PB 0x0000000797a00000| Untracked 
|1214|0x0000000797c00000, 0x0000000797c00000, 0x0000000797e00000|  0%| F|  |TAMS 0x0000000797c00000| PB 0x0000000797c00000| Untracked 
|1215|0x0000000797e00000, 0x0000000797e00000, 0x0000000798000000|  0%| F|  |TAMS 0x0000000797e00000| PB 0x0000000797e00000| Untracked 
|1216|0x0000000798000000, 0x0000000798000000, 0x0000000798200000|  0%| F|  |TAMS 0x0000000798000000| PB 0x0000000798000000| Untracked 
|1217|0x0000000798200000, 0x0000000798200000, 0x0000000798400000|  0%| F|  |TAMS 0x0000000798200000| PB 0x0000000798200000| Untracked 
|1218|0x0000000798400000, 0x0000000798400000, 0x0000000798600000|  0%| F|  |TAMS 0x0000000798400000| PB 0x0000000798400000| Untracked 
|1219|0x0000000798600000, 0x0000000798600000, 0x0000000798800000|  0%| F|  |TAMS 0x0000000798600000| PB 0x0000000798600000| Untracked 
|1220|0x0000000798800000, 0x0000000798800000, 0x0000000798a00000|  0%| F|  |TAMS 0x0000000798800000| PB 0x0000000798800000| Untracked 
|1221|0x0000000798a00000, 0x0000000798a00000, 0x0000000798c00000|  0%| F|  |TAMS 0x0000000798a00000| PB 0x0000000798a00000| Untracked 
|1222|0x0000000798c00000, 0x0000000798c00000, 0x0000000798e00000|  0%| F|  |TAMS 0x0000000798c00000| PB 0x0000000798c00000| Untracked 
|1223|0x0000000798e00000, 0x0000000798e00000, 0x0000000799000000|  0%| F|  |TAMS 0x0000000798e00000| PB 0x0000000798e00000| Untracked 
|1224|0x0000000799000000, 0x0000000799000000, 0x0000000799200000|  0%| F|  |TAMS 0x0000000799000000| PB 0x0000000799000000| Untracked 
|1225|0x0000000799200000, 0x0000000799200000, 0x0000000799400000|  0%| F|  |TAMS 0x0000000799200000| PB 0x0000000799200000| Untracked 
|1226|0x0000000799400000, 0x0000000799400000, 0x0000000799600000|  0%| F|  |TAMS 0x0000000799400000| PB 0x0000000799400000| Untracked 
|1227|0x0000000799600000, 0x0000000799600000, 0x0000000799800000|  0%| F|  |TAMS 0x0000000799600000| PB 0x0000000799600000| Untracked 
|1228|0x0000000799800000, 0x0000000799800000, 0x0000000799a00000|  0%| F|  |TAMS 0x0000000799800000| PB 0x0000000799800000| Untracked 
|1229|0x0000000799a00000, 0x0000000799a00000, 0x0000000799c00000|  0%| F|  |TAMS 0x0000000799a00000| PB 0x0000000799a00000| Untracked 
|1230|0x0000000799c00000, 0x0000000799c00000, 0x0000000799e00000|  0%| F|  |TAMS 0x0000000799c00000| PB 0x0000000799c00000| Untracked 
|1231|0x0000000799e00000, 0x0000000799e00000, 0x000000079a000000|  0%| F|  |TAMS 0x0000000799e00000| PB 0x0000000799e00000| Untracked 
|1232|0x000000079a000000, 0x000000079a000000, 0x000000079a200000|  0%| F|  |TAMS 0x000000079a000000| PB 0x000000079a000000| Untracked 
|1233|0x000000079a200000, 0x000000079a200000, 0x000000079a400000|  0%| F|  |TAMS 0x000000079a200000| PB 0x000000079a200000| Untracked 
|1234|0x000000079a400000, 0x000000079a400000, 0x000000079a600000|  0%| F|  |TAMS 0x000000079a400000| PB 0x000000079a400000| Untracked 
|1235|0x000000079a600000, 0x000000079a600000, 0x000000079a800000|  0%| F|  |TAMS 0x000000079a600000| PB 0x000000079a600000| Untracked 
|1236|0x000000079a800000, 0x000000079a800000, 0x000000079aa00000|  0%| F|  |TAMS 0x000000079a800000| PB 0x000000079a800000| Untracked 
|1237|0x000000079aa00000, 0x000000079aa00000, 0x000000079ac00000|  0%| F|  |TAMS 0x000000079aa00000| PB 0x000000079aa00000| Untracked 
|1238|0x000000079ac00000, 0x000000079ac00000, 0x000000079ae00000|  0%| F|  |TAMS 0x000000079ac00000| PB 0x000000079ac00000| Untracked 
|1239|0x000000079ae00000, 0x000000079ae00000, 0x000000079b000000|  0%| F|  |TAMS 0x000000079ae00000| PB 0x000000079ae00000| Untracked 
|1240|0x000000079b000000, 0x000000079b000000, 0x000000079b200000|  0%| F|  |TAMS 0x000000079b000000| PB 0x000000079b000000| Untracked 
|1241|0x000000079b200000, 0x000000079b200000, 0x000000079b400000|  0%| F|  |TAMS 0x000000079b200000| PB 0x000000079b200000| Untracked 
|1242|0x000000079b400000, 0x000000079b400000, 0x000000079b600000|  0%| F|  |TAMS 0x000000079b400000| PB 0x000000079b400000| Untracked 
|1243|0x000000079b600000, 0x000000079b600000, 0x000000079b800000|  0%| F|  |TAMS 0x000000079b600000| PB 0x000000079b600000| Untracked 
|1244|0x000000079b800000, 0x000000079b800000, 0x000000079ba00000|  0%| F|  |TAMS 0x000000079b800000| PB 0x000000079b800000| Untracked 
|1245|0x000000079ba00000, 0x000000079ba00000, 0x000000079bc00000|  0%| F|  |TAMS 0x000000079ba00000| PB 0x000000079ba00000| Untracked 
|1246|0x000000079bc00000, 0x000000079bc00000, 0x000000079be00000|  0%| F|  |TAMS 0x000000079bc00000| PB 0x000000079bc00000| Untracked 
|1247|0x000000079be00000, 0x000000079be00000, 0x000000079c000000|  0%| F|  |TAMS 0x000000079be00000| PB 0x000000079be00000| Untracked 
|1248|0x000000079c000000, 0x000000079c000000, 0x000000079c200000|  0%| F|  |TAMS 0x000000079c000000| PB 0x000000079c000000| Untracked 
|1249|0x000000079c200000, 0x000000079c200000, 0x000000079c400000|  0%| F|  |TAMS 0x000000079c200000| PB 0x000000079c200000| Untracked 
|1250|0x000000079c400000, 0x000000079c400000, 0x000000079c600000|  0%| F|  |TAMS 0x000000079c400000| PB 0x000000079c400000| Untracked 
|1251|0x000000079c600000, 0x000000079c600000, 0x000000079c800000|  0%| F|  |TAMS 0x000000079c600000| PB 0x000000079c600000| Untracked 
|1252|0x000000079c800000, 0x000000079c800000, 0x000000079ca00000|  0%| F|  |TAMS 0x000000079c800000| PB 0x000000079c800000| Untracked 
|1253|0x000000079ca00000, 0x000000079ca00000, 0x000000079cc00000|  0%| F|  |TAMS 0x000000079ca00000| PB 0x000000079ca00000| Untracked 
|1254|0x000000079cc00000, 0x000000079cc00000, 0x000000079ce00000|  0%| F|  |TAMS 0x000000079cc00000| PB 0x000000079cc00000| Untracked 
|1255|0x000000079ce00000, 0x000000079ce00000, 0x000000079d000000|  0%| F|  |TAMS 0x000000079ce00000| PB 0x000000079ce00000| Untracked 
|1256|0x000000079d000000, 0x000000079d000000, 0x000000079d200000|  0%| F|  |TAMS 0x000000079d000000| PB 0x000000079d000000| Untracked 
|1257|0x000000079d200000, 0x000000079d200000, 0x000000079d400000|  0%| F|  |TAMS 0x000000079d200000| PB 0x000000079d200000| Untracked 
|1258|0x000000079d400000, 0x000000079d400000, 0x000000079d600000|  0%| F|  |TAMS 0x000000079d400000| PB 0x000000079d400000| Untracked 
|1259|0x000000079d600000, 0x000000079d600000, 0x000000079d800000|  0%| F|  |TAMS 0x000000079d600000| PB 0x000000079d600000| Untracked 
|1260|0x000000079d800000, 0x000000079d800000, 0x000000079da00000|  0%| F|  |TAMS 0x000000079d800000| PB 0x000000079d800000| Untracked 
|1261|0x000000079da00000, 0x000000079da00000, 0x000000079dc00000|  0%| F|  |TAMS 0x000000079da00000| PB 0x000000079da00000| Untracked 
|1262|0x000000079dc00000, 0x000000079dc00000, 0x000000079de00000|  0%| F|  |TAMS 0x000000079dc00000| PB 0x000000079dc00000| Untracked 
|1263|0x000000079de00000, 0x000000079de00000, 0x000000079e000000|  0%| F|  |TAMS 0x000000079de00000| PB 0x000000079de00000| Untracked 
|1264|0x000000079e000000, 0x000000079e000000, 0x000000079e200000|  0%| F|  |TAMS 0x000000079e000000| PB 0x000000079e000000| Untracked 
|1265|0x000000079e200000, 0x000000079e200000, 0x000000079e400000|  0%| F|  |TAMS 0x000000079e200000| PB 0x000000079e200000| Untracked 
|1266|0x000000079e400000, 0x000000079e400000, 0x000000079e600000|  0%| F|  |TAMS 0x000000079e400000| PB 0x000000079e400000| Untracked 
|1267|0x000000079e600000, 0x000000079e600000, 0x000000079e800000|  0%| F|  |TAMS 0x000000079e600000| PB 0x000000079e600000| Untracked 
|1268|0x000000079e800000, 0x000000079e800000, 0x000000079ea00000|  0%| F|  |TAMS 0x000000079e800000| PB 0x000000079e800000| Untracked 
|1269|0x000000079ea00000, 0x000000079ea00000, 0x000000079ec00000|  0%| F|  |TAMS 0x000000079ea00000| PB 0x000000079ea00000| Untracked 
|1270|0x000000079ec00000, 0x000000079ec00000, 0x000000079ee00000|  0%| F|  |TAMS 0x000000079ec00000| PB 0x000000079ec00000| Untracked 
|1271|0x000000079ee00000, 0x000000079ee00000, 0x000000079f000000|  0%| F|  |TAMS 0x000000079ee00000| PB 0x000000079ee00000| Untracked 
|1272|0x000000079f000000, 0x000000079f000000, 0x000000079f200000|  0%| F|  |TAMS 0x000000079f000000| PB 0x000000079f000000| Untracked 
|1273|0x000000079f200000, 0x000000079f200000, 0x000000079f400000|  0%| F|  |TAMS 0x000000079f200000| PB 0x000000079f200000| Untracked 
|1274|0x000000079f400000, 0x000000079f400000, 0x000000079f600000|  0%| F|  |TAMS 0x000000079f400000| PB 0x000000079f400000| Untracked 
|1275|0x000000079f600000, 0x000000079f600000, 0x000000079f800000|  0%| F|  |TAMS 0x000000079f600000| PB 0x000000079f600000| Untracked 
|1276|0x000000079f800000, 0x000000079f800000, 0x000000079fa00000|  0%| F|  |TAMS 0x000000079f800000| PB 0x000000079f800000| Untracked 
|1277|0x000000079fa00000, 0x000000079fa00000, 0x000000079fc00000|  0%| F|  |TAMS 0x000000079fa00000| PB 0x000000079fa00000| Untracked 
|1278|0x000000079fc00000, 0x000000079fc00000, 0x000000079fe00000|  0%| F|  |TAMS 0x000000079fc00000| PB 0x000000079fc00000| Untracked 
|1279|0x000000079fe00000, 0x000000079fe00000, 0x00000007a0000000|  0%| F|  |TAMS 0x000000079fe00000| PB 0x000000079fe00000| Untracked 
|1280|0x00000007a0000000, 0x00000007a0000000, 0x00000007a0200000|  0%| F|  |TAMS 0x00000007a0000000| PB 0x00000007a0000000| Untracked 
|1281|0x00000007a0200000, 0x00000007a0200000, 0x00000007a0400000|  0%| F|  |TAMS 0x00000007a0200000| PB 0x00000007a0200000| Untracked 
|1282|0x00000007a0400000, 0x00000007a0400000, 0x00000007a0600000|  0%| F|  |TAMS 0x00000007a0400000| PB 0x00000007a0400000| Untracked 
|1283|0x00000007a0600000, 0x00000007a0600000, 0x00000007a0800000|  0%| F|  |TAMS 0x00000007a0600000| PB 0x00000007a0600000| Untracked 
|1284|0x00000007a0800000, 0x00000007a0800000, 0x00000007a0a00000|  0%| F|  |TAMS 0x00000007a0800000| PB 0x00000007a0800000| Untracked 
|1285|0x00000007a0a00000, 0x00000007a0a00000, 0x00000007a0c00000|  0%| F|  |TAMS 0x00000007a0a00000| PB 0x00000007a0a00000| Untracked 
|1286|0x00000007a0c00000, 0x00000007a0c00000, 0x00000007a0e00000|  0%| F|  |TAMS 0x00000007a0c00000| PB 0x00000007a0c00000| Untracked 
|1287|0x00000007a0e00000, 0x00000007a0e00000, 0x00000007a1000000|  0%| F|  |TAMS 0x00000007a0e00000| PB 0x00000007a0e00000| Untracked 
|1288|0x00000007a1000000, 0x00000007a1000000, 0x00000007a1200000|  0%| F|  |TAMS 0x00000007a1000000| PB 0x00000007a1000000| Untracked 
|1289|0x00000007a1200000, 0x00000007a1200000, 0x00000007a1400000|  0%| F|  |TAMS 0x00000007a1200000| PB 0x00000007a1200000| Untracked 
|1290|0x00000007a1400000, 0x00000007a1400000, 0x00000007a1600000|  0%| F|  |TAMS 0x00000007a1400000| PB 0x00000007a1400000| Untracked 
|1291|0x00000007a1600000, 0x00000007a1600000, 0x00000007a1800000|  0%| F|  |TAMS 0x00000007a1600000| PB 0x00000007a1600000| Untracked 
|1292|0x00000007a1800000, 0x00000007a1800000, 0x00000007a1a00000|  0%| F|  |TAMS 0x00000007a1800000| PB 0x00000007a1800000| Untracked 
|1293|0x00000007a1a00000, 0x00000007a1a00000, 0x00000007a1c00000|  0%| F|  |TAMS 0x00000007a1a00000| PB 0x00000007a1a00000| Untracked 
|1294|0x00000007a1c00000, 0x00000007a1c00000, 0x00000007a1e00000|  0%| F|  |TAMS 0x00000007a1c00000| PB 0x00000007a1c00000| Untracked 
|1295|0x00000007a1e00000, 0x00000007a1e00000, 0x00000007a2000000|  0%| F|  |TAMS 0x00000007a1e00000| PB 0x00000007a1e00000| Untracked 
|1296|0x00000007a2000000, 0x00000007a2000000, 0x00000007a2200000|  0%| F|  |TAMS 0x00000007a2000000| PB 0x00000007a2000000| Untracked 
|1297|0x00000007a2200000, 0x00000007a2200000, 0x00000007a2400000|  0%| F|  |TAMS 0x00000007a2200000| PB 0x00000007a2200000| Untracked 
|1298|0x00000007a2400000, 0x00000007a2400000, 0x00000007a2600000|  0%| F|  |TAMS 0x00000007a2400000| PB 0x00000007a2400000| Untracked 
|1299|0x00000007a2600000, 0x00000007a2600000, 0x00000007a2800000|  0%| F|  |TAMS 0x00000007a2600000| PB 0x00000007a2600000| Untracked 
|1300|0x00000007a2800000, 0x00000007a2800000, 0x00000007a2a00000|  0%| F|  |TAMS 0x00000007a2800000| PB 0x00000007a2800000| Untracked 
|1301|0x00000007a2a00000, 0x00000007a2a00000, 0x00000007a2c00000|  0%| F|  |TAMS 0x00000007a2a00000| PB 0x00000007a2a00000| Untracked 
|1302|0x00000007a2c00000, 0x00000007a2c00000, 0x00000007a2e00000|  0%| F|  |TAMS 0x00000007a2c00000| PB 0x00000007a2c00000| Untracked 
|1303|0x00000007a2e00000, 0x00000007a2e00000, 0x00000007a3000000|  0%| F|  |TAMS 0x00000007a2e00000| PB 0x00000007a2e00000| Untracked 
|1304|0x00000007a3000000, 0x00000007a3000000, 0x00000007a3200000|  0%| F|  |TAMS 0x00000007a3000000| PB 0x00000007a3000000| Untracked 
|1305|0x00000007a3200000, 0x00000007a3200000, 0x00000007a3400000|  0%| F|  |TAMS 0x00000007a3200000| PB 0x00000007a3200000| Untracked 
|1306|0x00000007a3400000, 0x00000007a3400000, 0x00000007a3600000|  0%| F|  |TAMS 0x00000007a3400000| PB 0x00000007a3400000| Untracked 
|1307|0x00000007a3600000, 0x00000007a3600000, 0x00000007a3800000|  0%| F|  |TAMS 0x00000007a3600000| PB 0x00000007a3600000| Untracked 
|1308|0x00000007a3800000, 0x00000007a3800000, 0x00000007a3a00000|  0%| F|  |TAMS 0x00000007a3800000| PB 0x00000007a3800000| Untracked 
|1309|0x00000007a3a00000, 0x00000007a3a00000, 0x00000007a3c00000|  0%| F|  |TAMS 0x00000007a3a00000| PB 0x00000007a3a00000| Untracked 
|1310|0x00000007a3c00000, 0x00000007a3c00000, 0x00000007a3e00000|  0%| F|  |TAMS 0x00000007a3c00000| PB 0x00000007a3c00000| Untracked 
|1311|0x00000007a3e00000, 0x00000007a3e00000, 0x00000007a4000000|  0%| F|  |TAMS 0x00000007a3e00000| PB 0x00000007a3e00000| Untracked 
|1312|0x00000007a4000000, 0x00000007a4000000, 0x00000007a4200000|  0%| F|  |TAMS 0x00000007a4000000| PB 0x00000007a4000000| Untracked 
|1313|0x00000007a4200000, 0x00000007a4200000, 0x00000007a4400000|  0%| F|  |TAMS 0x00000007a4200000| PB 0x00000007a4200000| Untracked 
|1314|0x00000007a4400000, 0x00000007a4400000, 0x00000007a4600000|  0%| F|  |TAMS 0x00000007a4400000| PB 0x00000007a4400000| Untracked 
|1315|0x00000007a4600000, 0x00000007a4600000, 0x00000007a4800000|  0%| F|  |TAMS 0x00000007a4600000| PB 0x00000007a4600000| Untracked 
|1316|0x00000007a4800000, 0x00000007a4800000, 0x00000007a4a00000|  0%| F|  |TAMS 0x00000007a4800000| PB 0x00000007a4800000| Untracked 
|1317|0x00000007a4a00000, 0x00000007a4a00000, 0x00000007a4c00000|  0%| F|  |TAMS 0x00000007a4a00000| PB 0x00000007a4a00000| Untracked 
|1318|0x00000007a4c00000, 0x00000007a4c00000, 0x00000007a4e00000|  0%| F|  |TAMS 0x00000007a4c00000| PB 0x00000007a4c00000| Untracked 
|1319|0x00000007a4e00000, 0x00000007a4e00000, 0x00000007a5000000|  0%| F|  |TAMS 0x00000007a4e00000| PB 0x00000007a4e00000| Untracked 
|1320|0x00000007a5000000, 0x00000007a5000000, 0x00000007a5200000|  0%| F|  |TAMS 0x00000007a5000000| PB 0x00000007a5000000| Untracked 
|1321|0x00000007a5200000, 0x00000007a5200000, 0x00000007a5400000|  0%| F|  |TAMS 0x00000007a5200000| PB 0x00000007a5200000| Untracked 
|1322|0x00000007a5400000, 0x00000007a5400000, 0x00000007a5600000|  0%| F|  |TAMS 0x00000007a5400000| PB 0x00000007a5400000| Untracked 
|1323|0x00000007a5600000, 0x00000007a5600000, 0x00000007a5800000|  0%| F|  |TAMS 0x00000007a5600000| PB 0x00000007a5600000| Untracked 
|1324|0x00000007a5800000, 0x00000007a5800000, 0x00000007a5a00000|  0%| F|  |TAMS 0x00000007a5800000| PB 0x00000007a5800000| Untracked 
|1325|0x00000007a5a00000, 0x00000007a5a00000, 0x00000007a5c00000|  0%| F|  |TAMS 0x00000007a5a00000| PB 0x00000007a5a00000| Untracked 
|1326|0x00000007a5c00000, 0x00000007a5c00000, 0x00000007a5e00000|  0%| F|  |TAMS 0x00000007a5c00000| PB 0x00000007a5c00000| Untracked 
|1327|0x00000007a5e00000, 0x00000007a5e00000, 0x00000007a6000000|  0%| F|  |TAMS 0x00000007a5e00000| PB 0x00000007a5e00000| Untracked 
|1328|0x00000007a6000000, 0x00000007a6000000, 0x00000007a6200000|  0%| F|  |TAMS 0x00000007a6000000| PB 0x00000007a6000000| Untracked 
|1329|0x00000007a6200000, 0x00000007a6200000, 0x00000007a6400000|  0%| F|  |TAMS 0x00000007a6200000| PB 0x00000007a6200000| Untracked 
|1330|0x00000007a6400000, 0x00000007a6400000, 0x00000007a6600000|  0%| F|  |TAMS 0x00000007a6400000| PB 0x00000007a6400000| Untracked 
|1331|0x00000007a6600000, 0x00000007a6600000, 0x00000007a6800000|  0%| F|  |TAMS 0x00000007a6600000| PB 0x00000007a6600000| Untracked 
|1332|0x00000007a6800000, 0x00000007a6800000, 0x00000007a6a00000|  0%| F|  |TAMS 0x00000007a6800000| PB 0x00000007a6800000| Untracked 
|1333|0x00000007a6a00000, 0x00000007a6a00000, 0x00000007a6c00000|  0%| F|  |TAMS 0x00000007a6a00000| PB 0x00000007a6a00000| Untracked 
|1334|0x00000007a6c00000, 0x00000007a6c00000, 0x00000007a6e00000|  0%| F|  |TAMS 0x00000007a6c00000| PB 0x00000007a6c00000| Untracked 
|1335|0x00000007a6e00000, 0x00000007a6e00000, 0x00000007a7000000|  0%| F|  |TAMS 0x00000007a6e00000| PB 0x00000007a6e00000| Untracked 
|1336|0x00000007a7000000, 0x00000007a7000000, 0x00000007a7200000|  0%| F|  |TAMS 0x00000007a7000000| PB 0x00000007a7000000| Untracked 
|1337|0x00000007a7200000, 0x00000007a7200000, 0x00000007a7400000|  0%| F|  |TAMS 0x00000007a7200000| PB 0x00000007a7200000| Untracked 
|1338|0x00000007a7400000, 0x00000007a7400000, 0x00000007a7600000|  0%| F|  |TAMS 0x00000007a7400000| PB 0x00000007a7400000| Untracked 
|1339|0x00000007a7600000, 0x00000007a7600000, 0x00000007a7800000|  0%| F|  |TAMS 0x00000007a7600000| PB 0x00000007a7600000| Untracked 
|1340|0x00000007a7800000, 0x00000007a7800000, 0x00000007a7a00000|  0%| F|  |TAMS 0x00000007a7800000| PB 0x00000007a7800000| Untracked 
|1341|0x00000007a7a00000, 0x00000007a7a00000, 0x00000007a7c00000|  0%| F|  |TAMS 0x00000007a7a00000| PB 0x00000007a7a00000| Untracked 
|1342|0x00000007a7c00000, 0x00000007a7c00000, 0x00000007a7e00000|  0%| F|  |TAMS 0x00000007a7c00000| PB 0x00000007a7c00000| Untracked 
|1343|0x00000007a7e00000, 0x00000007a7e00000, 0x00000007a8000000|  0%| F|  |TAMS 0x00000007a7e00000| PB 0x00000007a7e00000| Untracked 
|1344|0x00000007a8000000, 0x00000007a8000000, 0x00000007a8200000|  0%| F|  |TAMS 0x00000007a8000000| PB 0x00000007a8000000| Untracked 
|1345|0x00000007a8200000, 0x00000007a8200000, 0x00000007a8400000|  0%| F|  |TAMS 0x00000007a8200000| PB 0x00000007a8200000| Untracked 
|1346|0x00000007a8400000, 0x00000007a8400000, 0x00000007a8600000|  0%| F|  |TAMS 0x00000007a8400000| PB 0x00000007a8400000| Untracked 
|1347|0x00000007a8600000, 0x00000007a8600000, 0x00000007a8800000|  0%| F|  |TAMS 0x00000007a8600000| PB 0x00000007a8600000| Untracked 
|1348|0x00000007a8800000, 0x00000007a8800000, 0x00000007a8a00000|  0%| F|  |TAMS 0x00000007a8800000| PB 0x00000007a8800000| Untracked 
|1349|0x00000007a8a00000, 0x00000007a8a00000, 0x00000007a8c00000|  0%| F|  |TAMS 0x00000007a8a00000| PB 0x00000007a8a00000| Untracked 
|1350|0x00000007a8c00000, 0x00000007a8c00000, 0x00000007a8e00000|  0%| F|  |TAMS 0x00000007a8c00000| PB 0x00000007a8c00000| Untracked 
|1351|0x00000007a8e00000, 0x00000007a8e00000, 0x00000007a9000000|  0%| F|  |TAMS 0x00000007a8e00000| PB 0x00000007a8e00000| Untracked 
|1352|0x00000007a9000000, 0x00000007a9000000, 0x00000007a9200000|  0%| F|  |TAMS 0x00000007a9000000| PB 0x00000007a9000000| Untracked 
|1353|0x00000007a9200000, 0x00000007a9200000, 0x00000007a9400000|  0%| F|  |TAMS 0x00000007a9200000| PB 0x00000007a9200000| Untracked 
|1354|0x00000007a9400000, 0x00000007a9400000, 0x00000007a9600000|  0%| F|  |TAMS 0x00000007a9400000| PB 0x00000007a9400000| Untracked 
|1355|0x00000007a9600000, 0x00000007a9600000, 0x00000007a9800000|  0%| F|  |TAMS 0x00000007a9600000| PB 0x00000007a9600000| Untracked 
|1356|0x00000007a9800000, 0x00000007a9800000, 0x00000007a9a00000|  0%| F|  |TAMS 0x00000007a9800000| PB 0x00000007a9800000| Untracked 
|1357|0x00000007a9a00000, 0x00000007a9a00000, 0x00000007a9c00000|  0%| F|  |TAMS 0x00000007a9a00000| PB 0x00000007a9a00000| Untracked 
|1358|0x00000007a9c00000, 0x00000007a9c00000, 0x00000007a9e00000|  0%| F|  |TAMS 0x00000007a9c00000| PB 0x00000007a9c00000| Untracked 
|1359|0x00000007a9e00000, 0x00000007a9e00000, 0x00000007aa000000|  0%| F|  |TAMS 0x00000007a9e00000| PB 0x00000007a9e00000| Untracked 
|1360|0x00000007aa000000, 0x00000007aa000000, 0x00000007aa200000|  0%| F|  |TAMS 0x00000007aa000000| PB 0x00000007aa000000| Untracked 
|1361|0x00000007aa200000, 0x00000007aa200000, 0x00000007aa400000|  0%| F|  |TAMS 0x00000007aa200000| PB 0x00000007aa200000| Untracked 
|1362|0x00000007aa400000, 0x00000007aa400000, 0x00000007aa600000|  0%| F|  |TAMS 0x00000007aa400000| PB 0x00000007aa400000| Untracked 
|1363|0x00000007aa600000, 0x00000007aa600000, 0x00000007aa800000|  0%| F|  |TAMS 0x00000007aa600000| PB 0x00000007aa600000| Untracked 
|1364|0x00000007aa800000, 0x00000007aa800000, 0x00000007aaa00000|  0%| F|  |TAMS 0x00000007aa800000| PB 0x00000007aa800000| Untracked 
|1365|0x00000007aaa00000, 0x00000007aaa00000, 0x00000007aac00000|  0%| F|  |TAMS 0x00000007aaa00000| PB 0x00000007aaa00000| Untracked 
|1366|0x00000007aac00000, 0x00000007aac00000, 0x00000007aae00000|  0%| F|  |TAMS 0x00000007aac00000| PB 0x00000007aac00000| Untracked 
|1367|0x00000007aae00000, 0x00000007aae00000, 0x00000007ab000000|  0%| F|  |TAMS 0x00000007aae00000| PB 0x00000007aae00000| Untracked 
|1368|0x00000007ab000000, 0x00000007ab000000, 0x00000007ab200000|  0%| F|  |TAMS 0x00000007ab000000| PB 0x00000007ab000000| Untracked 
|1369|0x00000007ab200000, 0x00000007ab200000, 0x00000007ab400000|  0%| F|  |TAMS 0x00000007ab200000| PB 0x00000007ab200000| Untracked 
|1370|0x00000007ab400000, 0x00000007ab400000, 0x00000007ab600000|  0%| F|  |TAMS 0x00000007ab400000| PB 0x00000007ab400000| Untracked 
|1371|0x00000007ab600000, 0x00000007ab600000, 0x00000007ab800000|  0%| F|  |TAMS 0x00000007ab600000| PB 0x00000007ab600000| Untracked 
|1372|0x00000007ab800000, 0x00000007ab800000, 0x00000007aba00000|  0%| F|  |TAMS 0x00000007ab800000| PB 0x00000007ab800000| Untracked 
|1373|0x00000007aba00000, 0x00000007aba00000, 0x00000007abc00000|  0%| F|  |TAMS 0x00000007aba00000| PB 0x00000007aba00000| Untracked 
|1374|0x00000007abc00000, 0x00000007abc00000, 0x00000007abe00000|  0%| F|  |TAMS 0x00000007abc00000| PB 0x00000007abc00000| Untracked 
|1375|0x00000007abe00000, 0x00000007abe00000, 0x00000007ac000000|  0%| F|  |TAMS 0x00000007abe00000| PB 0x00000007abe00000| Untracked 
|1376|0x00000007ac000000, 0x00000007ac000000, 0x00000007ac200000|  0%| F|  |TAMS 0x00000007ac000000| PB 0x00000007ac000000| Untracked 
|1377|0x00000007ac200000, 0x00000007ac200000, 0x00000007ac400000|  0%| F|  |TAMS 0x00000007ac200000| PB 0x00000007ac200000| Untracked 
|1378|0x00000007ac400000, 0x00000007ac400000, 0x00000007ac600000|  0%| F|  |TAMS 0x00000007ac400000| PB 0x00000007ac400000| Untracked 
|1379|0x00000007ac600000, 0x00000007ac600000, 0x00000007ac800000|  0%| F|  |TAMS 0x00000007ac600000| PB 0x00000007ac600000| Untracked 
|1380|0x00000007ac800000, 0x00000007ac800000, 0x00000007aca00000|  0%| F|  |TAMS 0x00000007ac800000| PB 0x00000007ac800000| Untracked 
|1381|0x00000007aca00000, 0x00000007aca00000, 0x00000007acc00000|  0%| F|  |TAMS 0x00000007aca00000| PB 0x00000007aca00000| Untracked 
|1382|0x00000007acc00000, 0x00000007acc00000, 0x00000007ace00000|  0%| F|  |TAMS 0x00000007acc00000| PB 0x00000007acc00000| Untracked 
|1383|0x00000007ace00000, 0x00000007ace00000, 0x00000007ad000000|  0%| F|  |TAMS 0x00000007ace00000| PB 0x00000007ace00000| Untracked 
|1384|0x00000007ad000000, 0x00000007ad000000, 0x00000007ad200000|  0%| F|  |TAMS 0x00000007ad000000| PB 0x00000007ad000000| Untracked 
|1385|0x00000007ad200000, 0x00000007ad300000, 0x00000007ad400000| 50%| S|CS|TAMS 0x00000007ad200000| PB 0x00000007ad200000| Complete 
|1386|0x00000007ad400000, 0x00000007ad600000, 0x00000007ad600000|100%| S|CS|TAMS 0x00000007ad400000| PB 0x00000007ad400000| Complete 
|1387|0x00000007ad600000, 0x00000007ad800000, 0x00000007ad800000|100%| S|CS|TAMS 0x00000007ad600000| PB 0x00000007ad600000| Complete 
|1388|0x00000007ad800000, 0x00000007ada00000, 0x00000007ada00000|100%| S|CS|TAMS 0x00000007ad800000| PB 0x00000007ad800000| Complete 
|1389|0x00000007ada00000, 0x00000007adc00000, 0x00000007adc00000|100%| S|CS|TAMS 0x00000007ada00000| PB 0x00000007ada00000| Complete 
|1390|0x00000007adc00000, 0x00000007ade00000, 0x00000007ade00000|100%| S|CS|TAMS 0x00000007adc00000| PB 0x00000007adc00000| Complete 
|1391|0x00000007ade00000, 0x00000007ae000000, 0x00000007ae000000|100%| S|CS|TAMS 0x00000007ade00000| PB 0x00000007ade00000| Complete 
|1392|0x00000007ae000000, 0x00000007ae200000, 0x00000007ae200000|100%| S|CS|TAMS 0x00000007ae000000| PB 0x00000007ae000000| Complete 
|1393|0x00000007ae200000, 0x00000007ae400000, 0x00000007ae400000|100%| S|CS|TAMS 0x00000007ae200000| PB 0x00000007ae200000| Complete 
|1394|0x00000007ae400000, 0x00000007ae600000, 0x00000007ae600000|100%| S|CS|TAMS 0x00000007ae400000| PB 0x00000007ae400000| Complete 
|1395|0x00000007ae600000, 0x00000007ae800000, 0x00000007ae800000|100%| S|CS|TAMS 0x00000007ae600000| PB 0x00000007ae600000| Complete 
|1396|0x00000007ae800000, 0x00000007aea00000, 0x00000007aea00000|100%| S|CS|TAMS 0x00000007ae800000| PB 0x00000007ae800000| Complete 
|1397|0x00000007aea00000, 0x00000007aec00000, 0x00000007aec00000|100%| S|CS|TAMS 0x00000007aea00000| PB 0x00000007aea00000| Complete 
|1398|0x00000007aec00000, 0x00000007aec00000, 0x00000007aee00000|  0%| F|  |TAMS 0x00000007aec00000| PB 0x00000007aec00000| Untracked 
|1399|0x00000007aee00000, 0x00000007aee00000, 0x00000007af000000|  0%| F|  |TAMS 0x00000007aee00000| PB 0x00000007aee00000| Untracked 
|1400|0x00000007af000000, 0x00000007af000000, 0x00000007af200000|  0%| F|  |TAMS 0x00000007af000000| PB 0x00000007af000000| Untracked 
|1401|0x00000007af200000, 0x00000007af200000, 0x00000007af400000|  0%| F|  |TAMS 0x00000007af200000| PB 0x00000007af200000| Untracked 
|1402|0x00000007af400000, 0x00000007af400000, 0x00000007af600000|  0%| F|  |TAMS 0x00000007af400000| PB 0x00000007af400000| Untracked 
|1403|0x00000007af600000, 0x00000007af600000, 0x00000007af800000|  0%| F|  |TAMS 0x00000007af600000| PB 0x00000007af600000| Untracked 
|1404|0x00000007af800000, 0x00000007af800000, 0x00000007afa00000|  0%| F|  |TAMS 0x00000007af800000| PB 0x00000007af800000| Untracked 
|1405|0x00000007afa00000, 0x00000007afa00000, 0x00000007afc00000|  0%| F|  |TAMS 0x00000007afa00000| PB 0x00000007afa00000| Untracked 
|1406|0x00000007afc00000, 0x00000007afc00000, 0x00000007afe00000|  0%| F|  |TAMS 0x00000007afc00000| PB 0x00000007afc00000| Untracked 
|1407|0x00000007afe00000, 0x00000007afe00000, 0x00000007b0000000|  0%| F|  |TAMS 0x00000007afe00000| PB 0x00000007afe00000| Untracked 
|1408|0x00000007b0000000, 0x00000007b0000000, 0x00000007b0200000|  0%| F|  |TAMS 0x00000007b0000000| PB 0x00000007b0000000| Untracked 
|1409|0x00000007b0200000, 0x00000007b0200000, 0x00000007b0400000|  0%| F|  |TAMS 0x00000007b0200000| PB 0x00000007b0200000| Untracked 
|1410|0x00000007b0400000, 0x00000007b0400000, 0x00000007b0600000|  0%| F|  |TAMS 0x00000007b0400000| PB 0x00000007b0400000| Untracked 
|1411|0x00000007b0600000, 0x00000007b0600000, 0x00000007b0800000|  0%| F|  |TAMS 0x00000007b0600000| PB 0x00000007b0600000| Untracked 
|1412|0x00000007b0800000, 0x00000007b0800000, 0x00000007b0a00000|  0%| F|  |TAMS 0x00000007b0800000| PB 0x00000007b0800000| Untracked 
|1413|0x00000007b0a00000, 0x00000007b0a00000, 0x00000007b0c00000|  0%| F|  |TAMS 0x00000007b0a00000| PB 0x00000007b0a00000| Untracked 
|1414|0x00000007b0c00000, 0x00000007b0c00000, 0x00000007b0e00000|  0%| F|  |TAMS 0x00000007b0c00000| PB 0x00000007b0c00000| Untracked 
|1415|0x00000007b0e00000, 0x00000007b0e00000, 0x00000007b1000000|  0%| F|  |TAMS 0x00000007b0e00000| PB 0x00000007b0e00000| Untracked 
|1416|0x00000007b1000000, 0x00000007b1000000, 0x00000007b1200000|  0%| F|  |TAMS 0x00000007b1000000| PB 0x00000007b1000000| Untracked 
|1417|0x00000007b1200000, 0x00000007b1200000, 0x00000007b1400000|  0%| F|  |TAMS 0x00000007b1200000| PB 0x00000007b1200000| Untracked 
|1418|0x00000007b1400000, 0x00000007b1400000, 0x00000007b1600000|  0%| F|  |TAMS 0x00000007b1400000| PB 0x00000007b1400000| Untracked 
|1419|0x00000007b1600000, 0x00000007b1600000, 0x00000007b1800000|  0%| F|  |TAMS 0x00000007b1600000| PB 0x00000007b1600000| Untracked 
|1420|0x00000007b1800000, 0x00000007b1800000, 0x00000007b1a00000|  0%| F|  |TAMS 0x00000007b1800000| PB 0x00000007b1800000| Untracked 
|1421|0x00000007b1a00000, 0x00000007b1a00000, 0x00000007b1c00000|  0%| F|  |TAMS 0x00000007b1a00000| PB 0x00000007b1a00000| Untracked 
|1422|0x00000007b1c00000, 0x00000007b1c00000, 0x00000007b1e00000|  0%| F|  |TAMS 0x00000007b1c00000| PB 0x00000007b1c00000| Untracked 
|1423|0x00000007b1e00000, 0x00000007b1e00000, 0x00000007b2000000|  0%| F|  |TAMS 0x00000007b1e00000| PB 0x00000007b1e00000| Untracked 
|1424|0x00000007b2000000, 0x00000007b2000000, 0x00000007b2200000|  0%| F|  |TAMS 0x00000007b2000000| PB 0x00000007b2000000| Untracked 
|1425|0x00000007b2200000, 0x00000007b2200000, 0x00000007b2400000|  0%| F|  |TAMS 0x00000007b2200000| PB 0x00000007b2200000| Untracked 
|1426|0x00000007b2400000, 0x00000007b2400000, 0x00000007b2600000|  0%| F|  |TAMS 0x00000007b2400000| PB 0x00000007b2400000| Untracked 
|1427|0x00000007b2600000, 0x00000007b2600000, 0x00000007b2800000|  0%| F|  |TAMS 0x00000007b2600000| PB 0x00000007b2600000| Untracked 
|1428|0x00000007b2800000, 0x00000007b2800000, 0x00000007b2a00000|  0%| F|  |TAMS 0x00000007b2800000| PB 0x00000007b2800000| Untracked 
|1429|0x00000007b2a00000, 0x00000007b2a00000, 0x00000007b2c00000|  0%| F|  |TAMS 0x00000007b2a00000| PB 0x00000007b2a00000| Untracked 
|1430|0x00000007b2c00000, 0x00000007b2c00000, 0x00000007b2e00000|  0%| F|  |TAMS 0x00000007b2c00000| PB 0x00000007b2c00000| Untracked 
|1431|0x00000007b2e00000, 0x00000007b2e00000, 0x00000007b3000000|  0%| F|  |TAMS 0x00000007b2e00000| PB 0x00000007b2e00000| Untracked 
|1432|0x00000007b3000000, 0x00000007b3000000, 0x00000007b3200000|  0%| F|  |TAMS 0x00000007b3000000| PB 0x00000007b3000000| Untracked 
|1433|0x00000007b3200000, 0x00000007b3200000, 0x00000007b3400000|  0%| F|  |TAMS 0x00000007b3200000| PB 0x00000007b3200000| Untracked 
|1434|0x00000007b3400000, 0x00000007b3400000, 0x00000007b3600000|  0%| F|  |TAMS 0x00000007b3400000| PB 0x00000007b3400000| Untracked 
|1435|0x00000007b3600000, 0x00000007b3600000, 0x00000007b3800000|  0%| F|  |TAMS 0x00000007b3600000| PB 0x00000007b3600000| Untracked 
|1436|0x00000007b3800000, 0x00000007b3800000, 0x00000007b3a00000|  0%| F|  |TAMS 0x00000007b3800000| PB 0x00000007b3800000| Untracked 
|1437|0x00000007b3a00000, 0x00000007b3a00000, 0x00000007b3c00000|  0%| F|  |TAMS 0x00000007b3a00000| PB 0x00000007b3a00000| Untracked 
|1438|0x00000007b3c00000, 0x00000007b3c00000, 0x00000007b3e00000|  0%| F|  |TAMS 0x00000007b3c00000| PB 0x00000007b3c00000| Untracked 
|1439|0x00000007b3e00000, 0x00000007b3e00000, 0x00000007b4000000|  0%| F|  |TAMS 0x00000007b3e00000| PB 0x00000007b3e00000| Untracked 
|1440|0x00000007b4000000, 0x00000007b4000000, 0x00000007b4200000|  0%| F|  |TAMS 0x00000007b4000000| PB 0x00000007b4000000| Untracked 
|1441|0x00000007b4200000, 0x00000007b4200000, 0x00000007b4400000|  0%| F|  |TAMS 0x00000007b4200000| PB 0x00000007b4200000| Untracked 
|1442|0x00000007b4400000, 0x00000007b4400000, 0x00000007b4600000|  0%| F|  |TAMS 0x00000007b4400000| PB 0x00000007b4400000| Untracked 
|1443|0x00000007b4600000, 0x00000007b4600000, 0x00000007b4800000|  0%| F|  |TAMS 0x00000007b4600000| PB 0x00000007b4600000| Untracked 
|1444|0x00000007b4800000, 0x00000007b4800000, 0x00000007b4a00000|  0%| F|  |TAMS 0x00000007b4800000| PB 0x00000007b4800000| Untracked 
|1445|0x00000007b4a00000, 0x00000007b4a00000, 0x00000007b4c00000|  0%| F|  |TAMS 0x00000007b4a00000| PB 0x00000007b4a00000| Untracked 
|1446|0x00000007b4c00000, 0x00000007b4c00000, 0x00000007b4e00000|  0%| F|  |TAMS 0x00000007b4c00000| PB 0x00000007b4c00000| Untracked 
|1447|0x00000007b4e00000, 0x00000007b4e00000, 0x00000007b5000000|  0%| F|  |TAMS 0x00000007b4e00000| PB 0x00000007b4e00000| Untracked 
|1448|0x00000007b5000000, 0x00000007b5000000, 0x00000007b5200000|  0%| F|  |TAMS 0x00000007b5000000| PB 0x00000007b5000000| Untracked 
|1449|0x00000007b5200000, 0x00000007b5200000, 0x00000007b5400000|  0%| F|  |TAMS 0x00000007b5200000| PB 0x00000007b5200000| Untracked 
|1450|0x00000007b5400000, 0x00000007b5400000, 0x00000007b5600000|  0%| F|  |TAMS 0x00000007b5400000| PB 0x00000007b5400000| Untracked 
|1451|0x00000007b5600000, 0x00000007b5600000, 0x00000007b5800000|  0%| F|  |TAMS 0x00000007b5600000| PB 0x00000007b5600000| Untracked 
|1452|0x00000007b5800000, 0x00000007b5800000, 0x00000007b5a00000|  0%| F|  |TAMS 0x00000007b5800000| PB 0x00000007b5800000| Untracked 
|1453|0x00000007b5a00000, 0x00000007b5a00000, 0x00000007b5c00000|  0%| F|  |TAMS 0x00000007b5a00000| PB 0x00000007b5a00000| Untracked 
|1454|0x00000007b5c00000, 0x00000007b5c00000, 0x00000007b5e00000|  0%| F|  |TAMS 0x00000007b5c00000| PB 0x00000007b5c00000| Untracked 
|1455|0x00000007b5e00000, 0x00000007b5e00000, 0x00000007b6000000|  0%| F|  |TAMS 0x00000007b5e00000| PB 0x00000007b5e00000| Untracked 
|1456|0x00000007b6000000, 0x00000007b6000000, 0x00000007b6200000|  0%| F|  |TAMS 0x00000007b6000000| PB 0x00000007b6000000| Untracked 
|1457|0x00000007b6200000, 0x00000007b6200000, 0x00000007b6400000|  0%| F|  |TAMS 0x00000007b6200000| PB 0x00000007b6200000| Untracked 
|1458|0x00000007b6400000, 0x00000007b6400000, 0x00000007b6600000|  0%| F|  |TAMS 0x00000007b6400000| PB 0x00000007b6400000| Untracked 
|1459|0x00000007b6600000, 0x00000007b6712340, 0x00000007b6800000| 53%| E|  |TAMS 0x00000007b6600000| PB 0x00000007b6600000| Complete 
|1460|0x00000007b6800000, 0x00000007b6a00000, 0x00000007b6a00000|100%| E|CS|TAMS 0x00000007b6800000| PB 0x00000007b6800000| Complete 
|1461|0x00000007b6a00000, 0x00000007b6c00000, 0x00000007b6c00000|100%| E|CS|TAMS 0x00000007b6a00000| PB 0x00000007b6a00000| Complete 
|1462|0x00000007b6c00000, 0x00000007b6e00000, 0x00000007b6e00000|100%| E|CS|TAMS 0x00000007b6c00000| PB 0x00000007b6c00000| Complete 
|1463|0x00000007b6e00000, 0x00000007b7000000, 0x00000007b7000000|100%| E|CS|TAMS 0x00000007b6e00000| PB 0x00000007b6e00000| Complete 
|1464|0x00000007b7000000, 0x00000007b7200000, 0x00000007b7200000|100%| E|CS|TAMS 0x00000007b7000000| PB 0x00000007b7000000| Complete 
|1465|0x00000007b7200000, 0x00000007b7400000, 0x00000007b7400000|100%| E|CS|TAMS 0x00000007b7200000| PB 0x00000007b7200000| Complete 
|1466|0x00000007b7400000, 0x00000007b7600000, 0x00000007b7600000|100%| E|CS|TAMS 0x00000007b7400000| PB 0x00000007b7400000| Complete 
|1467|0x00000007b7600000, 0x00000007b7800000, 0x00000007b7800000|100%| E|CS|TAMS 0x00000007b7600000| PB 0x00000007b7600000| Complete 
|1468|0x00000007b7800000, 0x00000007b7a00000, 0x00000007b7a00000|100%| E|CS|TAMS 0x00000007b7800000| PB 0x00000007b7800000| Complete 
|1469|0x00000007b7a00000, 0x00000007b7c00000, 0x00000007b7c00000|100%| E|CS|TAMS 0x00000007b7a00000| PB 0x00000007b7a00000| Complete 
|1470|0x00000007b7c00000, 0x00000007b7e00000, 0x00000007b7e00000|100%| E|CS|TAMS 0x00000007b7c00000| PB 0x00000007b7c00000| Complete 
|1471|0x00000007b7e00000, 0x00000007b8000000, 0x00000007b8000000|100%| E|CS|TAMS 0x00000007b7e00000| PB 0x00000007b7e00000| Complete 
|1472|0x00000007b8000000, 0x00000007b8200000, 0x00000007b8200000|100%| E|CS|TAMS 0x00000007b8000000| PB 0x00000007b8000000| Complete 
|1473|0x00000007b8200000, 0x00000007b8400000, 0x00000007b8400000|100%| E|CS|TAMS 0x00000007b8200000| PB 0x00000007b8200000| Complete 
|1474|0x00000007b8400000, 0x00000007b8600000, 0x00000007b8600000|100%| E|CS|TAMS 0x00000007b8400000| PB 0x00000007b8400000| Complete 
|1475|0x00000007b8600000, 0x00000007b8800000, 0x00000007b8800000|100%| E|CS|TAMS 0x00000007b8600000| PB 0x00000007b8600000| Complete 
|1476|0x00000007b8800000, 0x00000007b8a00000, 0x00000007b8a00000|100%| E|CS|TAMS 0x00000007b8800000| PB 0x00000007b8800000| Complete 
|1477|0x00000007b8a00000, 0x00000007b8c00000, 0x00000007b8c00000|100%| E|CS|TAMS 0x00000007b8a00000| PB 0x00000007b8a00000| Complete 
|1478|0x00000007b8c00000, 0x00000007b8e00000, 0x00000007b8e00000|100%| E|CS|TAMS 0x00000007b8c00000| PB 0x00000007b8c00000| Complete 
|1479|0x00000007b8e00000, 0x00000007b9000000, 0x00000007b9000000|100%| E|CS|TAMS 0x00000007b8e00000| PB 0x00000007b8e00000| Complete 
|1480|0x00000007b9000000, 0x00000007b9200000, 0x00000007b9200000|100%| E|CS|TAMS 0x00000007b9000000| PB 0x00000007b9000000| Complete 
|1481|0x00000007b9200000, 0x00000007b9400000, 0x00000007b9400000|100%| E|CS|TAMS 0x00000007b9200000| PB 0x00000007b9200000| Complete 
|1482|0x00000007b9400000, 0x00000007b9600000, 0x00000007b9600000|100%| E|CS|TAMS 0x00000007b9400000| PB 0x00000007b9400000| Complete 
|1483|0x00000007b9600000, 0x00000007b9800000, 0x00000007b9800000|100%| E|CS|TAMS 0x00000007b9600000| PB 0x00000007b9600000| Complete 
|1484|0x00000007b9800000, 0x00000007b9a00000, 0x00000007b9a00000|100%| E|CS|TAMS 0x00000007b9800000| PB 0x00000007b9800000| Complete 
|1485|0x00000007b9a00000, 0x00000007b9c00000, 0x00000007b9c00000|100%| E|CS|TAMS 0x00000007b9a00000| PB 0x00000007b9a00000| Complete 
|1486|0x00000007b9c00000, 0x00000007b9e00000, 0x00000007b9e00000|100%| E|CS|TAMS 0x00000007b9c00000| PB 0x00000007b9c00000| Complete 
|1487|0x00000007b9e00000, 0x00000007ba000000, 0x00000007ba000000|100%| E|CS|TAMS 0x00000007b9e00000| PB 0x00000007b9e00000| Complete 
|1488|0x00000007ba000000, 0x00000007ba200000, 0x00000007ba200000|100%| E|CS|TAMS 0x00000007ba000000| PB 0x00000007ba000000| Complete 
|1489|0x00000007ba200000, 0x00000007ba400000, 0x00000007ba400000|100%| E|CS|TAMS 0x00000007ba200000| PB 0x00000007ba200000| Complete 
|1490|0x00000007ba400000, 0x00000007ba600000, 0x00000007ba600000|100%| E|CS|TAMS 0x00000007ba400000| PB 0x00000007ba400000| Complete 
|1491|0x00000007ba600000, 0x00000007ba800000, 0x00000007ba800000|100%| E|CS|TAMS 0x00000007ba600000| PB 0x00000007ba600000| Complete 
|1492|0x00000007ba800000, 0x00000007baa00000, 0x00000007baa00000|100%| E|CS|TAMS 0x00000007ba800000| PB 0x00000007ba800000| Complete 
|1493|0x00000007baa00000, 0x00000007bac00000, 0x00000007bac00000|100%| E|CS|TAMS 0x00000007baa00000| PB 0x00000007baa00000| Complete 
|1494|0x00000007bac00000, 0x00000007bae00000, 0x00000007bae00000|100%| E|CS|TAMS 0x00000007bac00000| PB 0x00000007bac00000| Complete 
|1495|0x00000007bae00000, 0x00000007bb000000, 0x00000007bb000000|100%| E|CS|TAMS 0x00000007bae00000| PB 0x00000007bae00000| Complete 
|1496|0x00000007bb000000, 0x00000007bb200000, 0x00000007bb200000|100%| E|CS|TAMS 0x00000007bb000000| PB 0x00000007bb000000| Complete 
|1497|0x00000007bb200000, 0x00000007bb400000, 0x00000007bb400000|100%| E|CS|TAMS 0x00000007bb200000| PB 0x00000007bb200000| Complete 
|1498|0x00000007bb400000, 0x00000007bb600000, 0x00000007bb600000|100%| E|CS|TAMS 0x00000007bb400000| PB 0x00000007bb400000| Complete 
|1499|0x00000007bb600000, 0x00000007bb800000, 0x00000007bb800000|100%| E|CS|TAMS 0x00000007bb600000| PB 0x00000007bb600000| Complete 
|1500|0x00000007bb800000, 0x00000007bba00000, 0x00000007bba00000|100%| E|CS|TAMS 0x00000007bb800000| PB 0x00000007bb800000| Complete 
|1501|0x00000007bba00000, 0x00000007bbc00000, 0x00000007bbc00000|100%| E|CS|TAMS 0x00000007bba00000| PB 0x00000007bba00000| Complete 
|1502|0x00000007bbc00000, 0x00000007bbe00000, 0x00000007bbe00000|100%| E|CS|TAMS 0x00000007bbc00000| PB 0x00000007bbc00000| Complete 
|1503|0x00000007bbe00000, 0x00000007bc000000, 0x00000007bc000000|100%| E|CS|TAMS 0x00000007bbe00000| PB 0x00000007bbe00000| Complete 
|1504|0x00000007bc000000, 0x00000007bc200000, 0x00000007bc200000|100%| E|CS|TAMS 0x00000007bc000000| PB 0x00000007bc000000| Complete 
|1505|0x00000007bc200000, 0x00000007bc400000, 0x00000007bc400000|100%| E|CS|TAMS 0x00000007bc200000| PB 0x00000007bc200000| Complete 
|1506|0x00000007bc400000, 0x00000007bc600000, 0x00000007bc600000|100%| E|CS|TAMS 0x00000007bc400000| PB 0x00000007bc400000| Complete 
|1507|0x00000007bc600000, 0x00000007bc800000, 0x00000007bc800000|100%| E|CS|TAMS 0x00000007bc600000| PB 0x00000007bc600000| Complete 
|1508|0x00000007bc800000, 0x00000007bca00000, 0x00000007bca00000|100%| E|CS|TAMS 0x00000007bc800000| PB 0x00000007bc800000| Complete 
|1509|0x00000007bca00000, 0x00000007bcc00000, 0x00000007bcc00000|100%| E|CS|TAMS 0x00000007bca00000| PB 0x00000007bca00000| Complete 
|1510|0x00000007bcc00000, 0x00000007bce00000, 0x00000007bce00000|100%| E|CS|TAMS 0x00000007bcc00000| PB 0x00000007bcc00000| Complete 
|1511|0x00000007bce00000, 0x00000007bd000000, 0x00000007bd000000|100%| E|CS|TAMS 0x00000007bce00000| PB 0x00000007bce00000| Complete 
|1512|0x00000007bd000000, 0x00000007bd200000, 0x00000007bd200000|100%| E|CS|TAMS 0x00000007bd000000| PB 0x00000007bd000000| Complete 
|1513|0x00000007bd200000, 0x00000007bd400000, 0x00000007bd400000|100%| E|CS|TAMS 0x00000007bd200000| PB 0x00000007bd200000| Complete 
|1514|0x00000007bd400000, 0x00000007bd600000, 0x00000007bd600000|100%| E|CS|TAMS 0x00000007bd400000| PB 0x00000007bd400000| Complete 
|1515|0x00000007bd600000, 0x00000007bd800000, 0x00000007bd800000|100%| E|CS|TAMS 0x00000007bd600000| PB 0x00000007bd600000| Complete 
|1516|0x00000007bd800000, 0x00000007bda00000, 0x00000007bda00000|100%| E|CS|TAMS 0x00000007bd800000| PB 0x00000007bd800000| Complete 
|1517|0x00000007bda00000, 0x00000007bdc00000, 0x00000007bdc00000|100%| E|CS|TAMS 0x00000007bda00000| PB 0x00000007bda00000| Complete 
|1518|0x00000007bdc00000, 0x00000007bde00000, 0x00000007bde00000|100%| E|CS|TAMS 0x00000007bdc00000| PB 0x00000007bdc00000| Complete 
|1519|0x00000007bde00000, 0x00000007be000000, 0x00000007be000000|100%| E|CS|TAMS 0x00000007bde00000| PB 0x00000007bde00000| Complete 
|1520|0x00000007be000000, 0x00000007be200000, 0x00000007be200000|100%| E|CS|TAMS 0x00000007be000000| PB 0x00000007be000000| Complete 
|1521|0x00000007be200000, 0x00000007be400000, 0x00000007be400000|100%| E|CS|TAMS 0x00000007be200000| PB 0x00000007be200000| Complete 
|1522|0x00000007be400000, 0x00000007be600000, 0x00000007be600000|100%| E|CS|TAMS 0x00000007be400000| PB 0x00000007be400000| Complete 
|1523|0x00000007be600000, 0x00000007be800000, 0x00000007be800000|100%| E|CS|TAMS 0x00000007be600000| PB 0x00000007be600000| Complete 
|1524|0x00000007be800000, 0x00000007bea00000, 0x00000007bea00000|100%| E|CS|TAMS 0x00000007be800000| PB 0x00000007be800000| Complete 
|1525|0x00000007bea00000, 0x00000007bec00000, 0x00000007bec00000|100%| E|CS|TAMS 0x00000007bea00000| PB 0x00000007bea00000| Complete 
|1526|0x00000007bec00000, 0x00000007bee00000, 0x00000007bee00000|100%| E|CS|TAMS 0x00000007bec00000| PB 0x00000007bec00000| Complete 
|1527|0x00000007bee00000, 0x00000007bf000000, 0x00000007bf000000|100%| E|CS|TAMS 0x00000007bee00000| PB 0x00000007bee00000| Complete 
|1528|0x00000007bf000000, 0x00000007bf200000, 0x00000007bf200000|100%| E|CS|TAMS 0x00000007bf000000| PB 0x00000007bf000000| Complete 
|1529|0x00000007bf200000, 0x00000007bf400000, 0x00000007bf400000|100%| E|CS|TAMS 0x00000007bf200000| PB 0x00000007bf200000| Complete 
|1530|0x00000007bf400000, 0x00000007bf600000, 0x00000007bf600000|100%| E|CS|TAMS 0x00000007bf400000| PB 0x00000007bf400000| Complete 
|1531|0x00000007bf600000, 0x00000007bf800000, 0x00000007bf800000|100%| E|CS|TAMS 0x00000007bf600000| PB 0x00000007bf600000| Complete 
|1532|0x00000007bf800000, 0x00000007bfa00000, 0x00000007bfa00000|100%| E|CS|TAMS 0x00000007bf800000| PB 0x00000007bf800000| Complete 
|1533|0x00000007bfa00000, 0x00000007bfc00000, 0x00000007bfc00000|100%| E|CS|TAMS 0x00000007bfa00000| PB 0x00000007bfa00000| Complete 
|1534|0x00000007bfc00000, 0x00000007bfe00000, 0x00000007bfe00000|100%| E|CS|TAMS 0x00000007bfc00000| PB 0x00000007bfc00000| Complete 
|1535|0x00000007bfe00000, 0x00000007c0000000, 0x00000007c0000000|100%| E|CS|TAMS 0x00000007bfe00000| PB 0x00000007bfe00000| Complete 
|1536|0x00000007c0000000, 0x00000007c0200000, 0x00000007c0200000|100%| E|CS|TAMS 0x00000007c0000000| PB 0x00000007c0000000| Complete 
|1537|0x00000007c0200000, 0x00000007c0400000, 0x00000007c0400000|100%| E|CS|TAMS 0x00000007c0200000| PB 0x00000007c0200000| Complete 
|1538|0x00000007c0400000, 0x00000007c0600000, 0x00000007c0600000|100%| E|CS|TAMS 0x00000007c0400000| PB 0x00000007c0400000| Complete 
|1539|0x00000007c0600000, 0x00000007c0800000, 0x00000007c0800000|100%| E|CS|TAMS 0x00000007c0600000| PB 0x00000007c0600000| Complete 
|1540|0x00000007c0800000, 0x00000007c0a00000, 0x00000007c0a00000|100%| E|CS|TAMS 0x00000007c0800000| PB 0x00000007c0800000| Complete 
|1541|0x00000007c0a00000, 0x00000007c0c00000, 0x00000007c0c00000|100%| E|CS|TAMS 0x00000007c0a00000| PB 0x00000007c0a00000| Complete 
|1542|0x00000007c0c00000, 0x00000007c0e00000, 0x00000007c0e00000|100%| E|CS|TAMS 0x00000007c0c00000| PB 0x00000007c0c00000| Complete 
|1543|0x00000007c0e00000, 0x00000007c1000000, 0x00000007c1000000|100%| E|CS|TAMS 0x00000007c0e00000| PB 0x00000007c0e00000| Complete 
|1544|0x00000007c1000000, 0x00000007c1200000, 0x00000007c1200000|100%| E|CS|TAMS 0x00000007c1000000| PB 0x00000007c1000000| Complete 
|1545|0x00000007c1200000, 0x00000007c1400000, 0x00000007c1400000|100%| E|CS|TAMS 0x00000007c1200000| PB 0x00000007c1200000| Complete 
|1546|0x00000007c1400000, 0x00000007c1600000, 0x00000007c1600000|100%| E|CS|TAMS 0x00000007c1400000| PB 0x00000007c1400000| Complete 
|1547|0x00000007c1600000, 0x00000007c1800000, 0x00000007c1800000|100%| E|CS|TAMS 0x00000007c1600000| PB 0x00000007c1600000| Complete 
|1548|0x00000007c1800000, 0x00000007c1a00000, 0x00000007c1a00000|100%| E|CS|TAMS 0x00000007c1800000| PB 0x00000007c1800000| Complete 
|1549|0x00000007c1a00000, 0x00000007c1c00000, 0x00000007c1c00000|100%| E|CS|TAMS 0x00000007c1a00000| PB 0x00000007c1a00000| Complete 
|1550|0x00000007c1c00000, 0x00000007c1e00000, 0x00000007c1e00000|100%| E|CS|TAMS 0x00000007c1c00000| PB 0x00000007c1c00000| Complete 
|1551|0x00000007c1e00000, 0x00000007c2000000, 0x00000007c2000000|100%| E|CS|TAMS 0x00000007c1e00000| PB 0x00000007c1e00000| Complete 
|1552|0x00000007c2000000, 0x00000007c2200000, 0x00000007c2200000|100%| E|CS|TAMS 0x00000007c2000000| PB 0x00000007c2000000| Complete 
|1553|0x00000007c2200000, 0x00000007c2400000, 0x00000007c2400000|100%| E|CS|TAMS 0x00000007c2200000| PB 0x00000007c2200000| Complete 
|1554|0x00000007c2400000, 0x00000007c2600000, 0x00000007c2600000|100%| E|CS|TAMS 0x00000007c2400000| PB 0x00000007c2400000| Complete 
|1555|0x00000007c2600000, 0x00000007c2800000, 0x00000007c2800000|100%| E|CS|TAMS 0x00000007c2600000| PB 0x00000007c2600000| Complete 
|1556|0x00000007c2800000, 0x00000007c2a00000, 0x00000007c2a00000|100%| E|CS|TAMS 0x00000007c2800000| PB 0x00000007c2800000| Complete 
|1557|0x00000007c2a00000, 0x00000007c2c00000, 0x00000007c2c00000|100%| E|CS|TAMS 0x00000007c2a00000| PB 0x00000007c2a00000| Complete 
|1558|0x00000007c2c00000, 0x00000007c2e00000, 0x00000007c2e00000|100%| E|CS|TAMS 0x00000007c2c00000| PB 0x00000007c2c00000| Complete 
|1559|0x00000007c2e00000, 0x00000007c3000000, 0x00000007c3000000|100%| E|CS|TAMS 0x00000007c2e00000| PB 0x00000007c2e00000| Complete 
|1560|0x00000007c3000000, 0x00000007c3200000, 0x00000007c3200000|100%| E|CS|TAMS 0x00000007c3000000| PB 0x00000007c3000000| Complete 
|1561|0x00000007c3200000, 0x00000007c3400000, 0x00000007c3400000|100%| E|CS|TAMS 0x00000007c3200000| PB 0x00000007c3200000| Complete 
|1562|0x00000007c3400000, 0x00000007c3600000, 0x00000007c3600000|100%| E|CS|TAMS 0x00000007c3400000| PB 0x00000007c3400000| Complete 
|1563|0x00000007c3600000, 0x00000007c3800000, 0x00000007c3800000|100%| E|CS|TAMS 0x00000007c3600000| PB 0x00000007c3600000| Complete 
|1564|0x00000007c3800000, 0x00000007c3a00000, 0x00000007c3a00000|100%| E|CS|TAMS 0x00000007c3800000| PB 0x00000007c3800000| Complete 
|1565|0x00000007c3a00000, 0x00000007c3c00000, 0x00000007c3c00000|100%| E|CS|TAMS 0x00000007c3a00000| PB 0x00000007c3a00000| Complete 
|1566|0x00000007c3c00000, 0x00000007c3e00000, 0x00000007c3e00000|100%| E|CS|TAMS 0x00000007c3c00000| PB 0x00000007c3c00000| Complete 
|1567|0x00000007c3e00000, 0x00000007c4000000, 0x00000007c4000000|100%| E|CS|TAMS 0x00000007c3e00000| PB 0x00000007c3e00000| Complete 
|1568|0x00000007c4000000, 0x00000007c4200000, 0x00000007c4200000|100%| E|CS|TAMS 0x00000007c4000000| PB 0x00000007c4000000| Complete 
|1569|0x00000007c4200000, 0x00000007c4400000, 0x00000007c4400000|100%| E|CS|TAMS 0x00000007c4200000| PB 0x00000007c4200000| Complete 
|1570|0x00000007c4400000, 0x00000007c4600000, 0x00000007c4600000|100%| E|CS|TAMS 0x00000007c4400000| PB 0x00000007c4400000| Complete 
|1571|0x00000007c4600000, 0x00000007c4800000, 0x00000007c4800000|100%| E|CS|TAMS 0x00000007c4600000| PB 0x00000007c4600000| Complete 
|1572|0x00000007c4800000, 0x00000007c4a00000, 0x00000007c4a00000|100%| E|CS|TAMS 0x00000007c4800000| PB 0x00000007c4800000| Complete 
|1573|0x00000007c4a00000, 0x00000007c4c00000, 0x00000007c4c00000|100%| E|CS|TAMS 0x00000007c4a00000| PB 0x00000007c4a00000| Complete 
|1574|0x00000007c4c00000, 0x00000007c4e00000, 0x00000007c4e00000|100%| E|CS|TAMS 0x00000007c4c00000| PB 0x00000007c4c00000| Complete 
|1575|0x00000007c4e00000, 0x00000007c5000000, 0x00000007c5000000|100%| E|CS|TAMS 0x00000007c4e00000| PB 0x00000007c4e00000| Complete 
|1576|0x00000007c5000000, 0x00000007c5200000, 0x00000007c5200000|100%| E|CS|TAMS 0x00000007c5000000| PB 0x00000007c5000000| Complete 
|1577|0x00000007c5200000, 0x00000007c5400000, 0x00000007c5400000|100%| E|CS|TAMS 0x00000007c5200000| PB 0x00000007c5200000| Complete 
|1578|0x00000007c5400000, 0x00000007c5600000, 0x00000007c5600000|100%| E|CS|TAMS 0x00000007c5400000| PB 0x00000007c5400000| Complete 
|1579|0x00000007c5600000, 0x00000007c5800000, 0x00000007c5800000|100%| E|CS|TAMS 0x00000007c5600000| PB 0x00000007c5600000| Complete 
|1580|0x00000007c5800000, 0x00000007c5a00000, 0x00000007c5a00000|100%| E|CS|TAMS 0x00000007c5800000| PB 0x00000007c5800000| Complete 
|1581|0x00000007c5a00000, 0x00000007c5c00000, 0x00000007c5c00000|100%| E|CS|TAMS 0x00000007c5a00000| PB 0x00000007c5a00000| Complete 
|1582|0x00000007c5c00000, 0x00000007c5e00000, 0x00000007c5e00000|100%| E|CS|TAMS 0x00000007c5c00000| PB 0x00000007c5c00000| Complete 
|1583|0x00000007c5e00000, 0x00000007c6000000, 0x00000007c6000000|100%| E|CS|TAMS 0x00000007c5e00000| PB 0x00000007c5e00000| Complete 
|1584|0x00000007c6000000, 0x00000007c6200000, 0x00000007c6200000|100%| E|CS|TAMS 0x00000007c6000000| PB 0x00000007c6000000| Complete 
|1585|0x00000007c6200000, 0x00000007c6400000, 0x00000007c6400000|100%| E|CS|TAMS 0x00000007c6200000| PB 0x00000007c6200000| Complete 
|1586|0x00000007c6400000, 0x00000007c6600000, 0x00000007c6600000|100%| E|CS|TAMS 0x00000007c6400000| PB 0x00000007c6400000| Complete 
|1587|0x00000007c6600000, 0x00000007c6800000, 0x00000007c6800000|100%| E|CS|TAMS 0x00000007c6600000| PB 0x00000007c6600000| Complete 
|1588|0x00000007c6800000, 0x00000007c6a00000, 0x00000007c6a00000|100%| E|CS|TAMS 0x00000007c6800000| PB 0x00000007c6800000| Complete 
|1589|0x00000007c6a00000, 0x00000007c6c00000, 0x00000007c6c00000|100%| E|CS|TAMS 0x00000007c6a00000| PB 0x00000007c6a00000| Complete 
|1590|0x00000007c6c00000, 0x00000007c6e00000, 0x00000007c6e00000|100%| E|CS|TAMS 0x00000007c6c00000| PB 0x00000007c6c00000| Complete 
|1591|0x00000007c6e00000, 0x00000007c7000000, 0x00000007c7000000|100%| E|CS|TAMS 0x00000007c6e00000| PB 0x00000007c6e00000| Complete 
|1592|0x00000007c7000000, 0x00000007c7200000, 0x00000007c7200000|100%| E|CS|TAMS 0x00000007c7000000| PB 0x00000007c7000000| Complete 
|1593|0x00000007c7200000, 0x00000007c7400000, 0x00000007c7400000|100%| E|CS|TAMS 0x00000007c7200000| PB 0x00000007c7200000| Complete 
|1594|0x00000007c7400000, 0x00000007c7600000, 0x00000007c7600000|100%| E|CS|TAMS 0x00000007c7400000| PB 0x00000007c7400000| Complete 
|1595|0x00000007c7600000, 0x00000007c7800000, 0x00000007c7800000|100%| E|CS|TAMS 0x00000007c7600000| PB 0x00000007c7600000| Complete 
|1596|0x00000007c7800000, 0x00000007c7a00000, 0x00000007c7a00000|100%| E|CS|TAMS 0x00000007c7800000| PB 0x00000007c7800000| Complete 
|1597|0x00000007c7a00000, 0x00000007c7c00000, 0x00000007c7c00000|100%| E|CS|TAMS 0x00000007c7a00000| PB 0x00000007c7a00000| Complete 
|1598|0x00000007c7c00000, 0x00000007c7e00000, 0x00000007c7e00000|100%| E|CS|TAMS 0x00000007c7c00000| PB 0x00000007c7c00000| Complete 
|1599|0x00000007c7e00000, 0x00000007c8000000, 0x00000007c8000000|100%| E|CS|TAMS 0x00000007c7e00000| PB 0x00000007c7e00000| Complete 
|1600|0x00000007c8000000, 0x00000007c8200000, 0x00000007c8200000|100%| E|CS|TAMS 0x00000007c8000000| PB 0x00000007c8000000| Complete 
|1601|0x00000007c8200000, 0x00000007c8400000, 0x00000007c8400000|100%| E|CS|TAMS 0x00000007c8200000| PB 0x00000007c8200000| Complete 
|1602|0x00000007c8400000, 0x00000007c8600000, 0x00000007c8600000|100%| E|CS|TAMS 0x00000007c8400000| PB 0x00000007c8400000| Complete 
|1603|0x00000007c8600000, 0x00000007c8800000, 0x00000007c8800000|100%| E|CS|TAMS 0x00000007c8600000| PB 0x00000007c8600000| Complete 
|1604|0x00000007c8800000, 0x00000007c8a00000, 0x00000007c8a00000|100%| E|CS|TAMS 0x00000007c8800000| PB 0x00000007c8800000| Complete 
|1605|0x00000007c8a00000, 0x00000007c8c00000, 0x00000007c8c00000|100%| E|CS|TAMS 0x00000007c8a00000| PB 0x00000007c8a00000| Complete 
|1606|0x00000007c8c00000, 0x00000007c8e00000, 0x00000007c8e00000|100%| E|CS|TAMS 0x00000007c8c00000| PB 0x00000007c8c00000| Complete 
|1607|0x00000007c8e00000, 0x00000007c9000000, 0x00000007c9000000|100%| E|CS|TAMS 0x00000007c8e00000| PB 0x00000007c8e00000| Complete 
|1608|0x00000007c9000000, 0x00000007c9200000, 0x00000007c9200000|100%| E|CS|TAMS 0x00000007c9000000| PB 0x00000007c9000000| Complete 
|1609|0x00000007c9200000, 0x00000007c9400000, 0x00000007c9400000|100%| E|CS|TAMS 0x00000007c9200000| PB 0x00000007c9200000| Complete 
|1610|0x00000007c9400000, 0x00000007c9600000, 0x00000007c9600000|100%| E|CS|TAMS 0x00000007c9400000| PB 0x00000007c9400000| Complete 
|1611|0x00000007c9600000, 0x00000007c9800000, 0x00000007c9800000|100%| E|CS|TAMS 0x00000007c9600000| PB 0x00000007c9600000| Complete 
|1612|0x00000007c9800000, 0x00000007c9a00000, 0x00000007c9a00000|100%| E|CS|TAMS 0x00000007c9800000| PB 0x00000007c9800000| Complete 
|1613|0x00000007c9a00000, 0x00000007c9c00000, 0x00000007c9c00000|100%| E|CS|TAMS 0x00000007c9a00000| PB 0x00000007c9a00000| Complete 
|1614|0x00000007c9c00000, 0x00000007c9e00000, 0x00000007c9e00000|100%| E|CS|TAMS 0x00000007c9c00000| PB 0x00000007c9c00000| Complete 
|1615|0x00000007c9e00000, 0x00000007ca000000, 0x00000007ca000000|100%| E|CS|TAMS 0x00000007c9e00000| PB 0x00000007c9e00000| Complete 
|1616|0x00000007ca000000, 0x00000007ca200000, 0x00000007ca200000|100%| E|CS|TAMS 0x00000007ca000000| PB 0x00000007ca000000| Complete 
|1617|0x00000007ca200000, 0x00000007ca400000, 0x00000007ca400000|100%| E|CS|TAMS 0x00000007ca200000| PB 0x00000007ca200000| Complete 
|1618|0x00000007ca400000, 0x00000007ca600000, 0x00000007ca600000|100%| E|CS|TAMS 0x00000007ca400000| PB 0x00000007ca400000| Complete 
|1619|0x00000007ca600000, 0x00000007ca800000, 0x00000007ca800000|100%| E|CS|TAMS 0x00000007ca600000| PB 0x00000007ca600000| Complete 
|1620|0x00000007ca800000, 0x00000007caa00000, 0x00000007caa00000|100%| E|CS|TAMS 0x00000007ca800000| PB 0x00000007ca800000| Complete 
|1621|0x00000007caa00000, 0x00000007cac00000, 0x00000007cac00000|100%| E|CS|TAMS 0x00000007caa00000| PB 0x00000007caa00000| Complete 
|1622|0x00000007cac00000, 0x00000007cae00000, 0x00000007cae00000|100%| E|CS|TAMS 0x00000007cac00000| PB 0x00000007cac00000| Complete 
|1623|0x00000007cae00000, 0x00000007cb000000, 0x00000007cb000000|100%| E|CS|TAMS 0x00000007cae00000| PB 0x00000007cae00000| Complete 
|1624|0x00000007cb000000, 0x00000007cb200000, 0x00000007cb200000|100%| E|CS|TAMS 0x00000007cb000000| PB 0x00000007cb000000| Complete 
|1625|0x00000007cb200000, 0x00000007cb400000, 0x00000007cb400000|100%| E|CS|TAMS 0x00000007cb200000| PB 0x00000007cb200000| Complete 
|1626|0x00000007cb400000, 0x00000007cb600000, 0x00000007cb600000|100%| E|CS|TAMS 0x00000007cb400000| PB 0x00000007cb400000| Complete 
|1627|0x00000007cb600000, 0x00000007cb800000, 0x00000007cb800000|100%| E|CS|TAMS 0x00000007cb600000| PB 0x00000007cb600000| Complete 
|1628|0x00000007cb800000, 0x00000007cba00000, 0x00000007cba00000|100%| E|CS|TAMS 0x00000007cb800000| PB 0x00000007cb800000| Complete 
|1629|0x00000007cba00000, 0x00000007cbc00000, 0x00000007cbc00000|100%| E|CS|TAMS 0x00000007cba00000| PB 0x00000007cba00000| Complete 
|1630|0x00000007cbc00000, 0x00000007cbe00000, 0x00000007cbe00000|100%| E|CS|TAMS 0x00000007cbc00000| PB 0x00000007cbc00000| Complete 
|1631|0x00000007cbe00000, 0x00000007cc000000, 0x00000007cc000000|100%| E|CS|TAMS 0x00000007cbe00000| PB 0x00000007cbe00000| Complete 
|1632|0x00000007cc000000, 0x00000007cc200000, 0x00000007cc200000|100%| E|CS|TAMS 0x00000007cc000000| PB 0x00000007cc000000| Complete 
|1633|0x00000007cc200000, 0x00000007cc400000, 0x00000007cc400000|100%| E|CS|TAMS 0x00000007cc200000| PB 0x00000007cc200000| Complete 
|1634|0x00000007cc400000, 0x00000007cc600000, 0x00000007cc600000|100%| E|CS|TAMS 0x00000007cc400000| PB 0x00000007cc400000| Complete 
|1635|0x00000007cc600000, 0x00000007cc800000, 0x00000007cc800000|100%| E|CS|TAMS 0x00000007cc600000| PB 0x00000007cc600000| Complete 
|1636|0x00000007cc800000, 0x00000007cca00000, 0x00000007cca00000|100%| E|CS|TAMS 0x00000007cc800000| PB 0x00000007cc800000| Complete 
|1637|0x00000007cca00000, 0x00000007ccc00000, 0x00000007ccc00000|100%| E|CS|TAMS 0x00000007cca00000| PB 0x00000007cca00000| Complete 
|1638|0x00000007ccc00000, 0x00000007cce00000, 0x00000007cce00000|100%| E|CS|TAMS 0x00000007ccc00000| PB 0x00000007ccc00000| Complete 
|1639|0x00000007cce00000, 0x00000007cd000000, 0x00000007cd000000|100%| E|CS|TAMS 0x00000007cce00000| PB 0x00000007cce00000| Complete 
|1640|0x00000007cd000000, 0x00000007cd200000, 0x00000007cd200000|100%| E|CS|TAMS 0x00000007cd000000| PB 0x00000007cd000000| Complete 
|1641|0x00000007cd200000, 0x00000007cd400000, 0x00000007cd400000|100%| E|CS|TAMS 0x00000007cd200000| PB 0x00000007cd200000| Complete 
|1642|0x00000007cd400000, 0x00000007cd600000, 0x00000007cd600000|100%| E|CS|TAMS 0x00000007cd400000| PB 0x00000007cd400000| Complete 
|1643|0x00000007cd600000, 0x00000007cd800000, 0x00000007cd800000|100%| E|CS|TAMS 0x00000007cd600000| PB 0x00000007cd600000| Complete 
|1644|0x00000007cd800000, 0x00000007cda00000, 0x00000007cda00000|100%| E|CS|TAMS 0x00000007cd800000| PB 0x00000007cd800000| Complete 
|1645|0x00000007cda00000, 0x00000007cdc00000, 0x00000007cdc00000|100%| E|CS|TAMS 0x00000007cda00000| PB 0x00000007cda00000| Complete 
|1646|0x00000007cdc00000, 0x00000007cde00000, 0x00000007cde00000|100%| E|CS|TAMS 0x00000007cdc00000| PB 0x00000007cdc00000| Complete 
|1647|0x00000007cde00000, 0x00000007ce000000, 0x00000007ce000000|100%| E|CS|TAMS 0x00000007cde00000| PB 0x00000007cde00000| Complete 
|1648|0x00000007ce000000, 0x00000007ce200000, 0x00000007ce200000|100%| E|CS|TAMS 0x00000007ce000000| PB 0x00000007ce000000| Complete 
|1649|0x00000007ce200000, 0x00000007ce400000, 0x00000007ce400000|100%| E|CS|TAMS 0x00000007ce200000| PB 0x00000007ce200000| Complete 
|1650|0x00000007ce400000, 0x00000007ce600000, 0x00000007ce600000|100%| E|CS|TAMS 0x00000007ce400000| PB 0x00000007ce400000| Complete 
|1651|0x00000007ce600000, 0x00000007ce800000, 0x00000007ce800000|100%| E|CS|TAMS 0x00000007ce600000| PB 0x00000007ce600000| Complete 
|1652|0x00000007ce800000, 0x00000007cea00000, 0x00000007cea00000|100%| E|CS|TAMS 0x00000007ce800000| PB 0x00000007ce800000| Complete 
|1653|0x00000007cea00000, 0x00000007cec00000, 0x00000007cec00000|100%| E|CS|TAMS 0x00000007cea00000| PB 0x00000007cea00000| Complete 
|1654|0x00000007cec00000, 0x00000007cee00000, 0x00000007cee00000|100%| E|CS|TAMS 0x00000007cec00000| PB 0x00000007cec00000| Complete 
|1655|0x00000007cee00000, 0x00000007cf000000, 0x00000007cf000000|100%| E|CS|TAMS 0x00000007cee00000| PB 0x00000007cee00000| Complete 
|1656|0x00000007cf000000, 0x00000007cf200000, 0x00000007cf200000|100%| E|CS|TAMS 0x00000007cf000000| PB 0x00000007cf000000| Complete 
|1657|0x00000007cf200000, 0x00000007cf400000, 0x00000007cf400000|100%| E|CS|TAMS 0x00000007cf200000| PB 0x00000007cf200000| Complete 
|1658|0x00000007cf400000, 0x00000007cf600000, 0x00000007cf600000|100%| E|CS|TAMS 0x00000007cf400000| PB 0x00000007cf400000| Complete 
|1659|0x00000007cf600000, 0x00000007cf800000, 0x00000007cf800000|100%| E|CS|TAMS 0x00000007cf600000| PB 0x00000007cf600000| Complete 
|1660|0x00000007cf800000, 0x00000007cfa00000, 0x00000007cfa00000|100%| E|CS|TAMS 0x00000007cf800000| PB 0x00000007cf800000| Complete 
|1661|0x00000007cfa00000, 0x00000007cfc00000, 0x00000007cfc00000|100%| E|CS|TAMS 0x00000007cfa00000| PB 0x00000007cfa00000| Complete 
|1662|0x00000007cfc00000, 0x00000007cfe00000, 0x00000007cfe00000|100%| E|CS|TAMS 0x00000007cfc00000| PB 0x00000007cfc00000| Complete 
|1663|0x00000007cfe00000, 0x00000007d0000000, 0x00000007d0000000|100%| E|CS|TAMS 0x00000007cfe00000| PB 0x00000007cfe00000| Complete 
|1664|0x00000007d0000000, 0x00000007d0200000, 0x00000007d0200000|100%| E|CS|TAMS 0x00000007d0000000| PB 0x00000007d0000000| Complete 
|1665|0x00000007d0200000, 0x00000007d0400000, 0x00000007d0400000|100%| E|CS|TAMS 0x00000007d0200000| PB 0x00000007d0200000| Complete 
|1666|0x00000007d0400000, 0x00000007d0600000, 0x00000007d0600000|100%| E|CS|TAMS 0x00000007d0400000| PB 0x00000007d0400000| Complete 
|1667|0x00000007d0600000, 0x00000007d0800000, 0x00000007d0800000|100%| E|CS|TAMS 0x00000007d0600000| PB 0x00000007d0600000| Complete 
|1668|0x00000007d0800000, 0x00000007d0a00000, 0x00000007d0a00000|100%| E|CS|TAMS 0x00000007d0800000| PB 0x00000007d0800000| Complete 
|1669|0x00000007d0a00000, 0x00000007d0c00000, 0x00000007d0c00000|100%| E|CS|TAMS 0x00000007d0a00000| PB 0x00000007d0a00000| Complete 
|1670|0x00000007d0c00000, 0x00000007d0e00000, 0x00000007d0e00000|100%| E|CS|TAMS 0x00000007d0c00000| PB 0x00000007d0c00000| Complete 
|1671|0x00000007d0e00000, 0x00000007d1000000, 0x00000007d1000000|100%| E|CS|TAMS 0x00000007d0e00000| PB 0x00000007d0e00000| Complete 
|1672|0x00000007d1000000, 0x00000007d1200000, 0x00000007d1200000|100%| E|CS|TAMS 0x00000007d1000000| PB 0x00000007d1000000| Complete 
|1673|0x00000007d1200000, 0x00000007d1400000, 0x00000007d1400000|100%| E|CS|TAMS 0x00000007d1200000| PB 0x00000007d1200000| Complete 
|1674|0x00000007d1400000, 0x00000007d1600000, 0x00000007d1600000|100%| E|CS|TAMS 0x00000007d1400000| PB 0x00000007d1400000| Complete 
|1675|0x00000007d1600000, 0x00000007d1800000, 0x00000007d1800000|100%| E|CS|TAMS 0x00000007d1600000| PB 0x00000007d1600000| Complete 
|1676|0x00000007d1800000, 0x00000007d1a00000, 0x00000007d1a00000|100%| E|CS|TAMS 0x00000007d1800000| PB 0x00000007d1800000| Complete 
|1677|0x00000007d1a00000, 0x00000007d1c00000, 0x00000007d1c00000|100%| E|CS|TAMS 0x00000007d1a00000| PB 0x00000007d1a00000| Complete 
|1678|0x00000007d1c00000, 0x00000007d1e00000, 0x00000007d1e00000|100%| E|CS|TAMS 0x00000007d1c00000| PB 0x00000007d1c00000| Complete 
|1839|0x00000007e5e00000, 0x00000007e6000000, 0x00000007e6000000|100%| E|CS|TAMS 0x00000007e5e00000| PB 0x00000007e5e00000| Complete 
|1840|0x00000007e6000000, 0x00000007e6200000, 0x00000007e6200000|100%| E|CS|TAMS 0x00000007e6000000| PB 0x00000007e6000000| Complete 
|1841|0x00000007e6200000, 0x00000007e6400000, 0x00000007e6400000|100%| E|CS|TAMS 0x00000007e6200000| PB 0x00000007e6200000| Complete 
|1842|0x00000007e6400000, 0x00000007e6600000, 0x00000007e6600000|100%| E|CS|TAMS 0x00000007e6400000| PB 0x00000007e6400000| Complete 
|1843|0x00000007e6600000, 0x00000007e6800000, 0x00000007e6800000|100%| E|CS|TAMS 0x00000007e6600000| PB 0x00000007e6600000| Complete 
|1844|0x00000007e6800000, 0x00000007e6a00000, 0x00000007e6a00000|100%| E|CS|TAMS 0x00000007e6800000| PB 0x00000007e6800000| Complete 
|1845|0x00000007e6a00000, 0x00000007e6c00000, 0x00000007e6c00000|100%| E|CS|TAMS 0x00000007e6a00000| PB 0x00000007e6a00000| Complete 
|1846|0x00000007e6c00000, 0x00000007e6e00000, 0x00000007e6e00000|100%| E|CS|TAMS 0x00000007e6c00000| PB 0x00000007e6c00000| Complete 
|1847|0x00000007e6e00000, 0x00000007e7000000, 0x00000007e7000000|100%| E|CS|TAMS 0x00000007e6e00000| PB 0x00000007e6e00000| Complete 
|1848|0x00000007e7000000, 0x00000007e7200000, 0x00000007e7200000|100%| E|CS|TAMS 0x00000007e7000000| PB 0x00000007e7000000| Complete 
|1849|0x00000007e7200000, 0x00000007e7400000, 0x00000007e7400000|100%| E|CS|TAMS 0x00000007e7200000| PB 0x00000007e7200000| Complete 
|1850|0x00000007e7400000, 0x00000007e7600000, 0x00000007e7600000|100%| E|CS|TAMS 0x00000007e7400000| PB 0x00000007e7400000| Complete 
|1914|0x00000007ef400000, 0x00000007ef600000, 0x00000007ef600000|100%| E|CS|TAMS 0x00000007ef400000| PB 0x00000007ef400000| Complete 
|1915|0x00000007ef600000, 0x00000007ef800000, 0x00000007ef800000|100%| E|CS|TAMS 0x00000007ef600000| PB 0x00000007ef600000| Complete 
|1916|0x00000007ef800000, 0x00000007efa00000, 0x00000007efa00000|100%| E|CS|TAMS 0x00000007ef800000| PB 0x00000007ef800000| Complete 
|1917|0x00000007efa00000, 0x00000007efc00000, 0x00000007efc00000|100%| E|CS|TAMS 0x00000007efa00000| PB 0x00000007efa00000| Complete 
|1918|0x00000007efc00000, 0x00000007efe00000, 0x00000007efe00000|100%| E|CS|TAMS 0x00000007efc00000| PB 0x00000007efc00000| Complete 

Card table byte_map: [0x00000165244f0000,0x0000016524cf0000] _byte_map_base: 0x0000016520cf0000

Marking Bits: (CMBitMap*) 0x0000016511bfdae0
 Bits: [0x0000016524cf0000, 0x0000016528cf0000)

Polling page: 0x000001650fc30000

Metaspace:

Usage:
  Non-class:    229.01 MB used.
      Class:     32.65 MB used.
       Both:    261.66 MB used.

Virtual space:
  Non-class space:      256.00 MB reserved,     230.81 MB ( 90%) committed,  4 nodes.
      Class space:      832.00 MB reserved,      34.38 MB (  4%) committed,  1 nodes.
             Both:        1.06 GB reserved,     265.19 MB ( 24%) committed. 

Chunk freelists:
   Non-Class:  8.67 MB
       Class:  13.82 MB
        Both:  22.49 MB

MaxMetaspaceSize: 1.00 GB
CompressedClassSpaceSize: 832.00 MB
Initial GC threshold: 21.00 MB
Current GC threshold: 440.88 MB
CDS: off
 - commit_granule_bytes: 65536.
 - commit_granule_words: 8192.
 - virtual_space_node_default_size: 8388608.
 - enlarge_chunks_in_place: 1.
 - use_allocation_guard: 0.


Internal statistics:

num_allocs_failed_limit: 9.
num_arena_births: 11552.
num_arena_deaths: 6616.
num_vsnodes_births: 5.
num_vsnodes_deaths: 0.
num_space_committed: 5819.
num_space_uncommitted: 359.
num_chunks_returned_to_freelist: 15237.
num_chunks_taken_from_freelist: 33606.
num_chunk_merges: 4533.
num_chunk_splits: 19311.
num_chunks_enlarged: 13229.
num_inconsistent_stats: 0.

CodeHeap 'non-profiled nmethods': size=120000Kb used=63699Kb max_used=63699Kb free=56300Kb
 bounds [0x000001651c7c0000, 0x0000016520600000, 0x0000016523cf0000]
CodeHeap 'profiled nmethods': size=120000Kb used=68061Kb max_used=72194Kb free=51938Kb
 bounds [0x0000016514cf0000, 0x00000165193b0000, 0x000001651c220000]
CodeHeap 'non-nmethods': size=5760Kb used=3245Kb max_used=3410Kb free=2514Kb
 bounds [0x000001651c220000, 0x000001651c590000, 0x000001651c7c0000]
CodeCache: size=245760Kb, used=135005Kb, max_used=139303Kb, free=110752Kb
 total_blobs=35672, nmethods=34412, adapters=1161, full_count=0
Compilation: enabled, stopped_count=0, restarted_count=0

Compilation events (20 events):
Event: 16001.352 Thread 0x000001652b3b7d90 152389       3       kotlin.collections.CharIterator::<init> (5 bytes)
Event: 16001.353 Thread 0x000001652b3b7d90 nmethod 152389 0x0000016518a4ef10 code [0x0000016518a4f0c0, 0x0000016518a4f228]
Event: 16001.885 Thread 0x000001652b3974b0 152390       4       com.sun.tools.javac.comp.Operators$BinaryNumericOperator::test (13 bytes)
Event: 16001.913 Thread 0x000001652b3974b0 nmethod 152390 0x00000165205f3510 code [0x00000165205f37e0, 0x00000165205f43b8]
Event: 16002.026 Thread 0x000001652b3b7d90 152391       3       com.sun.tools.javac.tree.JCTree$JCAssert::getKind (4 bytes)
Event: 16002.028 Thread 0x000001652b3b7d90 nmethod 152391 0x0000016518a4eb90 code [0x0000016518a4ed20, 0x0000016518a4ee38]
Event: 16002.028 Thread 0x000001652b3b7d90 152392       3       com.sun.source.util.TreeScanner::visitAssert (27 bytes)
Event: 16002.030 Thread 0x000001652b3b7d90 nmethod 152392 0x0000016518a4e190 code [0x0000016518a4e380, 0x0000016518a4e940]
Event: 16002.054 Thread 0x000001652b3b7d90 152393       3       com.sun.tools.javac.comp.Lower::makeBinary (54 bytes)
Event: 16002.057 Thread 0x000001652b3b7d90 nmethod 152393 0x0000016518a4da10 code [0x0000016518a4dc00, 0x0000016518a4dfa0]
Event: 16002.213 Thread 0x000001652b3b7d90 152394       3       com.sun.tools.javac.code.Symbol$OperatorSymbol$AccessCode::values (10 bytes)
Event: 16002.222 Thread 0x000001652b3b7d90 nmethod 152394 0x0000016518a4d510 code [0x0000016518a4d6c0, 0x0000016518a4d968]
Event: 16002.223 Thread 0x000001652b3b7d90 152395       3       java.lang.Double::hashCode (8 bytes)
Event: 16002.228 Thread 0x000001652b3b7d90 nmethod 152395 0x0000016518a4cf10 code [0x0000016518a4d0e0, 0x0000016518a4d400]
Event: 16002.229 Thread 0x000001652b3b7d90 152396       3       com.sun.tools.javac.jvm.PoolConstant$LoadableConstant::Double (14 bytes)
Event: 16002.229 Thread 0x000001652b3b7d90 nmethod 152396 0x0000016518a4c710 code [0x0000016518a4c8e0, 0x0000016518a4cd30]
Event: 16015.935 Thread 0x000001652b3b7d90 152397       3       com.sun.tools.javac.model.JavacElements::<init> (145 bytes)
Event: 16015.997 Thread 0x000001652b3b7d90 nmethod 152397 0x0000016518a49010 code [0x0000016518a49500, 0x0000016518a4bc68]
Event: 16015.997 Thread 0x000001652b3b7d90 152398       3       com.sun.tools.javac.code.Types::<init> (467 bytes)
Event: 16016.034 Thread 0x000001652b3b7d90 nmethod 152398 0x0000016518a3e310 code [0x0000016518a3ee00, 0x0000016518a46e38]

GC Heap History (20 events):
Event: 15939.417 GC heap before
{Heap before GC invocations=357 (full 2):
 garbage-first heap   total 3930112K, used 1997024K [0x0000000700000000, 0x0000000800000000)
  region size 2048K, 95 young (194560K), 12 survivors (24576K)
 Metaspace       used 260723K, committed 266176K, reserved 1114112K
  class space    used 32927K, committed 35200K, reserved 851968K
}
Event: 15939.519 GC heap after
{Heap after GC invocations=358 (full 2):
 garbage-first heap   total 3930112K, used 1848544K [0x0000000700000000, 0x0000000800000000)
  region size 2048K, 12 young (24576K), 12 survivors (24576K)
 Metaspace       used 260723K, committed 266176K, reserved 1114112K
  class space    used 32927K, committed 35200K, reserved 851968K
}
Event: 15944.256 GC heap before
{Heap before GC invocations=358 (full 2):
 garbage-first heap   total 3930112K, used 2262240K [0x0000000700000000, 0x0000000800000000)
  region size 2048K, 214 young (438272K), 12 survivors (24576K)
 Metaspace       used 260890K, committed 266176K, reserved 1114112K
  class space    used 32929K, committed 35200K, reserved 851968K
}
Event: 15944.564 GC heap after
{Heap after GC invocations=359 (full 2):
 garbage-first heap   total 3930112K, used 1921248K [0x0000000700000000, 0x0000000800000000)
  region size 2048K, 27 young (55296K), 27 survivors (55296K)
 Metaspace       used 260890K, committed 266176K, reserved 1114112K
  class space    used 32929K, committed 35200K, reserved 851968K
}
Event: 15947.812 GC heap before
{Heap before GC invocations=359 (full 2):
 garbage-first heap   total 3930112K, used 2060512K [0x0000000700000000, 0x0000000800000000)
  region size 2048K, 95 young (194560K), 27 survivors (55296K)
 Metaspace       used 261060K, committed 266176K, reserved 1114112K
  class space    used 32929K, committed 35200K, reserved 851968K
}
Event: 15948.002 GC heap after
{Heap after GC invocations=360 (full 2):
 garbage-first heap   total 3930112K, used 1957088K [0x0000000700000000, 0x0000000800000000)
  region size 2048K, 12 young (24576K), 12 survivors (24576K)
 Metaspace       used 261060K, committed 266176K, reserved 1114112K
  class space    used 32929K, committed 35200K, reserved 851968K
}
Event: 15953.108 GC heap before
{Heap before GC invocations=361 (full 2):
 garbage-first heap   total 3414016K, used 1236192K [0x0000000700000000, 0x0000000800000000)
  region size 2048K, 119 young (243712K), 12 survivors (24576K)
 Metaspace       used 261189K, committed 266176K, reserved 1114112K
  class space    used 32929K, committed 35200K, reserved 851968K
}
Event: 15953.221 GC heap after
{Heap after GC invocations=362 (full 2):
 garbage-first heap   total 3414016K, used 1039584K [0x0000000700000000, 0x0000000800000000)
  region size 2048K, 10 young (20480K), 10 survivors (20480K)
 Metaspace       used 261189K, committed 266176K, reserved 1114112K
  class space    used 32929K, committed 35200K, reserved 851968K
}
Event: 15953.563 GC heap before
{Heap before GC invocations=362 (full 2):
 garbage-first heap   total 3414016K, used 1189088K [0x0000000700000000, 0x0000000800000000)
  region size 2048K, 83 young (169984K), 10 survivors (20480K)
 Metaspace       used 261201K, committed 266176K, reserved 1114112K
  class space    used 32929K, committed 35200K, reserved 851968K
}
Event: 15953.628 GC heap after
{Heap after GC invocations=363 (full 2):
 garbage-first heap   total 3414016K, used 1016026K [0x0000000700000000, 0x0000000800000000)
  region size 2048K, 9 young (18432K), 9 survivors (18432K)
 Metaspace       used 261201K, committed 266176K, reserved 1114112K
  class space    used 32929K, committed 35200K, reserved 851968K
}
Event: 15954.249 GC heap before
{Heap before GC invocations=363 (full 2):
 garbage-first heap   total 3414016K, used 1261786K [0x0000000700000000, 0x0000000800000000)
  region size 2048K, 129 young (264192K), 9 survivors (18432K)
 Metaspace       used 261246K, committed 266176K, reserved 1114112K
  class space    used 32929K, committed 35200K, reserved 851968K
}
Event: 15954.321 GC heap after
{Heap after GC invocations=364 (full 2):
 garbage-first heap   total 3414016K, used 1002720K [0x0000000700000000, 0x0000000800000000)
  region size 2048K, 17 young (34816K), 17 survivors (34816K)
 Metaspace       used 261246K, committed 266176K, reserved 1114112K
  class space    used 32929K, committed 35200K, reserved 851968K
}
Event: 15955.667 GC heap before
{Heap before GC invocations=364 (full 2):
 garbage-first heap   total 3414016K, used 1197280K [0x0000000700000000, 0x0000000800000000)
  region size 2048K, 107 young (219136K), 17 survivors (34816K)
 Metaspace       used 261699K, committed 266176K, reserved 1114112K
  class space    used 32967K, committed 35200K, reserved 851968K
}
Event: 15955.780 GC heap after
{Heap after GC invocations=365 (full 2):
 garbage-first heap   total 3414016K, used 993504K [0x0000000700000000, 0x0000000800000000)
  region size 2048K, 11 young (22528K), 11 survivors (22528K)
 Metaspace       used 261699K, committed 266176K, reserved 1114112K
  class space    used 32967K, committed 35200K, reserved 851968K
}
Event: 15965.479 GC heap before
{Heap before GC invocations=365 (full 2):
 garbage-first heap   total 3414016K, used 1356000K [0x0000000700000000, 0x0000000800000000)
  region size 2048K, 176 young (360448K), 11 survivors (22528K)
 Metaspace       used 263247K, committed 267072K, reserved 1114112K
  class space    used 33091K, committed 35200K, reserved 851968K
}
Event: 15965.530 GC heap after
{Heap after GC invocations=366 (full 2):
 garbage-first heap   total 3473408K, used 977120K [0x0000000700000000, 0x0000000800000000)
  region size 2048K, 17 young (34816K), 17 survivors (34816K)
 Metaspace       used 263247K, committed 267072K, reserved 1114112K
  class space    used 33091K, committed 35200K, reserved 851968K
}
Event: 15973.658 GC heap before
{Heap before GC invocations=366 (full 2):
 garbage-first heap   total 3473408K, used 1378528K [0x0000000700000000, 0x0000000800000000)
  region size 2048K, 207 young (423936K), 17 survivors (34816K)
 Metaspace       used 263923K, committed 267776K, reserved 1114112K
  class space    used 33137K, committed 35200K, reserved 851968K
}
Event: 15973.725 GC heap after
{Heap after GC invocations=367 (full 2):
 garbage-first heap   total 3473408K, used 937917K [0x0000000700000000, 0x0000000800000000)
  region size 2048K, 10 young (20480K), 10 survivors (20480K)
 Metaspace       used 263923K, committed 267776K, reserved 1114112K
  class space    used 33137K, committed 35200K, reserved 851968K
}
Event: 15984.260 GC heap before
{Heap before GC invocations=367 (full 2):
 garbage-first heap   total 3473408K, used 1585085K [0x0000000700000000, 0x0000000800000000)
  region size 2048K, 298 young (610304K), 10 survivors (20480K)
 Metaspace       used 266052K, committed 269760K, reserved 1114112K
  class space    used 33298K, committed 35200K, reserved 851968K
}
Event: 15984.333 GC heap after
{Heap after GC invocations=368 (full 2):
 garbage-first heap   total 3473408K, used 914979K [0x0000000700000000, 0x0000000800000000)
  region size 2048K, 13 young (26624K), 13 survivors (26624K)
 Metaspace       used 266052K, committed 269760K, reserved 1114112K
  class space    used 33298K, committed 35200K, reserved 851968K
}

Dll operation events (3 events):
Event: 0.013 Loaded shared library C:\Program Files\Android\Android Studio\jbr\bin\java.dll
Event: 0.018 Loaded shared library C:\Program Files\Android\Android Studio\jbr\bin\zip.dll
Event: 0.604 Loaded shared library C:\Program Files\Android\Android Studio\jbr\bin\verify.dll

Deoptimization events (20 events):
Event: 15979.304 Thread 0x000001653e014f00 DEOPT PACKING pc=0x000001651fe02640 sp=0x0000002f1f1f9300
Event: 15979.304 Thread 0x000001653e014f00 DEOPT UNPACKING pc=0x000001651c2746a2 sp=0x0000002f1f1f9270 mode 2
Event: 15984.742 Thread 0x000001653e014f00 Uncommon trap: trap_request=0xffffffbe fr.pc=0x000001651f81c040 relative=0x0000000000000500
Event: 15984.742 Thread 0x000001653e014f00 Uncommon trap: reason=profile_predicate action=maybe_recompile pc=0x000001651f81c040 method=jdk.internal.jrtfs.JrtPath.normalize(Ljava/lang/String;)Ljava/lang/String; @ 17 c2
Event: 15984.742 Thread 0x000001653e014f00 DEOPT PACKING pc=0x000001651f81c040 sp=0x0000002f1f1f8640
Event: 15984.742 Thread 0x000001653e014f00 DEOPT UNPACKING pc=0x000001651c2746a2 sp=0x0000002f1f1f85b0 mode 2
Event: 15984.743 Thread 0x000001653e014f00 Uncommon trap: trap_request=0xffffffbe fr.pc=0x000001651f81c040 relative=0x0000000000000500
Event: 15984.743 Thread 0x000001653e014f00 Uncommon trap: reason=profile_predicate action=maybe_recompile pc=0x000001651f81c040 method=jdk.internal.jrtfs.JrtPath.normalize(Ljava/lang/String;)Ljava/lang/String; @ 17 c2
Event: 15984.743 Thread 0x000001653e014f00 DEOPT PACKING pc=0x000001651f81c040 sp=0x0000002f1f1f84b0
Event: 15984.743 Thread 0x000001653e014f00 DEOPT UNPACKING pc=0x000001651c2746a2 sp=0x0000002f1f1f8420 mode 2
Event: 15984.743 Thread 0x000001653e014f00 Uncommon trap: trap_request=0xffffffbe fr.pc=0x000001651f81c040 relative=0x0000000000000500
Event: 15984.743 Thread 0x000001653e014f00 Uncommon trap: reason=profile_predicate action=maybe_recompile pc=0x000001651f81c040 method=jdk.internal.jrtfs.JrtPath.normalize(Ljava/lang/String;)Ljava/lang/String; @ 17 c2
Event: 15984.743 Thread 0x000001653e014f00 DEOPT PACKING pc=0x000001651f81c040 sp=0x0000002f1f1f84b0
Event: 15984.743 Thread 0x000001653e014f00 DEOPT UNPACKING pc=0x000001651c2746a2 sp=0x0000002f1f1f8420 mode 2
Event: 15984.743 Thread 0x000001653e014f00 Uncommon trap: trap_request=0xffffffbe fr.pc=0x000001651f81c040 relative=0x0000000000000500
Event: 15984.743 Thread 0x000001653e014f00 Uncommon trap: reason=profile_predicate action=maybe_recompile pc=0x000001651f81c040 method=jdk.internal.jrtfs.JrtPath.normalize(Ljava/lang/String;)Ljava/lang/String; @ 17 c2
Event: 15984.743 Thread 0x000001653e014f00 DEOPT PACKING pc=0x000001651f81c040 sp=0x0000002f1f1f84b0
Event: 15984.743 Thread 0x000001653e014f00 DEOPT UNPACKING pc=0x000001651c2746a2 sp=0x0000002f1f1f8420 mode 2
Event: 15984.826 Thread 0x000001653ee81d80 DEOPT PACKING pc=0x000001651837c9ef sp=0x0000002f1f2fc360
Event: 15984.826 Thread 0x000001653ee81d80 DEOPT UNPACKING pc=0x000001651c274e42 sp=0x0000002f1f2fb850 mode 0

Classes loaded (20 events):
Event: 359.524 Loading class java/lang/StackStreamFactory
Event: 359.526 Loading class java/lang/StackStreamFactory done
Event: 359.527 Loading class java/lang/StackWalker$ExtendedOption
Event: 359.527 Loading class java/lang/StackWalker$ExtendedOption done
Event: 359.527 Loading class java/lang/StackStreamFactory$StackFrameTraverser
Event: 359.528 Loading class java/lang/StackStreamFactory$StackFrameTraverser done
Event: 359.528 Loading class java/lang/StackStreamFactory$WalkerState
Event: 359.528 Loading class java/lang/StackStreamFactory$WalkerState done
Event: 359.529 Loading class java/lang/StackStreamFactory$StackFrameTraverser$StackFrameBuffer
Event: 359.529 Loading class java/lang/StackStreamFactory$FrameBuffer
Event: 359.530 Loading class java/lang/StackStreamFactory$FrameBuffer done
Event: 359.530 Loading class java/lang/StackStreamFactory$StackFrameTraverser$StackFrameBuffer done
Event: 359.530 Loading class java/util/logging/LogRecord
Event: 359.533 Loading class java/util/logging/LogRecord done
Event: 3939.481 Loading class sun/rmi/transport/ObjectTable$1
Event: 3939.809 Loading class sun/rmi/transport/ObjectTable$1 done
Event: 7418.414 Loading class jdk/internal/math/FormattedFPDecimal
Event: 7418.522 Loading class jdk/internal/math/FormattedFPDecimal done
Event: 7713.485 Loading class com/sun/org/apache/xerces/internal/xni/grammars/XMLGrammarPool
Event: 7713.491 Loading class com/sun/org/apache/xerces/internal/xni/grammars/XMLGrammarPool done

Classes unloaded (20 events):
Event: 15647.300 Thread 0x000001650f8ec020 Unloading class 0x00000008023e3770 'jdk/internal/jimage/ImageHeader'
Event: 15647.300 Thread 0x000001650f8ec020 Unloading class 0x00000008023e3508 'jdk/internal/jimage/BasicImageReader$2'
Event: 15647.300 Thread 0x000001650f8ec020 Unloading class 0x00000008023e32a0 'jdk/internal/jimage/BasicImageReader$1'
Event: 15647.300 Thread 0x000001650f8ec020 Unloading class 0x00000008023e3000 'jdk/internal/jimage/ImageReader$Resource'
Event: 15647.300 Thread 0x000001650f8ec020 Unloading class 0x00000008023e2d60 'jdk/internal/jimage/ImageReader$LinkNode'
Event: 15647.300 Thread 0x000001650f8ec020 Unloading class 0x00000008023e2ac0 'jdk/internal/jimage/ImageReader$Directory'
Event: 15647.300 Thread 0x000001650f8ec020 Unloading class 0x00000008023e2820 'jdk/internal/jimage/ImageReader$Node'
Event: 15647.300 Thread 0x000001650f8ec020 Unloading class 0x00000008023e25f0 'jdk/internal/jimage/ImageStrings'
Event: 15647.300 Thread 0x000001650f8ec020 Unloading class 0x00000008023e22f8 'jdk/internal/jimage/ImageReader$SharedImageReader'
Event: 15647.300 Thread 0x000001650f8ec020 Unloading class 0x00000008023e2000 'jdk/internal/jimage/BasicImageReader'
Event: 15647.300 Thread 0x000001650f8ec020 Unloading class 0x00000008023fdbd8 'jdk/internal/jimage/ImageReader'
Event: 15647.300 Thread 0x000001650f8ec020 Unloading class 0x00000008023fd978 'jdk/internal/jrtfs/SystemImage$2'
Event: 15647.300 Thread 0x000001650f8ec020 Unloading class 0x00000008023fd728 'jdk/internal/jrtfs/SystemImage$$Lambda+0x00000008023fd728'
Event: 15647.300 Thread 0x000001650f8ec020 Unloading class 0x00000008023fd4c0 'jdk/internal/jrtfs/ExplodedImage'
Event: 15647.300 Thread 0x000001650f8ec020 Unloading class 0x00000008023fd250 'jdk/internal/jrtfs/SystemImage$1'
Event: 15647.301 Thread 0x000001650f8ec020 Unloading class 0x00000008023fd000 'jdk/internal/jrtfs/SystemImage'
Event: 15647.301 Thread 0x000001650f8ec020 Unloading class 0x00000008023e9bb0 'jdk/internal/jrtfs/JrtFileStore'
Event: 15647.301 Thread 0x000001650f8ec020 Unloading class 0x00000008023e9800 'jdk/internal/jrtfs/JrtPath'
Event: 15647.301 Thread 0x000001650f8ec020 Unloading class 0x00000008023eab28 'jdk/internal/jrtfs/JrtFileSystem'
Event: 15647.301 Thread 0x000001650f8ec020 Unloading class 0x00000008023ea800 'jdk/internal/jrtfs/JrtFileSystemProvider'

Classes redefined (0 events):
No events

Internal exceptions (20 events):
Event: 16002.232 Thread 0x000001653e014f00 Exception <a 'sun/nio/fs/WindowsException'{0x00000007b9c7fe08}> (0x00000007b9c7fe08) 
thrown [s\src\hotspot\share\prims\jni.cpp, line 537]
Event: 16002.428 Thread 0x000001653e014f00 Exception <a 'sun/nio/fs/WindowsException'{0x00000007b9de16d8}> (0x00000007b9de16d8) 
thrown [s\src\hotspot\share\prims\jni.cpp, line 537]
Event: 16002.456 Thread 0x000001653e014f00 Exception <a 'sun/nio/fs/WindowsException'{0x00000007b9df2a48}> (0x00000007b9df2a48) 
thrown [s\src\hotspot\share\prims\jni.cpp, line 537]
Event: 16002.721 Thread 0x000001653e014f00 Exception <a 'sun/nio/fs/WindowsException'{0x00000007b969fef8}> (0x00000007b969fef8) 
thrown [s\src\hotspot\share\prims\jni.cpp, line 537]
Event: 16002.721 Thread 0x000001653e014f00 Exception <a 'sun/nio/fs/WindowsException'{0x00000007b96a1130}> (0x00000007b96a1130) 
thrown [s\src\hotspot\share\prims\jni.cpp, line 537]
Event: 16002.721 Thread 0x000001653e014f00 Exception <a 'sun/nio/fs/WindowsException'{0x00000007b96a12d0}> (0x00000007b96a12d0) 
thrown [s\src\hotspot\share\prims\jni.cpp, line 537]
Event: 16002.722 Thread 0x0000016547e01260 Exception <a 'sun/nio/fs/WindowsException'{0x00000007b9477a70}> (0x00000007b9477a70) 
thrown [s\src\hotspot\share\prims\jni.cpp, line 537]
Event: 16002.722 Thread 0x0000016547e01260 Exception <a 'sun/nio/fs/WindowsException'{0x00000007b9477d00}> (0x00000007b9477d00) 
thrown [s\src\hotspot\share\prims\jni.cpp, line 537]
Event: 16002.722 Thread 0x0000016547e01260 Exception <a 'sun/nio/fs/WindowsException'{0x00000007b9477f00}> (0x00000007b9477f00) 
thrown [s\src\hotspot\share\prims\jni.cpp, line 537]
Event: 16002.753 Thread 0x000001653e014f00 Exception <a 'sun/nio/fs/WindowsException'{0x00000007b9506a90}> (0x00000007b9506a90) 
thrown [s\src\hotspot\share\prims\jni.cpp, line 537]
Event: 16002.753 Thread 0x000001653e014f00 Exception <a 'sun/nio/fs/WindowsException'{0x00000007b9507cf8}> (0x00000007b9507cf8) 
thrown [s\src\hotspot\share\prims\jni.cpp, line 537]
Event: 16002.753 Thread 0x000001653e014f00 Exception <a 'sun/nio/fs/WindowsException'{0x00000007b9507ec8}> (0x00000007b9507ec8) 
thrown [s\src\hotspot\share\prims\jni.cpp, line 537]
Event: 16002.754 Thread 0x000001653c961d20 Exception <a 'sun/nio/fs/WindowsException'{0x00000007bc7c0718}> (0x00000007bc7c0718) 
thrown [s\src\hotspot\share\prims\jni.cpp, line 537]
Event: 16014.481 Thread 0x000001653e014f00 Exception <a 'sun/nio/fs/WindowsException'{0x00000007b8cb79c8}> (0x00000007b8cb79c8) 
thrown [s\src\hotspot\share\prims\jni.cpp, line 537]
Event: 16014.594 Thread 0x000001653e014f00 Exception <a 'sun/nio/fs/WindowsException'{0x00000007b8cb8c10}> (0x00000007b8cb8c10) 
thrown [s\src\hotspot\share\prims\jni.cpp, line 537]
Event: 16014.594 Thread 0x000001653e014f00 Exception <a 'sun/nio/fs/WindowsException'{0x00000007b8cb8dc0}> (0x00000007b8cb8dc0) 
thrown [s\src\hotspot\share\prims\jni.cpp, line 537]
Event: 16014.596 Thread 0x000001653c961d20 Exception <a 'sun/nio/fs/WindowsException'{0x00000007bc7c3400}> (0x00000007bc7c3400) 
thrown [s\src\hotspot\share\prims\jni.cpp, line 537]
Event: 16016.077 Thread 0x000001653ee81d80 Exception <a 'sun/nio/fs/WindowsException'{0x00000007b7b7fd68}> (0x00000007b7b7fd68) 
thrown [s\src\hotspot\share\prims\jni.cpp, line 537]
Event: 16016.105 Thread 0x000001653e014f00 Exception <a 'sun/nio/fs/WindowsException'{0x00000007b7895df0}> (0x00000007b7895df0) 
thrown [s\src\hotspot\share\prims\jni.cpp, line 537]
Event: 16016.457 Thread 0x000001653e015590 Exception <a 'sun/nio/fs/WindowsException'{0x00000007b72b5220}> (0x00000007b72b5220) 
thrown [s\src\hotspot\share\prims\jni.cpp, line 537]

ZGC Phase Switch (0 events):
No events

VM Operations (20 events):
Event: 15982.736 Executing VM operation: Cleanup
Event: 15982.739 Executing VM operation: Cleanup done
Event: 15984.258 Executing VM operation: G1CollectForAllocation (G1 Evacuation Pause)
Event: 15984.333 Executing VM operation: G1CollectForAllocation (G1 Evacuation Pause) done
Event: 15986.333 Executing VM operation: Cleanup
Event: 15986.333 Executing VM operation: Cleanup done
Event: 15993.335 Executing VM operation: Cleanup
Event: 15993.342 Executing VM operation: Cleanup done
Event: 15993.943 Executing VM operation: HandshakeAllThreads (HandshakeForDeflation)
Event: 15994.046 Executing VM operation: HandshakeAllThreads (HandshakeForDeflation) done
Event: 15994.057 Executing VM operation: RendezvousGCThreads
Event: 15994.057 Executing VM operation: RendezvousGCThreads done
Event: 15996.057 Executing VM operation: Cleanup
Event: 15996.062 Executing VM operation: Cleanup done
Event: 16000.063 Executing VM operation: Cleanup
Event: 16000.120 Executing VM operation: Cleanup done
Event: 16002.120 Executing VM operation: Cleanup
Event: 16002.127 Executing VM operation: Cleanup done
Event: 16003.127 Executing VM operation: Cleanup
Event: 16003.348 Executing VM operation: Cleanup done

Memory protections (0 events):
No events

Nmethod flushes (20 events):
Event: 15949.430 Thread 0x000001650f8ec020 flushing  nmethod 0x00000165189adf10
Event: 15949.430 Thread 0x000001650f8ec020 flushing  nmethod 0x00000165189b9e10
Event: 15949.430 Thread 0x000001650f8ec020 flushing  nmethod 0x00000165189d5690
Event: 15949.430 Thread 0x000001650f8ec020 flushing  nmethod 0x00000165189d6b10
Event: 15949.430 Thread 0x000001650f8ec020 flushing  nmethod 0x00000165189e3790
Event: 15949.430 Thread 0x000001650f8ec020 flushing  nmethod 0x0000016518a5ea10
Event: 15949.430 Thread 0x000001650f8ec020 flushing  nmethod 0x0000016518acf490
Event: 15949.430 Thread 0x000001650f8ec020 flushing  nmethod 0x0000016518ad4490
Event: 15949.431 Thread 0x000001650f8ec020 flushing  nmethod 0x0000016518bde990
Event: 15949.431 Thread 0x000001650f8ec020 flushing  nmethod 0x0000016518bf2b90
Event: 15949.431 Thread 0x000001650f8ec020 flushing  nmethod 0x0000016518d76190
Event: 15949.431 Thread 0x000001650f8ec020 flushing  nmethod 0x0000016518f2f610
Event: 15949.431 Thread 0x000001650f8ec020 flushing  nmethod 0x0000016518f33510
Event: 15949.431 Thread 0x000001650f8ec020 flushing  nmethod 0x0000016518fa9e10
Event: 15949.431 Thread 0x000001650f8ec020 flushing  nmethod 0x0000016518fadd10
Event: 15949.431 Thread 0x000001650f8ec020 flushing  nmethod 0x0000016518fb2a90
Event: 15949.432 Thread 0x000001650f8ec020 flushing  nmethod 0x0000016518fd3490
Event: 15949.432 Thread 0x000001650f8ec020 flushing  nmethod 0x0000016519058a10
Event: 15949.432 Thread 0x000001650f8ec020 flushing  nmethod 0x0000016519111f10
Event: 15949.432 Thread 0x000001650f8ec020 flushing  nmethod 0x000001651936e290

Events (20 events):
Event: 15966.825 Thread 0x0000016547e01260 Thread added: 0x0000016547e08880
Event: 15968.539 Thread 0x0000016547f61880 Thread added: 0x0000016546614aa0
Event: 15968.570 Thread 0x000001654037e460 Thread added: 0x0000016535d33150
Event: 15971.325 Thread 0x000001654037e460 Thread added: 0x0000016547e018f0
Event: 15971.327 Thread 0x000001654037e460 Thread added: 0x0000016547e01f80
Event: 15971.339 Thread 0x000001654037e460 Thread added: 0x0000016547e0a950
Event: 15976.803 Thread 0x0000016547e01260 Thread added: 0x0000016547e0d0b0
Event: 15976.815 Thread 0x000001654037e460 Thread added: 0x0000016535d34b90
Event: 15978.715 Thread 0x0000016547f61880 Thread added: 0x0000016547e0b670
Event: 15978.744 Thread 0x000001654037e460 Thread added: 0x0000016547e09c30
Event: 15980.896 Thread 0x0000016547e01260 Thread added: 0x0000016547e0eaf0
Event: 15980.988 Thread 0x000001654037e460 Thread added: 0x0000016546615130
Event: 15984.406 Thread 0x0000016547e0d0b0 Thread exited: 0x0000016547e0d0b0
Event: 15984.406 Thread 0x0000016547e08880 Thread exited: 0x0000016547e08880
Event: 15984.467 Thread 0x0000016546614aa0 Thread exited: 0x0000016546614aa0
Event: 15985.551 Thread 0x0000016545931e60 Thread added: 0x0000016546617f20
Event: 15985.560 Thread 0x000001654037e460 Thread added: 0x0000016546617890
Event: 15987.805 Thread 0x000001653c961d20 Thread added: 0x0000016547e0c390
Event: 16002.549 Thread 0x0000016545931e60 Thread added: 0x0000016546618c40
Event: 16005.084 Thread 0x0000016547e01260 Thread added: 0x0000016546617200


Dynamic libraries:
0x00007ff73afd0000 - 0x00007ff73afda000 	C:\Program Files\Android\Android Studio\jbr\bin\java.exe
0x00007ff94e580000 - 0x00007ff94e789000 	C:\Windows\SYSTEM32\ntdll.dll
0x00007ff94d130000 - 0x00007ff94d1ee000 	C:\Windows\System32\KERNEL32.DLL
0x00007ff94bee0000 - 0x00007ff94c25c000 	C:\Windows\System32\KERNELBASE.dll
0x00007ff94ba50000 - 0x00007ff94bb61000 	C:\Windows\System32\ucrtbase.dll
0x00007ff9480a0000 - 0x00007ff9480bb000 	C:\Program Files\Android\Android Studio\jbr\bin\VCRUNTIME140.dll
0x00007ff9480c0000 - 0x00007ff9480d8000 	C:\Program Files\Android\Android Studio\jbr\bin\jli.dll
0x00007ff94de50000 - 0x00007ff94dffd000 	C:\Windows\System32\USER32.dll
0x00007ff94c260000 - 0x00007ff94c286000 	C:\Windows\System32\win32u.dll
0x00007ff94c460000 - 0x00007ff94c489000 	C:\Windows\System32\GDI32.dll
0x00007ff94bb70000 - 0x00007ff94bc88000 	C:\Windows\System32\gdi32full.dll
0x00007ff94bd00000 - 0x00007ff94bd9d000 	C:\Windows\System32\msvcp_win.dll
0x00007ff9304f0000 - 0x00007ff930795000 	C:\Windows\WinSxS\amd64_microsoft.windows.common-controls_6595b64144ccf1df_6.0.22000.120_none_9d947278b86cc467\COMCTL32.dll
0x00007ff94d000000 - 0x00007ff94d0a3000 	C:\Windows\System32\msvcrt.dll
0x00007ff94c410000 - 0x00007ff94c441000 	C:\Windows\System32\IMM32.DLL
0x00007ff948090000 - 0x00007ff94809c000 	C:\Program Files\Android\Android Studio\jbr\bin\vcruntime140_1.dll
0x00007ff93ad40000 - 0x00007ff93adcd000 	C:\Program Files\Android\Android Studio\jbr\bin\msvcp140.dll
0x00007ff90b1e0000 - 0x00007ff90be76000 	C:\Program Files\Android\Android Studio\jbr\bin\server\jvm.dll
0x00007ff94d1f0000 - 0x00007ff94d29e000 	C:\Windows\System32\ADVAPI32.dll
0x00007ff94c490000 - 0x00007ff94c52e000 	C:\Windows\System32\sechost.dll
0x00007ff94dc80000 - 0x00007ff94dda0000 	C:\Windows\System32\RPCRT4.dll
0x00007ff94e4d0000 - 0x00007ff94e53f000 	C:\Windows\System32\WS2_32.dll
0x00007ff94b250000 - 0x00007ff94b29d000 	C:\Windows\SYSTEM32\POWRPROF.dll
0x00007ff93cad0000 - 0x00007ff93cb03000 	C:\Windows\SYSTEM32\WINMM.dll
0x00007ff944be0000 - 0x00007ff944bea000 	C:\Windows\SYSTEM32\VERSION.dll
0x00007ff94b0b0000 - 0x00007ff94b0c3000 	C:\Windows\SYSTEM32\UMPDC.dll
0x00007ff94aad0000 - 0x00007ff94aae8000 	C:\Windows\SYSTEM32\kernel.appcore.dll
0x00007ff948080000 - 0x00007ff94808a000 	C:\Program Files\Android\Android Studio\jbr\bin\jimage.dll
0x00007ff934c30000 - 0x00007ff934e51000 	C:\Windows\SYSTEM32\DBGHELP.DLL
0x00007ff933580000 - 0x00007ff9335b1000 	C:\Windows\SYSTEM32\dbgcore.DLL
0x00007ff94bda0000 - 0x00007ff94be1f000 	C:\Windows\System32\bcryptPrimitives.dll
0x00007ff93ad20000 - 0x00007ff93ad2e000 	C:\Program Files\Android\Android Studio\jbr\bin\instrument.dll
0x00007ff948060000 - 0x00007ff948080000 	C:\Program Files\Android\Android Studio\jbr\bin\java.dll
0x00007ff947fe0000 - 0x00007ff947ff8000 	C:\Program Files\Android\Android Studio\jbr\bin\zip.dll
0x00007ff94d2a0000 - 0x00007ff94da65000 	C:\Windows\System32\SHELL32.dll
0x00007ff949b40000 - 0x00007ff94a3a5000 	C:\Windows\SYSTEM32\windows.storage.dll
0x00007ff94e000000 - 0x00007ff94e376000 	C:\Windows\System32\combase.dll
0x00007ff9499d0000 - 0x00007ff949b36000 	C:\Windows\SYSTEM32\wintypes.dll
0x00007ff94cc00000 - 0x00007ff94ccea000 	C:\Windows\System32\SHCORE.dll
0x00007ff94c570000 - 0x00007ff94c5cd000 	C:\Windows\System32\shlwapi.dll
0x00007ff94b980000 - 0x00007ff94b9a1000 	C:\Windows\SYSTEM32\profapi.dll
0x00007ff947fd0000 - 0x00007ff947fe0000 	C:\Program Files\Android\Android Studio\jbr\bin\net.dll
0x00007ff946c70000 - 0x00007ff946d82000 	C:\Windows\SYSTEM32\WINHTTP.dll
0x00007ff94afe0000 - 0x00007ff94b047000 	C:\Windows\system32\mswsock.dll
0x00007ff947570000 - 0x00007ff947586000 	C:\Program Files\Android\Android Studio\jbr\bin\nio.dll
0x00007ff947fc0000 - 0x00007ff947fd0000 	C:\Program Files\Android\Android Studio\jbr\bin\verify.dll
0x00007ff93b510000 - 0x00007ff93b537000 	S:\gradle-home\native\c067742578af261105cb4f569cf0c3c89f3d7b1fecec35dd04571415982c5e48\windows-amd64\native-platform.dll
0x00007ff920090000 - 0x00007ff9201d4000 	S:\gradle-home\native\100fb08df4bc3b14c8652ba06237920a3bd2aa13389f12d3474272988ae205f9\windows-amd64\native-platform-file-events.dll
0x00007ff947560000 - 0x00007ff947569000 	C:\Program Files\Android\Android Studio\jbr\bin\management.dll
0x00007ff93b540000 - 0x00007ff93b54b000 	C:\Program Files\Android\Android Studio\jbr\bin\management_ext.dll
0x00007ff94c400000 - 0x00007ff94c408000 	C:\Windows\System32\PSAPI.DLL
0x00007ff94b2a0000 - 0x00007ff94b2b8000 	C:\Windows\SYSTEM32\CRYPTSP.dll
0x00007ff94aa30000 - 0x00007ff94aa65000 	C:\Windows\system32\rsaenh.dll
0x00007ff94b100000 - 0x00007ff94b129000 	C:\Windows\SYSTEM32\USERENV.dll
0x00007ff94b430000 - 0x00007ff94b457000 	C:\Windows\SYSTEM32\bcrypt.dll
0x00007ff94b2c0000 - 0x00007ff94b2cc000 	C:\Windows\SYSTEM32\CRYPTBASE.dll
0x00007ff94a600000 - 0x00007ff94a62d000 	C:\Windows\SYSTEM32\IPHLPAPI.DLL
0x00007ff94cff0000 - 0x00007ff94cff9000 	C:\Windows\System32\NSI.dll
0x00007ff93ad30000 - 0x00007ff93ad39000 	C:\Program Files\Android\Android Studio\jbr\bin\extnet.dll
0x00007ff9235a0000 - 0x00007ff9235a8000 	C:\Windows\system32\wshunix.dll
0x00007ff924b20000 - 0x00007ff924b37000 	C:\Windows\system32\napinsp.dll
0x00007ff924920000 - 0x00007ff92493b000 	C:\Windows\system32\pnrpnsp.dll
0x00007ff94a630000 - 0x00007ff94a718000 	C:\Windows\SYSTEM32\DNSAPI.dll
0x00007ff924900000 - 0x00007ff924912000 	C:\Windows\System32\winrnr.dll
0x00007ff93b9b0000 - 0x00007ff93b9c5000 	C:\Windows\system32\wshbth.dll
0x00007ff9248e0000 - 0x00007ff9248ff000 	C:\Windows\system32\nlansp_c.dll
0x0000000075200000 - 0x0000000075226000 	C:\Program Files\Bonjour\mdnsNSP.dll
0x00007ff93ad00000 - 0x00007ff93ad0a000 	C:\Windows\System32\rasadhlp.dll
0x00007ff944af0000 - 0x00007ff944b71000 	C:\Windows\System32\fwpuclnt.dll
0x00007ff94aaf0000 - 0x00007ff94ab24000 	C:\Windows\SYSTEM32\ntmarta.dll
0x00007ff948050000 - 0x00007ff948057000 	C:\Program Files\Android\Android Studio\jbr\bin\rmi.dll

JVMTI agents:
S:\gradle-home\wrapper\dists\gradle-8.11.1-all\2qik7nd48slq1ooc2496ixf4i\gradle-8.11.1\lib\agents\gradle-instrumentation-agent-8.11.1.jar path:C:\Program Files\Android\Android Studio\jbr\bin\instrument.dll, loaded, initialized, instrumentlib options:none

dbghelp: loaded successfully - version: 4.0.5 - missing functions: none
symbol engine: initialized successfully - sym options: 0x614 - pdb path: .;C:\Program Files\Android\Android Studio\jbr\bin;C:\Windows\SYSTEM32;C:\Windows\WinSxS\amd64_microsoft.windows.common-controls_6595b64144ccf1df_6.0.22000.120_none_9d947278b86cc467;C:\Program Files\Android\Android Studio\jbr\bin\server;S:\gradle-home\native\c067742578af261105cb4f569cf0c3c89f3d7b1fecec35dd04571415982c5e48\windows-amd64;S:\gradle-home\native\100fb08df4bc3b14c8652ba06237920a3bd2aa13389f12d3474272988ae205f9\windows-amd64;C:\Program Files\Bonjour

VM Arguments:
jvm_args: --add-opens=java.base/java.lang=ALL-UNNAMED --add-opens=java.base/java.lang.invoke=ALL-UNNAMED --add-opens=java.base/java.util=ALL-UNNAMED --add-opens=java.prefs/java.util.prefs=ALL-UNNAMED --add-exports=jdk.compiler/com.sun.tools.javac.api=ALL-UNNAMED --add-exports=jdk.compiler/com.sun.tools.javac.util=ALL-UNNAMED --add-opens=java.base/java.util=ALL-UNNAMED --add-opens=java.prefs/java.util.prefs=ALL-UNNAMED --add-opens=java.base/java.nio.charset=ALL-UNNAMED --add-opens=java.base/java.net=ALL-UNNAMED --add-opens=java.base/java.util.concurrent.atomic=ALL-UNNAMED --add-opens=java.xml/javax.xml.namespace=ALL-UNNAMED -XX:MaxMetaspaceSize=1024m -Xmx4096m -Dfile.encoding=UTF-8 -Duser.country=TT -Duser.language=en -Duser.variant -javaagent:S:\gradle-home\wrapper\dists\gradle-8.11.1-all\2qik7nd48slq1ooc2496ixf4i\gradle-8.11.1\lib\agents\gradle-instrumentation-agent-8.11.1.jar 
java_command: org.gradle.launcher.daemon.bootstrap.GradleDaemon 8.11.1
java_class_path (initial): S:\gradle-home\wrapper\dists\gradle-8.11.1-all\2qik7nd48slq1ooc2496ixf4i\gradle-8.11.1\lib\gradle-daemon-main-8.11.1.jar
Launcher Type: SUN_STANDARD

[Global flags]
     intx CICompilerCount                          = 3                                         {product} {ergonomic}
   size_t CompressedClassSpaceSize                 = 872415232                                 {product} {ergonomic}
     uint ConcGCThreads                            = 1                                         {product} {ergonomic}
     uint G1ConcRefinementThreads                  = 4                                         {product} {ergonomic}
   size_t G1HeapRegionSize                         = 2097152                                   {product} {ergonomic}
    uintx GCDrainStackTargetSize                   = 64                                        {product} {ergonomic}
   size_t InitialHeapSize                          = 130023424                                 {product} {ergonomic}
   size_t MarkStackSize                            = 4194304                                   {product} {ergonomic}
   size_t MaxHeapSize                              = 4294967296                                {product} {command line}
   size_t MaxMetaspaceSize                         = 1073741824                                {product} {command line}
   size_t MaxNewSize                               = 2575302656                                {product} {ergonomic}
   size_t MinHeapDeltaBytes                        = 2097152                                   {product} {ergonomic}
   size_t MinHeapSize                              = 8388608                                   {product} {ergonomic}
    uintx NonNMethodCodeHeapSize                   = 5832780                                {pd product} {ergonomic}
    uintx NonProfiledCodeHeapSize                  = 122912730                              {pd product} {ergonomic}
    uintx ProfiledCodeHeapSize                     = 122912730                              {pd product} {ergonomic}
    uintx ReservedCodeCacheSize                    = 251658240                              {pd product} {ergonomic}
     bool SegmentedCodeCache                       = true                                      {product} {ergonomic}
   size_t SoftMaxHeapSize                          = 4294967296                             {manageable} {ergonomic}
     bool UseCompressedOops                        = true                           {product lp64_product} {ergonomic}
     bool UseG1GC                                  = true                                      {product} {ergonomic}
     bool UseLargePagesIndividualAllocation        = false                                  {pd product} {ergonomic}

Logging:
Log output configuration:
 #0: stdout all=warning uptime,level,tags foldmultilines=false
 #1: stderr all=off uptime,level,tags foldmultilines=false

Environment Variables:
JAVA_HOME=C:\Program Files\Android\Android Studio\jbr
CLASSPATH=S:\dev\CaribTap\flutter-ulistings-app\flutter_universal_listings\android\\gradle\wrapper\gradle-wrapper.jar
PATH=C:\Program Files\Android\Android Studio\jbr\bin;C:\Program Files\Common Files\Oracle\Java\javapath;C:\Program Files\Common Files\Oracle\Java\javapath;C:\Program Files\Common Files\Oracle\Java\javapath;C:\Program Files\Common Files\Oracle\Java\javapath;C:\Program Files\Common Files\Oracle\Java\javapath;C:\Program Files\Common Files\Oracle\Java\javapath;C:\Program Files\Common Files\Oracle\Java\javapath;C:\Program Files\Common Files\Oracle\Java\javapath;C:\Program Files\Common Files\Oracle\Java\javapath;C:\Program Files\Common Files\Oracle\Java\javapath;C:\Program Files\Common Files\Oracle\Java\javapath;C:\Program Files\Common Files\Oracle\Java\javapath;C:\Program Files\Common Files\Oracle\Java\javapath;C:\Program Files\Common Files\Oracle\Java\javapath;C:\Program Files\Common Files\Oracle\Java\javapath;C:\Program Files\Common Files\Oracle\Java\javapath;C:\Program Files\Common Files\Oracle\Java\javapath;C:\Program Files\Common Files\Oracle\Java\javapath;C:\Windows\System32;C:\Program Files\Android\Android Studio\jbr\bin;C:\Users\Experimental\AppData\Local\Microsoft\WindowsApps;S:\flutter\bin;C:\Program Files\Android\Android Studio\jbr\bin;C:\Users\Experimental\AppData\Local\Microsoft\WindowsApps;S:\flutter\bin;C:\Windows\System32;C:\Program Files\Git\cmd;C:\Program Files\Android\Android Studio\jbr\bin;C:\Users\Experimental\AppData\Local\Microsoft\WindowsApps;S:\flutter\bin;C:\Program Files\Android\Android Studio\jbr\bin;C:\Users\Experimental\AppData\Local\Microsoft\WindowsApps;S:\flutter\bin;C:\Windows\System32;C:\Program Files\Git\cmd;C:\Program Files\Android\Android Studio\jbr\bin;C:\Users\Experimental\AppData\Local\Microsoft\WindowsApps;S:\flutter\bin;C:\Program Files\Android\Android Studio\jbr\bin;C:\Users\Experimental\AppData\Local\Microsoft\WindowsApps;S:\flutter\bin;C:\Windows\System32;C:\Program Files\Git\cmd;C:\Windows\System32;C:\Windows\System32\WindowsPowerShell\v1.0\;%NVM_HOME%;%NVM_SYMLINK%;C:\Program Files\nodejs\;C:\Program Files\Android\Android Studio\jbr\bin;C:\Users\Experimental\AppData\Local\Microsoft\WindowsApps;S:\flutter\bin;C:\Program Files\Android\Android Studio\jbr\bin;C:\Users\Experimental\AppData\Local\Microsoft\WindowsApps;S:\flutter\bin;C:\Windows\System32;C:\Program Files\Git\cmd;C:\Program Files\Android\Android Studio\jbr\bin;C:\Users\Experimental\AppData\Local\Microsoft\WindowsApps;S:\flutter\bin;C:\Program Files\Android\Android Studio\jbr\bin;C:\Users\Experimental\AppData\Local\Microsoft\WindowsApps;S:\flutter\bin;C:\Windows\System32;C:\Program Files\Git\cmd;C:\Program Files\Android\Android Studio\jbr\bin;C:\Users\Experimental\AppData\Local\Microsoft\WindowsApps;S:\flutter\bin;C:\Program Files\Android\Android Studio\jbr\bin;C:\Users\Experimental\AppData\Local\Microsoft\WindowsApps;S:\flutter\bin;C:\Windows\System32;C:\Program Files\Git\cmd;C:\Windows\System32;C:\Windows\System32\WindowsPowerShell\v1.0\;C:\Users\Experimental\AppData\Local\nvm;C:\nvm4w\nodejs;C:\Program Files\nodejs\;C:\Program Files\Android\Android Studio\jbr\bin;C:\Users\Experimental\AppData\Local\Microsoft\WindowsApps;S:\flutter\bin;C:\Program Files\Android\Android Studio\jbr\bin;C:\Users\Experimental\AppData\Local\Microsoft\WindowsApps;S:\flutter\bin;C:\Windows\System32;C:\Program Files\Git\cmd;C:\Program Files\Android\Android Studio\jbr\bin;C:\Users\Experimental\AppData\Local\Microsoft\WindowsApps;S:\flutter\bin;C:\Program Files\Android\Android Studio\jbr\bin;C:\Users\Experimental\AppData\Local\Microsoft\WindowsApps;S:\flutter\bin;C:\Windows\System32;C:\Program Files\Git\cmd;C:\Program Files\Android\Android Studio\jbr\bin;C:\Users\Experimental\AppData\Local\Microsoft\WindowsApps;S:\flutter\bin;C:\Program Files\Android\Android Studio\jbr\bin;C:\Users\Experimental\AppData\Local\Microsoft\WindowsApps;S:\flutter\bin;C:\Windows\System32;C:\Program Files\Git\cmd;C:\Windows\System32;C:\Windows\System32\WindowsPowerShell\v1.0\;C:\Users\Experimental\AppData\Local\nvm;C:\nvm4w\nodejs;C:\Program Files\nodejs\;C:\Windows\System32;C:\Windows;C:\Windows\System32\Wbem;C:\Windows\System32\WindowsPowerShell\v1.0\;S:\flutter\bin;C:\Program Files\Git\cmd;C:\Program Files\Android\Android Studio\jbr\bin;C:\Users\Experimental\AppData\Local\Microsoft\WindowsApps;C:\Users\Experimental\AppData\Local\Android\Sdk\platform-tools;C:\Users\Experimental\AppData\Local\Programs\Microsoft VS Code\bin;C:\Users\Experimental\AppData\Local\nvm;C:\nvm4w\nodejs;C:\Users\Experimental\AppData\Roaming\npm;S:\flutter\bin\mingit\cmd
USERNAME=Experimental
OS=Windows_NT
PROCESSOR_IDENTIFIER=Intel64 Family 6 Model 94 Stepping 3, GenuineIntel
TMP=C:\Users\EXPERI~1\AppData\Local\Temp
TEMP=C:\Users\EXPERI~1\AppData\Local\Temp




Periodic native trim disabled

JNI global refs:
JNI global refs: 27, weak refs: 0

JNI global refs memory usage: 835, weak refs: 1025

Process memory usage:
Resident Set Size: 281372K (3% of 8054368K total physical memory with 481680K free physical memory)

OOME stack traces (most recent first):
Classloader memory used:
